Experimental outputs:13.4297520661,51.9507415467
Desired outputs:5.0,25.0
orifice_size,aspect_ratio,expansion_ratio,normalized_orifice_length,normalized_water_inlet,normalized_oil_inlet,flow_rate_ratio,capillary_number,regime,generation_rate,droplet_size,cost_function
75.0,1.0,2.0,1.0,2.0,2.0,22.0,0.03304800000000002,1,21.291363,49.707874,1.1000187932137873
75.0,0.9928592511887098,2.0,1.0,2.0,2.0,22.0,0.03304800000000002,1,21.73902,49.634644,1.0939481137340492
75.0,0.9857185023774194,2.0,1.0,2.0,2.0,22.0,0.03304800000000002,1,22.186787,49.561424,1.0880747011643002
75.0,0.9785777535661292,2.0,1.0,2.0,2.0,22.0,0.03304800000000002,1,22.6345,49.488186,1.0823893043765211
75.0,0.9714370047548389,2.0,1.0,2.0,2.0,22.0,0.03304800000000002,1,23.082226,49.41496,1.0768834858571426
75.0,0.9642962559435486,2.0,1.0,2.0,2.0,22.0,0.03304800000000002,1,23.529964,49.341732,1.0715487692414347
75.0,0.9571555071322584,2.0,1.0,2.0,2.0,22.0,0.03304800000000002,1,23.977655,49.2685,1.06637753069072
75.0,0.9500147583209682,2.0,1.0,2.0,2.0,22.0,0.03304800000000002,1,24.425426,49.19527,1.0613622095856385
75.0,0.9428740095096777,2.0,1.0,2.0,2.0,22.0,0.03304800000000002,1,24.87313,49.122047,1.056496537625618
75.0,0.9357332606983875,2.0,1.0,2.0,2.0,22.0,0.03304800000000002,1,25.374353,49.048817,1.0516713594602
75.0,0.9285925118870972,2.0,1.0,2.0,2.0,22.0,0.03304800000000002,1,26.011852,48.97559,1.0468078168978021
75.0,0.921451763075807,2.0,1.0,2.0,2.0,22.0,0.03304800000000002,1,26.649405,48.90236,1.0422004867527774
75.0,0.921451763075807,2.0,1.0,2.0,2.0,22.0,0.02980251224520919,1,23.632954,49.83018,1.0377827486071687
75.0,0.9143110142645168,2.0,1.0,2.0,2.0,22.0,0.02980251224520919,1,24.174212,49.756958,1.0327255581275372
75.0,0.9143110142645168,2.0,1.0,2.0,2.0,22.0,0.026557024490418357,1,21.497246,50.68478,1.027356568981365
75.0,0.9143110142645168,2.0,1.0,2.0,2.0,22.0,0.023311536735627525,1,18.913826,51.612606,1.021641246422638
75.0,0.9143110142645168,2.0,1.0,2.0,2.0,22.0,0.020066048980836693,1,17.010231,52.540436,1.0107394903576914
75.0,0.9143110142645168,2.0,1.0,2.0,2.0,22.0,0.01682056122604586,1,16.016745,53.46826,0.9890018684732993
75.0,0.9143110142645168,2.0,1.0,2.0,2.0,22.0,0.013575073471255028,1,15.740037,54.408443,0.9549773212010283
75.0,0.9143110142645168,2.0,1.0,2.0,2.0,22.0,0.010329585716464196,1,15.469259,55.409813,0.9117784471813766
75.0,0.9143110142645168,2.0,1.0,2.0,2.0,22.0,0.0070840979616733635,1,15.19847,56.41118,0.8519514220651175
75.0,0.9143110142645168,2.0,1.0,2.0,2.0,22.0,0.003838610206882531,1,14.927696,57.412525,0.8133967131217376
75.35881378693341,0.9143110142645168,2.0,1.0,2.0,2.0,22.0,0.003838610206882531,1,14.823411,57.267376,0.8064978795250114
75.7176275738668,0.9143110142645168,2.0,1.0,2.0,2.0,22.0,0.003838610206882531,1,14.719148,57.122234,0.7995834631575117
76.0764413608002,0.9143110142645168,2.0,1.0,2.0,2.0,22.0,0.003838610206882531,1,14.614873,56.97708,0.7926520624500629
76.43525514773361,0.9143110142645168,2.0,1.0,2.0,2.0,22.0,0.003838610206882531,1,14.514482,56.831944,0.7857876849369185
76.79406893466702,0.9143110142645168,2.0,1.0,2.0,2.0,22.0,0.003838610206882531,1,14.4147,56.686787,0.7789201560243509
77.15288272160043,0.9143110142645168,2.0,1.0,2.0,2.0,22.0,0.003838610206882531,1,14.31491,56.541637,0.7720365882571609
77.51169650853383,0.9143110142645168,2.0,1.0,2.0,2.0,22.0,0.003838610206882531,1,14.215123,56.42015,0.7656412913326469
77.87051029546724,0.9143110142645168,2.0,1.0,2.0,2.0,22.0,0.003838610206882531,1,14.115344,56.31167,0.7595068281304117
78.22932408240064,0.9143110142645168,2.0,1.0,2.0,2.0,22.0,0.003838610206882531,1,14.015553,56.20318,0.7533550429277419
78.58813786933405,0.9143110142645168,2.0,1.0,2.0,2.0,22.0,0.003838610206882531,1,13.915766,56.094696,0.7502563641195988
78.58813786933405,0.9143110142645168,2.0,1.0,2.0,2.0,22.05361067040206,0.003838610206882531,1,13.950958,55.987362,0.7474231301497813
78.58813786933405,0.9143110142645168,2.0,1.0,2.0,2.0,22.107221340804113,0.003838610206882531,1,13.986137,55.880016,0.7450478224920732
78.58813786933405,0.9143110142645168,1.9858991974448772,1.0,2.0,2.0,22.107221340804113,0.003838610206882531,1,13.967029,55.83796,0.7437557456815072
78.58813786933405,0.9143110142645168,1.9858991974448772,1.0,2.0,2.0,22.16083201120617,0.003838610206882531,1,14.002218,55.730618,0.7426508740262397
78.94695165626746,0.9143110142645168,1.9858991974448772,1.0,2.0,2.0,22.16083201120617,0.003838610206882531,1,13.90244,55.622128,0.7405486757124834
78.94695165626746,0.9143110142645168,1.9858991974448772,1.0,2.0,2.0,22.214442681608226,0.003838610206882531,1,13.937611,55.514793,0.7377174019577225
78.94695165626746,0.9143110142645168,1.9858991974448772,1.0,2.0,2.0,22.268053352010284,0.003838610206882531,1,13.972797,55.40746,0.7348896953563593
78.94695165626746,0.9143110142645168,1.9858991974448772,1.0,2.0,2.0,22.321664022412342,0.003838610206882531,1,14.007995,55.30012,0.7332671442320383
79.30576544320087,0.9143110142645168,1.9858991974448772,1.0,2.0,2.0,22.321664022412342,0.003838610206882531,1,13.9082,55.19163,0.7316791115323411
79.30576544320087,0.9071702654532263,1.9858991974448772,1.0,2.0,2.0,22.321664022412342,0.003838610206882531,1,13.988253,55.118404,0.7287341876923875
79.30576544320087,0.9071702654532263,1.9717983948897544,1.0,2.0,2.0,22.321664022412342,0.003838610206882531,1,13.969161,55.076336,0.7276318336095874
79.30576544320087,0.9071702654532263,1.9717983948897544,1.0,2.0,2.0,22.375274692814397,0.003838610206882531,1,14.004345,54.968998,0.7263332902083653
79.66457923013427,0.9071702654532263,1.9717983948897544,1.0,2.0,2.0,22.375274692814397,0.003838610206882531,1,13.9045515,54.86051,0.7244146981141084
79.66457923013427,0.9071702654532263,1.9717983948897544,1.0,2.0,2.0,22.428885363216455,0.003838610206882531,1,13.939738,54.753174,0.7215873396778661
79.66457923013427,0.9071702654532263,1.9717983948897544,1.0,2.0,2.0,22.48249603361851,0.003838610206882531,1,13.974917,54.64584,0.7187636723493124
79.66457923013427,0.9071702654532263,1.9717983948897544,1.0,2.0,2.0,22.53610670402057,0.003838610206882531,1,14.010102,54.538494,0.7169512562930994
80.02339301706766,0.9071702654532263,1.9717983948897544,1.0,2.0,2.0,22.53610670402057,0.003838610206882531,1,13.910315,54.43001,0.7155428713696736
80.02339301706766,0.9000295166419361,1.9717983948897544,1.0,2.0,2.0,22.53610670402057,0.003838610206882531,1,13.990388,54.35679,0.7124446042728314
80.02339301706766,0.9000295166419361,1.9717983948897544,1.0,2.0,2.0,22.589717374422627,0.003838610206882531,1,14.02556,54.249454,0.7113617425397863
80.38220680400107,0.9000295166419361,1.9717983948897544,1.0,2.0,2.0,22.589717374422627,0.003838610206882531,1,13.925778,54.14097,0.7090929630079356
80.38220680400107,0.9000295166419361,1.9717983948897544,1.0,2.0,2.0,22.64332804482468,0.003838610206882531,1,13.960962,54.033627,0.706270558248874
80.38220680400107,0.9000295166419361,1.9717983948897544,1.0,2.0,2.0,22.696938715226736,0.003838610206882531,1,13.9961405,53.926285,0.7034517176737473
80.38220680400107,0.9000295166419361,1.9717983948897544,1.0,2.0,2.0,22.750549385628794,0.003838610206882531,1,14.031322,53.81896,0.7019822396598694
80.74102059093448,0.9000295166419361,1.9717983948897544,1.0,2.0,2.0,22.750549385628794,0.003838610206882531,1,13.931543,53.710472,0.7002190409624502
80.74102059093448,0.9000295166419361,1.9717983948897544,1.0,2.0,2.0,22.804160056030852,0.003838610206882531,1,13.966723,53.603134,0.6973994897045578
80.74102059093448,0.9000295166419361,1.9717983948897544,1.0,2.0,2.0,22.857770726432907,0.003838610206882531,1,14.00191,53.495792,0.6945833590753199
80.74102059093448,0.9000295166419361,1.9717983948897544,1.0,2.0,2.0,22.911381396834965,0.003838610206882531,1,14.03709,53.38846,0.6926008746546739
80.74102059093448,0.9000295166419361,1.9576975923346316,1.0,2.0,2.0,22.911381396834965,0.003838610206882531,1,14.017984,53.346386,0.691278237760565
80.74102059093448,0.9000295166419361,1.9435967897795083,1.0,2.0,2.0,22.911381396834965,0.003838610206882531,1,13.998892,53.30432,0.6900936976630042
80.74102059093448,0.9000295166419361,1.9435967897795083,1.0,2.0,2.0,22.96499206723702,0.003838610206882531,1,14.034072,53.196976,0.688865730465729
81.0998343778679,0.9000295166419361,1.9435967897795083,1.0,2.0,2.0,22.96499206723702,0.003838610206882531,1,13.934286,53.088493,0.6868569898697923
81.0998343778679,0.9000295166419361,1.9435967897795083,1.0,2.0,2.0,23.01860273763908,0.003838610206882531,1,13.969469,52.98115,0.6840415516280559
81.0998343778679,0.9000295166419361,1.9435967897795083,1.0,2.0,2.0,23.072213408041137,0.003838610206882531,1,14.00466,52.873817,0.6812297430007422
81.0998343778679,0.9000295166419361,1.9435967897795083,1.0,2.0,2.0,23.12582407844319,0.003838610206882531,1,14.039839,52.76648,0.6794798231822934
81.45864816480129,0.9000295166419361,1.9435967897795083,1.0,2.0,2.0,23.12582407844319,0.003838610206882531,1,13.940055,52.658,0.6779898206463605
81.45864816480129,0.8928887678306459,1.9435967897795083,1.0,2.0,2.0,23.12582407844319,0.003838610206882531,1,14.020113,52.584766,0.6750126818456839
81.45864816480129,0.8928887678306459,1.9435967897795083,1.0,2.0,2.0,23.179434748845246,0.003838610206882531,1,14.055295,52.47743,0.6739181685655827
81.81746195173469,0.8928887678306459,1.9435967897795083,1.0,2.0,2.0,23.179434748845246,0.003838610206882531,1,13.955509,52.36894,0.6715115228221786
81.81746195173469,0.8928887678306459,1.9435967897795083,1.0,2.0,2.0,23.233045419247304,0.003838610206882531,1,13.990693,52.26161,0.6687011781064575
81.81746195173469,0.8928887678306459,1.9435967897795083,1.0,2.0,2.0,23.286656089649362,0.003838610206882531,1,14.0258665,52.154278,0.6658943189779408
81.81746195173469,0.8928887678306459,1.9435967897795083,1.0,2.0,2.0,23.34026676005142,0.003838610206882531,1,14.061054,52.046932,0.6645344910891547
82.1762757386681,0.8928887678306459,1.9435967897795083,1.0,2.0,2.0,23.34026676005142,0.003838610206882531,1,13.961265,51.93845,0.6626421836923143
82.1762757386681,0.8928887678306459,1.9435967897795083,1.0,2.0,2.0,23.393877430453475,0.003838610206882531,1,13.996454,51.831112,0.6598342663315762
82.1762757386681,0.8928887678306459,1.9435967897795083,1.0,2.0,2.0,23.44748810085553,0.003838610206882531,1,14.031634,51.723774,0.6570298103312052
82.1762757386681,0.8928887678306459,1.9435967897795083,1.0,2.0,2.0,23.50109877125759,0.003838610206882531,1,14.066814,51.616436,0.6551490770759202
82.5350895256015,0.8928887678306459,1.9435967897795083,1.0,2.0,2.0,23.50109877125759,0.003838610206882531,1,13.967033,51.50795,0.6537743785112834
82.5350895256015,0.8857480190193556,1.9435967897795083,1.0,2.0,2.0,23.50109877125759,0.003838610206882531,1,14.0470915,51.43472,0.6507142103613848
82.5350895256015,0.8857480190193556,1.9435967897795083,1.0,2.0,2.0,23.554709441659647,0.003838610206882531,1,14.082272,51.32739,0.6496124729433613
82.89390331253492,0.8857480190193556,1.9435967897795083,1.0,2.0,2.0,23.554709441659647,0.003838610206882531,1,13.982491,51.218906,0.6472716024110167
82.89390331253492,0.8857480190193556,1.9435967897795083,1.0,2.0,2.0,23.6083201120617,0.003838610206882531,1,14.017671,51.11156,0.6444683182453892
82.89390331253492,0.8857480190193556,1.9435967897795083,1.0,2.0,2.0,23.661930782463756,0.003838610206882531,1,14.052856,51.004227,0.641668656164148
82.89390331253492,0.8857480190193556,1.9435967897795083,1.0,2.0,2.0,23.715541452865814,0.003838610206882531,1,14.0880375,50.896893,0.6402296006381417
83.25271709946831,0.8857480190193556,1.9435967897795083,1.0,2.0,2.0,23.715541452865814,0.003838610206882531,1,13.988246,50.788406,0.6384015264309717
83.25271709946831,0.8857480190193556,1.9435967897795083,1.0,2.0,2.0,23.769152123267872,0.003838610206882531,1,14.023436,50.681072,0.6356009793063336
83.25271709946831,0.8857480190193556,1.9435967897795083,1.0,2.0,2.0,23.82276279366993,0.003838610206882531,1,14.058617,50.573734,0.6328037523325161
83.25271709946831,0.8857480190193556,1.9435967897795083,1.0,2.0,2.0,23.876373464071985,0.003838610206882531,1,14.093805,50.466396,0.6308451020848215
83.25271709946831,0.8857480190193556,1.9294959872243855,1.0,2.0,2.0,23.876373464071985,0.003838610206882531,1,14.074703,50.424328,0.6295236067520682
83.25271709946831,0.8857480190193556,1.9153951846692627,1.0,2.0,2.0,23.876373464071985,0.003838610206882531,1,14.058544,50.38226,0.6283217992791394
83.25271709946831,0.8857480190193556,1.9153951846692627,1.0,2.0,2.0,23.92998413447404,0.003838610206882531,1,14.091143,50.274918,0.6271013498176222
83.61153088640171,0.8857480190193556,1.9153951846692627,1.0,2.0,2.0,23.92998413447404,0.003838610206882531,1,14.003913,50.16643,0.6250194885212743
83.61153088640171,0.8857480190193556,1.9153951846692627,1.0,2.0,2.0,23.9835948048761,0.003838610206882531,1,14.036493,50.059097,0.6222314715849026
83.61153088640171,0.8857480190193556,1.9153951846692627,1.0,2.0,2.0,24.037205475278157,0.003838610206882531,1,14.069084,49.951756,0.6194463410088086
83.61153088640171,0.8857480190193556,1.9153951846692627,1.0,2.0,2.0,24.09081614568021,0.003838610206882531,1,14.101679,49.84442,0.6178186436059075
83.97034467333512,0.8857480190193556,1.9153951846692627,1.0,2.0,2.0,24.09081614568021,0.003838610206882531,1,14.014438,49.73594,0.6161405969812902
83.97034467333512,0.8857480190193556,1.9153951846692627,1.0,2.0,2.0,24.14442681608227,0.003838610206882531,1,14.047031,49.6286,0.613355123939529
83.97034467333512,0.8857480190193556,1.9153951846692627,1.0,2.0,2.0,24.198037486484324,0.003838610206882531,1,14.079617,49.52127,0.6105729003824627
83.97034467333512,0.8857480190193556,1.9153951846692627,1.0,2.0,2.0,24.251648156886382,0.003838610206882531,1,14.112203,49.413933,0.6085342728762156
84.32915846026853,0.8857480190193556,1.9153951846692627,1.0,2.0,2.0,24.251648156886382,0.003838610206882531,1,14.024971,49.305443,0.6072632086553581
84.32915846026853,0.8786072702080652,1.9153951846692627,1.0,2.0,2.0,24.251648156886382,0.003838610206882531,1,14.101899,49.23221,0.6043538074924358
84.32915846026853,0.8786072702080652,1.90129438211414,1.0,2.0,2.0,24.251648156886382,0.003838610206882531,1,14.089393,49.19014,0.6031789552648813
84.32915846026853,0.8786072702080652,1.90129438211414,1.0,2.0,2.0,24.30525882728844,0.003838610206882531,1,14.121978,49.082806,0.6020058960569866
84.68797224720194,0.8786072702080652,1.90129438211414,1.0,2.0,2.0,24.30525882728844,0.003838610206882531,1,14.034758,48.974323,0.5998498319779476
84.68797224720194,0.8786072702080652,1.90129438211414,1.0,2.0,2.0,24.358869497690495,0.003838610206882531,1,14.067343,48.86698,0.5970687632705035
84.68797224720194,0.8786072702080652,1.90129438211414,1.0,2.0,2.0,24.41248016809255,0.003838610206882531,1,14.099932,48.759647,0.5942908740803051
84.68797224720194,0.8786072702080652,1.90129438211414,1.0,2.0,2.0,24.46609083849461,0.003838610206882531,1,14.132522,48.652306,0.5927241477424823
85.04678603413534,0.8786072702080652,1.90129438211414,1.0,2.0,2.0,24.46609083849461,0.003838610206882531,1,14.045294,48.54382,0.590969948310789
85.04678603413534,0.8786072702080652,1.90129438211414,1.0,2.0,2.0,24.519701508896667,0.003838610206882531,1,14.077881,48.436485,0.588191624220989
85.04678603413534,0.8786072702080652,1.90129438211414,1.0,2.0,2.0,24.573312179298725,0.003838610206882531,1,14.110473,48.32915,0.5854162941007391
85.04678603413534,0.8786072702080652,1.90129438211414,1.0,2.0,2.0,24.62692284970078,0.003838610206882531,1,14.14306,48.22181,0.5834408787347325
85.40559982106875,0.8786072702080652,1.90129438211414,1.0,2.0,2.0,24.62692284970078,0.003838610206882531,1,14.055823,48.113323,0.5820917799016249
85.40559982106875,0.8714665213967749,1.90129438211414,1.0,2.0,2.0,24.62692284970078,0.003838610206882531,1,14.132756,48.040092,0.5792917335821826
85.40559982106875,0.8714665213967749,1.90129438211414,1.0,2.0,2.0,24.680533520102834,0.003838610206882531,1,14.165339,47.93276,0.5781110892477278
85.76441360800214,0.8714665213967749,1.90129438211414,1.0,2.0,2.0,24.680533520102834,0.003838610206882531,1,14.078104,47.824276,0.5755128361312898
85.76441360800214,0.8714665213967749,1.90129438211414,1.0,2.0,2.0,24.734144190504892,0.003838610206882531,1,14.1107,47.716938,0.5727393916437434
85.76441360800214,0.8714665213967749,1.90129438211414,1.0,2.0,2.0,24.78775486090695,0.003838610206882531,1,14.143286,47.609604,0.5700133070169016
85.76441360800214,0.8714665213967749,1.90129438211414,1.0,2.0,2.0,24.841365531309005,0.003838610206882531,1,14.175874,47.502266,0.5688301821902777
86.12322739493555,0.8714665213967749,1.90129438211414,1.0,2.0,2.0,24.841365531309005,0.003838610206882531,1,14.088654,47.39378,0.5666323394761761
86.12322739493555,0.8714665213967749,1.90129438211414,1.0,2.0,2.0,24.89497620171106,0.003838610206882531,1,14.121232,47.28644,0.5638614580107549
86.12322739493555,0.8714665213967749,1.90129438211414,1.0,2.0,2.0,24.94858687211312,0.003838610206882531,1,14.153828,47.1791,0.5610933981934796
86.12322739493555,0.8714665213967749,1.90129438211414,1.0,2.0,2.0,25.002197542515177,0.003838610206882531,1,14.186417,47.071766,0.5595479001109099
86.48204118186896,0.8714665213967749,1.90129438211414,1.0,2.0,2.0,25.002197542515177,0.003838610206882531,1,14.09918,46.963276,0.5577532066058966
86.48204118186896,0.8714665213967749,1.90129438211414,1.0,2.0,2.0,25.055808212917235,0.003838610206882531,1,14.131769,46.85595,0.5549850156828886
86.48204118186896,0.8714665213967749,1.90129438211414,1.0,2.0,2.0,25.10941888331929,0.003838610206882531,1,14.164356,46.748615,0.5522196031104455
86.48204118186896,0.8714665213967749,1.90129438211414,1.0,2.0,2.0,25.163029553721344,0.003838610206882531,1,14.196954,46.64127,0.5502642128091073
86.84085496880238,0.8714665213967749,1.90129438211414,1.0,2.0,2.0,25.163029553721344,0.003838610206882531,1,14.109715,46.532787,0.5488757866873105
86.84085496880238,0.8714665213967749,1.90129438211414,1.0,2.0,2.0,25.216640224123402,0.003838610206882531,1,14.142302,46.425453,0.546109887954227
86.84085496880238,0.8714665213967749,1.90129438211414,1.0,2.0,2.0,25.27025089452546,0.003838610206882531,1,14.1749,46.318115,0.5433467878931072
86.84085496880238,0.8714665213967749,1.90129438211414,1.0,2.0,2.0,25.323861564927515,0.003838610206882531,1,14.207486,46.21078,0.5409792640131804
86.84085496880238,0.8714665213967749,1.90129438211414,1.0,2.0,2.0,25.377472235329574,0.003838610206882531,1,14.240077,46.103447,0.5397860794533133
87.19966875573577,0.8714665213967749,1.90129438211414,1.0,2.0,2.0,25.377472235329574,0.003838610206882531,1,14.165561,45.994953,0.5371982311059375
87.19966875573577,0.8714665213967749,1.90129438211414,1.0,2.0,2.0,25.43108290573163,0.003838610206882531,1,14.19813,45.88762,0.5344382975829061
87.19966875573577,0.8714665213967749,1.90129438211414,1.0,2.0,2.0,25.484693576133687,0.003838610206882531,1,14.230697,45.780285,0.5319731224547507
87.19966875573577,0.8714665213967749,1.90129438211414,1.0,2.0,2.0,25.538304246535738,0.003838610206882531,1,14.263251,45.672947,0.5307761044598661
87.55848254266917,0.8714665213967749,1.90129438211414,1.0,2.0,2.0,25.538304246535738,0.003838610206882531,1,14.201881,45.564457,0.5282499347222585
87.55848254266917,0.8714665213967749,1.90129438211414,1.0,2.0,2.0,25.591914916937796,0.003838610206882531,1,14.234449,45.45712,0.5254935012333765
87.55848254266917,0.8714665213967749,1.90129438211414,1.0,2.0,2.0,25.64552558733985,0.003838610206882531,1,14.2670145,45.34979,0.5232547309772703
87.55848254266917,0.8714665213967749,1.8871935795590171,1.0,2.0,2.0,25.64552558733985,0.003838610206882531,1,14.250821,45.307713,0.522000162774373
87.55848254266917,0.8714665213967749,1.8871935795590171,1.0,2.0,2.0,25.699136257741905,0.003838610206882531,1,14.283392,45.200375,0.5208007266924353
87.91729632960258,0.8714665213967749,1.8871935795590171,1.0,2.0,2.0,25.699136257741905,0.003838610206882531,1,14.222019,45.091892,0.5184538877462683
87.91729632960258,0.8714665213967749,1.8871935795590171,1.0,2.0,2.0,25.752746928143964,0.003838610206882531,1,14.254582,44.98456,0.5157003315334331
87.91729632960258,0.8714665213967749,1.8871935795590171,1.0,2.0,2.0,25.806357598546015,0.003838610206882531,1,14.287145,44.877216,0.5132802576568508
87.91729632960258,0.8714665213967749,1.8871935795590171,1.0,2.0,2.0,25.859968268948073,0.003838610206882531,1,14.319723,44.76988,0.5120774952493965
87.91729632960258,0.8714665213967749,1.8730927770038939,1.0,2.0,2.0,25.859968268948073,0.003838610206882531,1,14.303517,44.727814,0.510823897937316
87.91729632960258,0.8714665213967749,1.858991974448771,1.0,2.0,2.0,25.859968268948073,0.003838610206882531,1,14.287342,44.68574,0.5095705068307804
87.91729632960258,0.8714665213967749,1.8448911718936483,1.0,2.0,2.0,25.859968268948073,0.003838610206882531,1,14.271145,44.643673,0.5083164098865389
88.27611011653599,0.8714665213967749,1.8448911718936483,1.0,2.0,2.0,25.859968268948073,0.003838610206882531,1,14.209772,44.535183,0.5069595164433904
88.27611011653599,0.8643257725854847,1.8448911718936483,1.0,2.0,2.0,25.859968268948073,0.003838610206882531,1,14.296444,44.461964,0.505014213172847
88.27611011653599,0.8643257725854847,1.8307903693385255,1.0,2.0,2.0,25.859968268948073,0.003838610206882531,1,14.280255,44.41988,0.5037601566236448
88.27611011653599,0.8643257725854847,1.8166895667834027,1.0,2.0,2.0,25.859968268948073,0.003838610206882531,1,14.264068,44.37782,0.5025063049402143
88.27611011653599,0.8643257725854847,1.8025887642282794,1.0,2.0,2.0,25.859968268948073,0.003838610206882531,1,14.247877,44.33575,0.5012519224342502
88.27611011653599,0.8643257725854847,1.8025887642282794,1.0,2.0,2.0,25.913578939350128,0.003838610206882531,1,14.280444,44.228405,0.500049248356086
88.6349239034694,0.8643257725854847,1.8025887642282794,1.0,2.0,2.0,25.913578939350128,0.003838610206882531,1,14.219069,44.169914,0.4987545777835788
88.6349239034694,0.8643257725854847,1.7884879616731566,1.0,2.0,2.0,25.913578939350128,0.003838610206882531,1,14.202878,44.09264,0.49715426848877176
88.6349239034694,0.8571850237741945,1.7884879616731566,1.0,2.0,2.0,25.913578939350128,0.003838610206882531,1,14.28955,44.004623,0.49551090750165006
88.6349239034694,0.8571850237741945,1.7743871591180338,1.0,2.0,2.0,25.913578939350128,0.003838610206882531,1,14.273361,43.96255,0.4942571166515827
88.6349239034694,0.8571850237741945,1.760286356562911,1.0,2.0,2.0,25.913578939350128,0.003838610206882531,1,14.257173,43.920483,0.49300310282796755
88.6349239034694,0.8571850237741945,1.7461855540077882,1.0,2.0,2.0,25.913578939350128,0.003838610206882531,1,14.24099,43.878414,0.49174891024789924
88.9937376904028,0.8571850237741945,1.7461855540077882,1.0,2.0,2.0,25.913578939350128,0.003838610206882531,1,14.179611,43.76992,0.4903033512351692
88.9937376904028,0.850044274962904,1.7461855540077882,1.0,2.0,2.0,25.913578939350128,0.003838610206882531,1,14.26628,43.69669,0.48848294470686515
88.9937376904028,0.850044274962904,1.732084751452665,1.0,2.0,2.0,25.913578939350128,0.003838610206882531,1,14.250099,43.654625,0.48722906640927643
88.9937376904028,0.850044274962904,1.7179839488975421,1.0,2.0,2.0,25.913578939350128,0.003838610206882531,1,14.233912,43.612553,0.48597459388479525
88.9937376904028,0.850044274962904,1.7038831463424193,1.0,2.0,2.0,25.913578939350128,0.003838610206882531,1,14.217716,43.57048,0.48471960433146954
88.9937376904028,0.850044274962904,1.7038831463424193,1.0,2.0,2.0,25.967189609752182,0.003838610206882531,1,14.250284,43.463142,0.48351710464187214
89.35255147733619,0.850044274962904,1.7038831463424193,1.0,2.0,2.0,25.967189609752182,0.003838610206882531,1,14.188908,43.406357,0.4820991830803937
89.35255147733619,0.850044274962904,1.6897823437872965,1.0,2.0,2.0,25.967189609752182,0.003838610206882531,1,14.172724,43.329082,0.48049925353512835
89.35255147733619,0.8429035261516138,1.6897823437872965,1.0,2.0,2.0,25.967189609752182,0.003838610206882531,1,14.259387,43.239353,0.4790151541458344
89.35255147733619,0.8429035261516138,1.6897823437872965,1.0,2.0,1.9930676482676786,25.967189609752182,0.003838610206882531,1,14.139983,43.285084,0.47775995980322494
89.35255147733619,0.8429035261516138,1.6756815412321737,1.0,2.0,1.9930676482676786,25.967189609752182,0.003838610206882531,1,14.123789,43.243015,0.4768964006667683
89.35255147733619,0.8429035261516138,1.6756815412321737,1.0,2.0,1.9930676482676786,26.02080028015424,0.003838610206882531,1,14.15635,43.163723,0.47590138197669973
89.35255147733619,0.8429035261516138,1.6615807386770505,1.0,2.0,1.9930676482676786,26.02080028015424,0.003838610206882531,1,14.14016,43.093605,0.47404751820896984
89.35255147733619,0.8429035261516138,1.6474799361219277,1.0,2.0,1.9930676482676786,26.02080028015424,0.003838610206882531,1,14.123979,43.051537,0.4727916219226147
89.35255147733619,0.8429035261516138,1.6333791335668049,1.0,2.0,1.9930676482676786,26.02080028015424,0.003838610206882531,1,14.107779,43.009468,0.4715978435469256
89.35255147733619,0.8429035261516138,1.6333791335668049,1.0,2.0,1.9930676482676786,26.074410950556295,0.003838610206882531,1,14.140349,42.903843,0.47037096586898475
89.35255147733619,0.8429035261516138,1.619278331011682,1.0,2.0,1.9930676482676786,26.074410950556295,0.003838610206882531,1,14.12416,42.86006,0.46907850225963965
89.35255147733619,0.8429035261516138,1.6051775284565593,1.0,2.0,1.9930676482676786,26.074410950556295,0.003838610206882531,1,14.107982,42.817978,0.46782217645678503
89.35255147733619,0.8429035261516138,1.591076725901436,1.0,2.0,1.9930676482676786,26.074410950556295,0.003838610206882531,1,14.091788,42.775913,0.4665656069335966
89.35255147733619,0.8429035261516138,1.591076725901436,1.0,2.0,1.9930676482676786,26.12802162095835,0.003838610206882531,1,14.124355,42.668575,0.46536445212255695
89.35255147733619,0.8429035261516138,1.5769759233463132,1.0,2.0,1.9930676482676786,26.12802162095835,0.003838610206882531,1,14.108163,42.62651,0.46410835854609045
89.35255147733619,0.8429035261516138,1.5628751207911904,1.0,2.0,1.9930676482676786,26.12802162095835,0.003838610206882531,1,14.0919695,42.58444,0.4628517694458799
89.7113652642696,0.8429035261516138,1.5628751207911904,1.0,2.0,1.9930676482676786,26.12802162095835,0.003838610206882531,1,14.0306015,42.48708,0.4613884259499218
89.7113652642696,0.8357627773403236,1.5628751207911904,1.0,2.0,1.9930676482676786,26.12802162095835,0.003838610206882531,1,14.117274,42.402725,0.4596263421166681
89.7113652642696,0.8357627773403236,1.5487743182360676,1.0,2.0,1.9930676482676786,26.12802162095835,0.003838610206882531,1,14.10108,42.360645,0.4583697780815834
89.7113652642696,0.8357627773403236,1.5346735156809448,1.0,2.0,1.9930676482676786,26.12802162095835,0.003838610206882531,1,14.084892,42.31858,0.4571133756593817
89.7113652642696,0.8357627773403236,1.520572713125822,1.0,2.0,1.9930676482676786,26.12802162095835,0.003838610206882531,1,14.068704,42.276512,0.45585655805800473
90.07017905120301,0.8357627773403236,1.520572713125822,1.0,2.0,1.9930676482676786,26.12802162095835,0.003838610206882531,1,14.047761,42.16802,0.45443919953286505
90.07017905120301,0.8357627773403236,1.520572713125822,1.0,2.0,1.9930676482676786,26.18163229136041,0.003838610206882531,1,14.0805,42.129906,0.4531620765043709
90.07017905120301,0.8357627773403236,1.5064719105706987,1.0,2.0,1.9930676482676786,26.18163229136041,0.003838610206882531,1,14.085333,42.052628,0.451499789602938
90.07017905120301,0.8357627773403236,1.492371108015576,1.0,2.0,1.9930676482676786,26.18163229136041,0.003838610206882531,1,14.090159,41.97654,0.44986292764154723
90.07017905120301,0.8357627773403236,1.4782703054604531,1.0,2.0,1.9930676482676786,26.18163229136041,0.003838610206882531,1,14.094992,41.934475,0.4489515152928574
90.07017905120301,0.8357627773403236,1.4782703054604531,1.0,2.0,1.9930676482676786,26.23524296176246,0.003838610206882531,1,14.127734,41.86959,0.447800930290738
90.07017905120301,0.8357627773403236,1.4782703054604531,1.0072496535241324,2.0,1.9930676482676786,26.23524296176246,0.003838610206882531,1,14.096791,41.811222,0.44595452823711834
90.07017905120301,0.8357627773403236,1.4641695029053303,1.0072496535241324,2.0,1.9930676482676786,26.23524296176246,0.003838610206882531,1,14.10161,41.762165,0.4449304860194986
90.07017905120301,0.8357627773403236,1.4500687003502075,1.0072496535241324,2.0,1.9930676482676786,26.23524296176246,0.003838610206882531,1,14.106446,41.719128,0.44412026748647426
90.07017905120301,0.8357627773403236,1.4500687003502075,1.0072496535241324,2.0,1.9930676482676786,26.288853632164518,0.003838610206882531,1,14.139191,41.625607,0.4432150655888998
90.07017905120301,0.8357627773403236,1.4500687003502075,1.0144993070482646,2.0,1.9930676482676786,26.288853632164518,0.003838610206882531,1,14.108252,41.588806,0.44174418846275565
90.07017905120301,0.8357627773403236,1.4500687003502075,1.021748960572397,2.0,1.9930676482676786,26.288853632164518,0.003838610206882531,1,14.077301,41.56721,0.4405961252464333
90.07017905120301,0.8357627773403236,1.4359678977950843,1.021748960572397,2.0,1.9930676482676786,26.288853632164518,0.003838610206882531,1,14.0821295,41.524178,0.439785917198267
90.07017905120301,0.8357627773403236,1.4359678977950843,1.021748960572397,2.0,1.9930676482676786,26.342464302566572,0.003838610206882531,1,14.114873,41.415455,0.4385564588874482
90.07017905120301,0.8357627773403236,1.4359678977950843,1.0289986140965295,2.0,1.9930676482676786,26.342464302566572,0.003838610206882531,1,14.083935,41.393856,0.43740909859907884
90.07017905120301,0.8357627773403236,1.4359678977950843,1.0362482676206617,2.0,1.9930676482676786,26.342464302566572,0.003838610206882531,1,14.052984,41.37226,0.4362604016362134
90.07017905120301,0.8357627773403236,1.4359678977950843,1.0362482676206617,2.0,1.9930676482676786,26.396074972968627,0.003838610206882531,1,14.0857315,41.263546,0.43503131835859865
90.07017905120301,0.8357627773403236,1.4359678977950843,1.0434979211447941,2.0,1.9930676482676786,26.396074972968627,0.003838610206882531,1,14.054789,41.241955,0.4338832035745285
90.07017905120301,0.8357627773403236,1.4359678977950843,1.0507475746689265,2.0,1.9930676482676786,26.396074972968627,0.003838610206882531,1,14.023845,41.220356,0.43273375766753774
90.07017905120301,0.8357627773403236,1.4359678977950843,1.0507475746689265,2.0,1.9930676482676786,26.449685643370685,0.003838610206882531,1,14.056582,41.111637,0.431504517187256
90.07017905120301,0.8357627773403236,1.4359678977950843,1.0579972281930587,2.0,1.9930676482676786,26.449685643370685,0.003838610206882531,1,14.022148,41.09004,0.43027765803416196
90.07017905120301,0.8357627773403236,1.4359678977950843,1.0652468817171912,2.0,1.9930676482676786,26.449685643370685,0.003838610206882531,1,13.98079,41.068447,0.42902358634992566
90.07017905120301,0.8357627773403236,1.4359678977950843,1.0652468817171912,2.0,1.9930676482676786,26.503296313772736,0.003838610206882531,1,14.001977,40.964817,0.4275176590957731
90.07017905120301,0.8357627773403236,1.4359678977950843,1.0724965352413234,2.0,1.9930676482676786,26.503296313772736,0.003838610206882531,1,13.9606285,40.93813,0.42602588215758685
90.07017905120301,0.8357627773403236,1.4218670952399615,1.0724965352413234,2.0,1.9930676482676786,26.503296313772736,0.003838610206882531,1,13.955621,40.895096,0.4250457992831176
90.07017905120301,0.8357627773403236,1.4218670952399615,1.0724965352413234,2.0,1.9930676482676786,26.556906984174795,0.003838610206882531,1,13.976799,40.801277,0.42382781914373935
90.07017905120301,0.8357627773403236,1.4218670952399615,1.0797461887654558,2.0,1.9930676482676786,26.556906984174795,0.003838610206882531,1,13.935444,40.764774,0.42212570527935767
90.07017905120301,0.8357627773403236,1.4077662926848387,1.0797461887654558,2.0,1.9930676482676786,26.556906984174795,0.003838610206882531,1,13.930444,40.721733,0.4210961516906456
90.07017905120301,0.8357627773403236,1.3936654901297159,1.0797461887654558,2.0,1.9930676482676786,26.556906984174795,0.003838610206882531,1,13.925438,40.678703,0.42016735755726786
90.07017905120301,0.8357627773403236,1.379564687574593,1.0797461887654558,2.0,1.9930676482676786,26.556906984174795,0.003838610206882531,1,13.92045,40.63566,0.4192652632348016
90.07017905120301,0.8357627773403236,1.379564687574593,1.0797461887654558,2.0,1.9930676482676786,26.61051765457685,0.003838610206882531,1,13.941626,40.562473,0.418308598763668
90.07017905120301,0.8357627773403236,1.379564687574593,1.0869958422895882,2.0,1.9930676482676786,26.61051765457685,0.003838610206882531,1,13.900285,40.52941,0.4167052335180448
90.07017905120301,0.8357627773403236,1.3654638850194698,1.0869958422895882,2.0,1.9930676482676786,26.61051765457685,0.003838610206882531,1,13.895285,40.48613,0.415798246481325
90.07017905120301,0.8357627773403236,1.351363082464347,1.0869958422895882,2.0,1.9930676482676786,26.61051765457685,0.003838610206882531,1,13.890283,40.44285,0.41489129619136633
90.07017905120301,0.8357627773403236,1.3372622799092242,1.0869958422895882,2.0,1.9930676482676786,26.61051765457685,0.003838610206882531,1,13.885299,40.399567,0.413984318896091
90.07017905120301,0.8357627773403236,1.3372622799092242,1.0869958422895882,2.0,1.9930676482676786,26.664128324978904,0.003838610206882531,1,13.906459,40.336765,0.41306688987499096
90.07017905120301,0.8357627773403236,1.3372622799092242,1.0942454958137207,2.0,1.9930676482676786,26.664128324978904,0.003838610206882531,1,13.865113,40.303703,0.41164710769059765
90.07017905120301,0.8357627773403236,1.3372622799092242,1.0942454958137207,2.0,1.9930676482676786,26.717738995380962,0.003838610206882531,1,13.886284,40.240902,0.4109277623037145
90.42899283813642,0.8357627773403236,1.3372622799092242,1.0942454958137207,2.0,1.9930676482676786,26.717738995380962,0.003838610206882531,1,13.859885,40.193726,0.41037629851982227
90.42899283813642,0.8286220285290333,1.3372622799092242,1.0942454958137207,2.0,1.9930676482676786,26.717738995380962,0.003838610206882531,1,13.934554,40.14338,0.4100396579449028
90.42899283813642,0.8286220285290333,1.3372622799092242,1.0942454958137207,2.0,1.9861352965353574,26.717738995380962,0.003838610206882531,1,13.825742,40.14879,0.4081285168751332
90.42899283813642,0.8286220285290333,1.3372622799092242,1.1014951493378529,2.0,1.9861352965353574,26.717738995380962,0.003838610206882531,1,13.784398,40.13653,0.40746411513782854
100.0,2.5,6.0,1.0,2.5,3.0,10.0,0.13219199999999998,1,91.75133,90.13709,0.38951910119294564
100.0,2.5,6.0,1.0,2.5,3.0,9.946389329597942,0.13219199999999998,1,91.66212,90.335846,0.3818340533762179
100.0,2.5,6.0,1.0,2.5,3.0,9.892778659195887,0.13219199999999998,1,91.60809,90.53461,0.37404233223909134
100.0,2.5,6.0,1.0,2.5,3.0,9.839167988793829,0.13219199999999998,1,91.55984,90.733376,0.3662095279211328
100.0,2.5,6.0,1.0,2.5,3.0,9.785557318391774,0.13219199999999998,1,91.51162,90.932144,0.3583481041534706
100.0,2.5,6.0,1.0,2.5,3.0,9.731946647989716,0.13219199999999998,1,91.46339,91.13089,0.3504583028529822
100.0,2.5,6.0,1.0,2.5,3.0,9.67833597758766,0.13219199999999998,1,91.41514,91.32966,0.34253877827699486
100.0,2.5,6.0,1.0,2.5,3.0,9.624725307185603,0.13219199999999998,1,91.36689,91.52843,0.33458960994830156
100.0,2.5,6.0,1.0,2.5,3.0,9.571114636783546,0.13219199999999998,1,91.31864,91.72717,0.32661090325594067
100.0,2.5,6.0,1.0,2.5,3.0,9.51750396638149,0.13219199999999998,1,91.270386,91.92595,0.3186011454060407
100.0,2.5,6.0,1.0,2.5,3.0,9.463893295979432,0.13219199999999998,1,91.222145,92.12472,0.310560705606561
100.0,2.5,6.0,1.0,2.5,3.0,9.410282625577377,0.13219199999999998,1,91.17393,92.32347,0.302489327451702
100.0,2.5,6.0,1.0,2.5,3.0,9.356671955175319,0.13219199999999998,1,91.12567,92.522224,0.2943863965818989
100.0,2.5,6.0,1.0,2.5,3.0,9.303061284773262,0.13219199999999998,1,91.07742,92.72099,0.28625107472215033
100.0,2.5,6.0,1.0,2.5,3.0,9.249450614371206,0.13219199999999998,1,91.0292,92.91976,0.278083229593156
100.0,2.5,6.0,1.0,2.5,3.0,9.19583994396915,0.13219199999999998,1,90.98095,93.118515,0.269882840090383
100.0,2.5,6.0,1.0,2.5,3.0,9.142229273567093,0.13219199999999998,1,90.93271,93.31729,0.26164858799617435
100.0,2.5,6.0,1.0,2.5,3.0,9.088618603165035,0.13219199999999998,1,90.884476,93.51605,0.25338083346198703
100.0,2.5,6.0,1.0,2.5,3.0,9.03500793276298,0.13219199999999998,1,90.83622,93.71481,0.2450788462331126
100.0,2.5,6.0,1.0,2.5,3.0,8.981397262360922,0.13219199999999998,1,90.787964,94.05205,0.23378960095396542
100.0,2.5,6.0,1.0,2.5,3.0,8.927786591958865,0.13219199999999998,1,90.73973,94.45283,0.22111018322222656
100.0,2.5,6.0,1.0,2.5,3.0,8.874175921556809,0.13219199999999998,1,90.69151,94.85362,0.20839469320078113
100.0,2.5,6.0,1.0,2.5,3.0,8.820565251154752,0.13219199999999998,1,90.643234,95.25441,0.19564325582655379
100.0,2.5,6.0,1.0,2.5,3.0,8.766954580752696,0.13219199999999998,1,90.595,95.6552,0.18328183598234596
100.0,2.5,6.0,0.9927503464758676,2.5,3.0,8.766954580752696,0.13219199999999998,1,90.91458,95.97838,0.17539293210214643
100.0,2.5,6.0,0.9927503464758676,2.5,3.0,8.713343910350638,0.13219199999999998,1,90.866356,96.37917,0.16747152685276429
100.0,2.5,6.0,0.9855006929517354,2.5,3.0,8.713343910350638,0.13219199999999998,1,91.18591,96.70235,0.15510744320633715
100.0,2.5,6.0,0.9782510394276029,2.5,3.0,8.713343910350638,0.13219199999999998,1,91.50549,97.025536,0.14762873067573476
100.0,2.5,6.0,0.9782510394276029,2.5,3.0,8.659733239948583,0.13219199999999998,1,91.457245,97.426315,0.13924250989974762
100.0,2.5,6.0,0.9710013859034705,2.5,3.0,8.659733239948583,0.13219199999999998,1,91.77682,97.7495,0.1273031186219013
100.0,2.5,6.0,0.9637517323793383,2.5,3.0,8.659733239948583,0.13219199999999998,1,92.09642,98.072685,0.11980816289827471
100.0,2.5,6.0,0.9637517323793383,2.5,3.0,8.606122569546525,0.13219199999999998,1,92.04814,98.47348,0.11106985760528013
100.0,2.5,6.0,0.9565020788552059,2.5,3.0,8.606122569546525,0.13219199999999998,1,92.367714,98.796646,0.09944209737176098
100.0,2.5,6.0,0.9492524253310735,2.5,3.0,8.606122569546525,0.13219199999999998,1,92.68732,99.119835,0.09193121329624601
100.0,2.5,6.0,0.9492524253310735,2.5,3.0,8.55251189914447,0.13219199999999998,1,92.639046,99.52063,0.08295433208541429
100.0,2.5,6.0,0.9420027718069413,2.5,3.0,8.55251189914447,0.13219199999999998,1,92.95862,99.84381,0.07152407226908443
100.0,2.5,6.0,0.9420027718069413,2.492944677263936,3.0,8.55251189914447,0.13219199999999998,1,93.32287,99.83408,0.06899977229621809
100.0,2.5,6.014100802555123,0.9420027718069413,2.492944677263936,3.0,8.55251189914447,0.13219199999999998,1,93.51389,100.06317,0.06642431623067217
100.0,2.5,6.014100802555123,0.9420027718069413,2.4858893545278717,3.0,8.55251189914447,0.13219199999999998,1,93.87812,100.053444,0.06346231574906729
100.0,2.5,6.014100802555123,0.9420027718069413,2.4788340317918074,3.0,8.55251189914447,0.13219199999999998,1,94.242325,100.04373,0.06048403490081809
100.0,2.5,6.014100802555123,0.9420027718069413,2.4717787090557435,3.0,8.55251189914447,0.13219199999999998,1,94.60658,100.034004,0.05748873018515663
100.0,2.5,6.014100802555123,0.9420027718069413,2.4647233863196796,3.0,8.55251189914447,0.13219199999999998,1,94.970825,100.02427,0.0544767720318762
100.0,2.5,6.014100802555123,0.9420027718069413,2.4576680635836152,3.0,8.55251189914447,0.13219199999999998,1,95.37529,100.01456,0.05136099620482225
100.0,2.5,6.014100802555123,0.9420027718069413,2.4506127408475513,3.0,8.55251189914447,0.13219199999999998,1,95.89475,100.00484,0.04796996119497329
100.0,2.5,6.014100802555123,0.9420027718069413,2.443557418111487,3.0,8.55251189914447,0.13219199999999998,1,96.502335,99.9951,0.04455812844999747
100.0,2.5,6.014100802555123,0.9420027718069413,2.436502095375423,3.0,8.55251189914447,0.13219199999999998,1,97.41639,99.98538,0.04059326445653992
100.0,2.5,6.014100802555123,0.9420027718069413,2.4294467726393587,3.0,8.55251189914447,0.13219199999999998,1,98.33043,99.97566,0.03655049982627219
100.0,2.5,6.014100802555123,0.9420027718069413,2.422391449903295,3.0,8.55251189914447,0.13219199999999998,1,99.244484,99.96594,0.03243132992200013
100.0,2.5,6.014100802555123,0.9420027718069413,2.4153361271672305,3.0,8.55251189914447,0.13219199999999998,1,100.158485,99.95621,0.03128545597510069
100.0,2.5,6.014100802555123,0.9420027718069413,2.4153361271672305,3.0069323517323214,8.55251189914447,0.13219199999999998,1,99.78747,99.9059,0.02897712871226303
100.0,2.8101,2.0,1.5029,2.9903,3.57789,8.0,0.1,1,79.30237,89.29613,0.4473058935970254
99.64118621306659,2.8101,2.0,1.5029,2.9903,3.57789,8.0,0.1,1,80.13118,89.10986,0.4307285685110531
99.64118621306659,2.8101,1.9858991974448772,1.5029,2.9903,3.57789,8.0,0.1,1,80.64555,89.19959,0.4193108595726471
99.64118621306659,2.8101,1.9717983948897544,1.5029,2.9903,3.57789,8.0,0.1,1,81.15993,89.28932,0.41110622535752417
99.64118621306659,2.8172407488112903,1.9717983948897544,1.5029,2.9903,3.57789,8.0,0.1,1,81.27255,89.4594,0.40557933287656256
99.64118621306659,2.8243814976225803,1.9717983948897544,1.5029,2.9903,3.57789,8.0,0.1,1,81.38518,89.62947,0.40014588242798044
99.64118621306659,2.8315222464338707,1.9717983948897544,1.5029,2.9903,3.57789,8.0,0.1,1,81.4978,89.79956,0.3962483048321692
99.64118621306659,2.8315222464338707,1.9576975923346316,1.5029,2.9903,3.57789,8.0,0.1,1,82.01218,89.889275,0.39214406358150256
99.64118621306659,2.8315222464338707,1.9576975923346316,1.5029,2.9903,3.57789,7.9463893295979435,0.1,1,81.96374,90.097694,0.3861390802883041
99.64118621306659,2.8315222464338707,1.9435967897795083,1.5029,2.9903,3.57789,7.9463893295979435,0.1,1,82.47811,90.18741,0.3805560400688378
99.64118621306659,2.8315222464338707,1.9435967897795083,1.5029,2.9903,3.57789,7.9463893295979435,0.10324548775479084,1,84.829124,89.27639,0.37465303696895125
99.64118621306659,2.838662995245161,1.9435967897795083,1.5029,2.9903,3.57789,7.9463893295979435,0.10324548775479084,1,84.94176,89.5036,0.3692972607502696
99.64118621306659,2.838662995245161,1.9294959872243855,1.5029,2.9903,3.57789,7.9463893295979435,0.10324548775479084,1,85.456116,89.65151,0.36406693147706426
99.64118621306659,2.838662995245161,1.9294959872243855,1.5029,2.9903,3.57789,7.9463893295979435,0.10649097550958167,1,87.80715,88.848495,0.35587789442372453
99.64118621306659,2.845803744056451,1.9294959872243855,1.5029,2.9903,3.57789,7.9463893295979435,0.10649097550958167,1,87.91978,89.0757,0.34907929611439914
99.64118621306659,2.8529444928677417,1.9294959872243855,1.5029,2.9903,3.57789,7.9463893295979435,0.10649097550958167,1,88.0324,89.3029,0.3440234691432461
99.64118621306659,2.8529444928677417,1.9153951846692627,1.5029,2.9903,3.57789,7.9463893295979435,0.10649097550958167,1,88.54677,89.450836,0.33831590519134724
99.64118621306659,2.8529444928677417,1.9153951846692627,1.5029,2.9903,3.57789,7.9463893295979435,0.1097364632643725,1,90.89783,88.64781,0.33012251407327686
99.64118621306659,2.860085241679032,1.9153951846692627,1.5029,2.9903,3.57789,7.9463893295979435,0.1097364632643725,1,91.010445,88.875,0.32398138186906955
99.64118621306659,2.867225990490322,1.9153951846692627,1.5029,2.9903,3.57789,7.9463893295979435,0.1097364632643725,1,91.12306,89.1022,0.31894783565147633
99.64118621306659,2.867225990490322,1.90129438211414,1.5029,2.9903,3.57789,7.9463893295979435,0.1097364632643725,1,91.63743,89.25014,0.3123774093063615
99.64118621306659,2.867225990490322,1.90129438211414,1.5029,2.9903,3.57789,7.9463893295979435,0.11298195101916333,1,93.989944,88.4471,0.3041823869959105
99.64118621306659,2.867225990490322,1.90129438211414,1.5029,2.9903,3.57789,7.9463893295979435,0.11622743877395417,1,96.469765,87.64407,0.2989481919239541
99.64118621306659,2.867225990490322,1.90129438211414,1.5029,2.9903,3.57789,7.9463893295979435,0.119472926528745,1,99.414665,86.84105,0.2864452633978406
99.64118621306659,2.8743667393016126,1.90129438211414,1.5029,2.9903,3.57789,7.9463893295979435,0.119472926528745,1,99.595085,87.06826,0.2798566493696209
99.64118621306659,2.8815074881129026,1.90129438211414,1.5029,2.9903,3.57789,7.9463893295979435,0.119472926528745,1,99.775505,87.29547,0.2737545768739247
99.64118621306659,2.888648236924193,1.90129438211414,1.5029,2.9903,3.57789,7.9463893295979435,0.119472926528745,1,99.955925,87.522675,0.2676507319722712
99.64118621306659,2.895788985735483,1.90129438211414,1.5029,2.9903,3.57789,7.9463893295979435,0.119472926528745,1,100.13635,87.74988,0.26416690069533677
99.64118621306659,2.9029297345467735,1.90129438211414,1.5029,2.9903,3.57789,7.9463893295979435,0.119472926528745,1,100.31679,87.97708,0.2615287414717514
99.64118621306659,2.9029297345467735,1.90129438211414,1.5029,2.9903,3.5709576482676786,7.9463893295979435,0.119472926528745,1,100.04811,88.049255,0.25815925918630556
99.64118621306659,2.910070483358064,1.90129438211414,1.5029,2.9903,3.5709576482676786,7.9463893295979435,0.119472926528745,1,100.228546,88.27646,0.2555159338149194
99.64118621306659,2.917211232169354,1.90129438211414,1.5029,2.9903,3.5709576482676786,7.9463893295979435,0.119472926528745,1,100.408966,88.50368,0.2528703667827089
99.64118621306659,2.917211232169354,1.90129438211414,1.5029,2.9903,3.564025296535357,7.9463893295979435,0.119472926528745,1,100.14029,88.57585,0.24949798321045857
99.64118621306659,2.9243519809806444,1.90129438211414,1.5029,2.9903,3.564025296535357,7.9463893295979435,0.119472926528745,1,100.320724,88.803055,0.2468476472241585
99.64118621306659,2.9243519809806444,1.90129438211414,1.5029,2.9903,3.5570929448030357,7.9463893295979435,0.119472926528745,1,100.05208,88.87522,0.2434758641537163
99.64118621306659,2.931492729791935,1.90129438211414,1.5029,2.9903,3.5570929448030357,7.9463893295979435,0.119472926528745,1,100.232475,89.10243,0.24082014940750668
99.64118621306659,2.931492729791935,1.90129438211414,1.5029,2.9903,3.5501605930707143,7.9463893295979435,0.119472926528745,1,99.96381,89.174614,0.23814422381917863
99.64118621306659,2.938633478603225,1.90129438211414,1.5029,2.9903,3.5501605930707143,7.9463893295979435,0.119472926528745,1,100.14424,89.40182,0.2347877763313
99.64118621306659,2.9457742274145153,1.90129438211414,1.5029,2.9903,3.5501605930707143,7.9463893295979435,0.119472926528745,1,100.32465,89.62903,0.23212518795949855
99.64118621306659,2.9457742274145153,1.90129438211414,1.5029,2.9903,3.543228241338393,7.9463893295979435,0.119472926528745,1,100.055984,89.701195,0.22875076643458167
99.64118621306659,2.952914976225806,1.90129438211414,1.5029,2.9903,3.543228241338393,7.9463893295979435,0.119472926528745,1,100.23641,89.928406,0.22608313967502097
99.64118621306659,2.952914976225806,1.90129438211414,1.5029,2.9903,3.536295889606072,7.9463893295979435,0.119472926528745,1,99.96775,90.000565,0.22332939994822285
99.64118621306659,2.960055725037096,1.90129438211414,1.5029,2.9903,3.536295889606072,7.9463893295979435,0.119472926528745,1,100.148186,90.22778,0.22003640635956453
99.64118621306659,2.9671964738483863,1.90129438211414,1.5029,2.9903,3.536295889606072,7.9463893295979435,0.119472926528745,1,100.32861,90.45499,0.21736212815771694
99.64118621306659,2.9743372226596763,1.90129438211414,1.5029,2.9903,3.536295889606072,7.9463893295979435,0.119472926528745,1,100.509026,90.6822,0.21468591035060441
99.64118621306659,2.9814779714709667,1.90129438211414,1.5029,2.9903,3.536295889606072,7.9463893295979435,0.119472926528745,1,100.64238,90.90941,0.21188956801032993
99.64118621306659,2.9814779714709667,1.90129438211414,1.5029,2.997355322736064,3.536295889606072,7.9463893295979435,0.119472926528745,1,100.02827,90.95613,0.20768043354443352
99.64118621306659,2.9886187202822567,1.90129438211414,1.5029,2.997355322736064,3.536295889606072,7.9463893295979435,0.119472926528745,1,100.09686,91.22893,0.20374505751725136
99.64118621306659,2.995759469093547,1.90129438211414,1.5029,2.997355322736064,3.536295889606072,7.9463893295979435,0.119472926528745,1,99.97827,91.501724,0.1997651197452448
99.2823724261332,2.995759469093547,1.90129438211414,1.5029,2.997355322736064,3.536295889606072,7.9463893295979435,0.119472926528745,1,100.5854,91.40702,0.19771300261329497
99.2823724261332,2.995759469093547,1.90129438211414,1.5029,2.997355322736064,3.536295889606072,7.9463893295979435,0.11622743877395417,1,98.19618,92.308655,0.18770641526209308
99.2823724261332,2.995759469093547,1.8871935795590171,1.5029,2.997355322736064,3.536295889606072,7.9463893295979435,0.11622743877395417,1,98.80288,92.36226,0.17634383604921813
99.2823724261332,2.995759469093547,1.8730927770038939,1.5029,2.997355322736064,3.536295889606072,7.9463893295979435,0.11622743877395417,1,99.13532,92.41588,0.17042674361379193
99.2823724261332,3.0029002179048376,1.8730927770038939,1.5029,2.997355322736064,3.536295889606072,7.9463893295979435,0.11622743877395417,1,99.20393,92.688675,0.16434011446195504
99.2823724261332,3.0100409667161276,1.8730927770038939,1.5029,2.997355322736064,3.536295889606072,7.9463893295979435,0.11622743877395417,1,99.27252,92.961464,0.1590619084796165
99.2823724261332,3.0100409667161276,1.858991974448771,1.5029,2.997355322736064,3.536295889606072,7.9463893295979435,0.11622743877395417,1,99.59183,93.01508,0.1531464435530484
99.2823724261332,3.017181715527418,1.858991974448771,1.5029,2.997355322736064,3.536295889606072,7.9463893295979435,0.11622743877395417,1,99.66043,93.287865,0.14728425513740878
99.2823724261332,3.017181715527418,1.8448911718936483,1.5029,2.997355322736064,3.536295889606072,7.9463893295979435,0.11622743877395417,1,99.979744,93.35257,0.14329925482408193
99.2823724261332,3.0243224643387085,1.8448911718936483,1.5029,2.997355322736064,3.536295889606072,7.9463893295979435,0.11622743877395417,1,99.84793,93.61427,0.13886617595990164
99.2823724261332,3.0243224643387085,1.8307903693385255,1.5029,2.997355322736064,3.536295889606072,7.9463893295979435,0.11622743877395417,1,100.047905,93.7277,0.13437136132731614
99.2823724261332,3.0243224643387085,1.8307903693385255,1.5101496535241323,2.997355322736064,3.536295889606072,7.9463893295979435,0.11622743877395417,1,100.108765,93.835335,0.13309367082128273
99.2823724261332,3.0314632131499986,1.8307903693385255,1.5101496535241323,2.997355322736064,3.536295889606072,7.9463893295979435,0.11622743877395417,1,99.87732,94.062546,0.13049393946342794
99.2823724261332,3.0314632131499986,1.8166895667834027,1.5101496535241323,2.997355322736064,3.536295889606072,7.9463893295979435,0.11622743877395417,1,100.077286,94.210464,0.1254806907170067
99.2823724261332,3.0314632131499986,1.8025887642282794,1.5101496535241323,2.997355322736064,3.536295889606072,7.9463893295979435,0.11622743877395417,1,100.277275,94.35838,0.12308084819119175
99.2823724261332,3.0386039619612886,1.8025887642282794,1.5101496535241323,2.997355322736064,3.536295889606072,7.9463893295979435,0.11622743877395417,1,100.04583,94.58559,0.11907755481499652
99.2823724261332,3.0386039619612886,1.7884879616731566,1.5101496535241323,2.997355322736064,3.536295889606072,7.9463893295979435,0.11622743877395417,1,100.2458,94.73352,0.11642521201382114
99.2823724261332,3.0457447107725795,1.7884879616731566,1.5101496535241323,2.997355322736064,3.536295889606072,7.9463893295979435,0.11622743877395417,1,100.01436,94.960724,0.11267187937914919
99.2823724261332,3.0457447107725795,1.7884879616731566,1.5101496535241323,2.997355322736064,3.536295889606072,7.9463893295979435,0.11298195101916333,1,99.278946,95.76375,0.10703708441833254
99.2823724261332,3.0457447107725795,1.7884879616731566,1.5101496535241323,2.997355322736064,3.536295889606072,7.892778659195886,0.11298195101916333,1,99.143005,95.97301,0.09811602576473306
99.2823724261332,3.0528854595838695,1.7884879616731566,1.5101496535241323,2.997355322736064,3.536295889606072,7.892778659195886,0.11298195101916333,1,99.05768,96.2002,0.09181898754231164
99.2823724261332,3.0528854595838695,1.7743871591180338,1.5101496535241323,2.997355322736064,3.536295889606072,7.892778659195886,0.11298195101916333,1,99.257675,96.34813,0.08817381020990595
99.2823724261332,3.0600262083951595,1.7743871591180338,1.5101496535241323,2.997355322736064,3.536295889606072,7.892778659195886,0.11298195101916333,1,99.02621,96.57533,0.0825289467176074
99.2823724261332,3.0600262083951595,1.760286356562911,1.5101496535241323,2.997355322736064,3.536295889606072,7.892778659195886,0.11298195101916333,1,99.22618,96.72326,0.07859413428454676
99.2823724261332,3.0600262083951595,1.7461855540077882,1.5101496535241323,2.997355322736064,3.536295889606072,7.892778659195886,0.11298195101916333,1,99.426155,96.871185,0.07494688873561789
99.2823724261332,3.06716695720645,1.7461855540077882,1.5101496535241323,2.997355322736064,3.536295889606072,7.892778659195886,0.11298195101916333,1,99.1947,97.0984,0.07020456359171984
99.2823724261332,3.06716695720645,1.732084751452665,1.5101496535241323,2.997355322736064,3.536295889606072,7.892778659195886,0.11298195101916333,1,99.394684,97.24631,0.06537116770220089
99.2823724261332,3.06716695720645,1.7179839488975421,1.5101496535241323,2.997355322736064,3.536295889606072,7.892778659195886,0.11298195101916333,1,99.59465,97.39425,0.061721497175703945
99.2823724261332,3.0743077060177404,1.7179839488975421,1.5101496535241323,2.997355322736064,3.536295889606072,7.892778659195886,0.11298195101916333,1,99.3632,97.621445,0.05787879763982027
99.2823724261332,3.0743077060177404,1.7038831463424193,1.5101496535241323,2.997355322736064,3.536295889606072,7.892778659195886,0.11298195101916333,1,99.56317,97.76936,0.052149790338148816
99.2823724261332,3.0743077060177404,1.6897823437872965,1.5101496535241323,2.997355322736064,3.536295889606072,7.892778659195886,0.11298195101916333,1,99.763145,97.91729,0.048498313892054855
99.2823724261332,3.0743077060177404,1.6756815412321737,1.5101496535241323,2.997355322736064,3.536295889606072,7.892778659195886,0.11298195101916333,1,99.96312,98.065216,0.04484303309373956
99.2823724261332,3.0814484548290304,1.6756815412321737,1.5101496535241323,2.997355322736064,3.536295889606072,7.892778659195886,0.11298195101916333,1,99.731674,98.292435,0.03904702197987458
99.2823724261332,3.0814484548290304,1.6615807386770505,1.5101496535241323,2.997355322736064,3.536295889606072,7.892778659195886,0.11298195101916333,1,99.93165,98.44035,0.03527633384946467
99.2823724261332,3.0814484548290304,1.6615807386770505,1.5173993070482648,2.997355322736064,3.536295889606072,7.892778659195886,0.11298195101916333,1,99.992516,98.54797,0.03282887646908279
99.2823724261332,3.088589203640321,1.6615807386770505,1.5173993070482648,2.997355322736064,3.536295889606072,7.892778659195886,0.11298195101916333,1,99.761055,98.77519,0.029907510398615056
99.2823724261332,3.088589203640321,1.6474799361219277,1.5173993070482648,2.997355322736064,3.536295889606072,7.892778659195886,0.11298195101916333,1,99.96104,98.92312,0.023406794958036305
99.2823724261332,3.088589203640321,1.6474799361219277,1.524648960572397,2.997355322736064,3.536295889606072,7.892778659195886,0.11298195101916333,1,100.0219,99.03073,0.02123860899109531
99.2823724261332,3.088589203640321,1.6474799361219277,1.5318986140965292,2.997355322736064,3.536295889606072,7.892778659195886,0.11298195101916333,1,100.08278,99.13838,0.019961049952668543
99.2823724261332,3.0957299524516113,1.6474799361219277,1.5318986140965292,2.997355322736064,3.536295889606072,7.892778659195886,0.11298195101916333,1,99.85132,99.36558,0.017450975640770063
99.2823724261332,3.0957299524516113,1.6333791335668049,1.5318986140965292,2.997355322736064,3.536295889606072,7.892778659195886,0.11298195101916333,1,100.0513,99.513504,0.011937381102282783
99.2823724261332,3.0957299524516113,1.6333791335668049,1.5391482676206616,2.997355322736064,3.536295889606072,7.892778659195886,0.11298195101916333,1,100.11217,99.62114,0.009795213788586707
99.2823724261332,3.0957299524516113,1.6333791335668049,1.546397921144794,2.997355322736064,3.536295889606072,7.892778659195886,0.11298195101916333,1,100.173035,99.72876,0.007653722222481875
99.2823724261332,3.1028707012629013,1.6333791335668049,1.546397921144794,2.997355322736064,3.536295889606072,7.892778659195886,0.11298195101916333,1,99.94158,99.95597,0.004991540401650632
99.2823724261332,3.1028707012629013,1.6333791335668049,1.5536475746689264,2.997355322736064,3.536295889606072,7.892778659195886,0.11298195101916333,1,100.00245,100.06361,0.004437426711252732
175.0,1.4947161163,2.0161337939,2.9944451987,3.4887570027,2.9835210564,14.0,0.15,1,97.97384,97.30057,0.18269521257549964
175.3588137869334,1.4947161163,2.0161337939,2.9944451987,3.4887570027,2.9835210564,14.0,0.15,1,98.41765,97.890785,0.16612925199231388
175.71762757386682,1.4947161163,2.0161337939,2.9944451987,3.4887570027,2.9835210564,14.0,0.15,1,98.86143,98.505226,0.1490387722182942
176.07644136080023,1.4947161163,2.0161337939,2.9944451987,3.4887570027,2.9835210564,14.0,0.15,1,99.305244,99.16571,0.1309584421174919
176.4352551477336,1.4947161163,2.0161337939,2.9944451987,3.4887570027,2.9835210564,14.0,0.15,1,99.74907,99.826195,0.11287017640355257
176.4352551477336,1.5018568651112902,2.0161337939,2.9944451987,3.4887570027,2.9835210564,14.0,0.15,1,99.38237,100.01032,0.10719795144961147
176.4352551477336,1.5018568651112902,2.002032991344877,2.9944451987,3.4887570027,2.9835210564,14.0,0.15,1,99.703926,99.98897,0.10630721830991942
176.4352551477336,1.5018568651112902,2.002032991344877,2.9944451987,3.4887570027,2.9835210564,13.946389329597944,0.15,1,99.61839,100.065475,0.10511269905578863
176.4352551477336,1.5018568651112902,2.002032991344877,2.9944451987,3.4887570027,2.9904534081323213,13.946389329597944,0.15,1,99.55133,99.99574,0.10273930661044124
176.4352551477336,1.5018568651112902,2.002032991344877,2.9944451987,3.4887570027,2.9904534081323213,13.892778659195887,0.15,1,99.465775,100.07224,0.10181500814449748
176.4352551477336,1.5018568651112902,2.002032991344877,2.9944451987,3.4887570027,2.9973857598646427,13.892778659195887,0.15,1,99.39871,100.002495,0.099256945367124
176.4352551477336,1.5018568651112902,2.002032991344877,2.9944451987,3.4887570027,2.9973857598646427,13.83916798879383,0.15,1,99.31319,100.07901,0.09849567575715872
176.4352551477336,1.5018568651112902,2.002032991344877,2.9944451987,3.4887570027,3.004318111596964,13.83916798879383,0.15,1,99.24612,100.00928,0.09593513895762877
176.4352551477336,1.5018568651112902,1.9879321887897539,2.9944451987,3.4887570027,3.004318111596964,13.83916798879383,0.15,1,99.56772,99.987915,0.0951055334568682
176.4352551477336,1.5018568651112902,1.9879321887897539,2.9944451987,3.4887570027,3.004318111596964,13.785557318391774,0.15,1,99.482155,100.064415,0.09381515839940557
176.4352551477336,1.5018568651112902,1.9879321887897539,2.9944451987,3.4887570027,3.011250463329285,13.785557318391774,0.15,1,99.41511,99.99469,0.09148167156821191
176.4352551477336,1.5018568651112902,1.9879321887897539,2.9944451987,3.4887570027,3.011250463329285,13.731946647989716,0.15,1,99.32955,100.0712,0.09046128622000646
176.4352551477336,1.5018568651112902,1.9879321887897539,2.9944451987,3.4887570027,3.0181828150616066,13.731946647989716,0.15,1,99.26248,100.00145,0.08789809001385332
176.4352551477336,1.5018568651112902,1.973831386234631,2.9944451987,3.4887570027,3.0181828150616066,13.731946647989716,0.15,1,99.58405,100.00326,0.08705520776540955
176.4352551477336,1.5018568651112902,1.9597305836795083,2.9944451987,3.4887570027,3.0181828150616066,13.731946647989716,0.15,1,99.90561,100.04299,0.08701151722619674
176.4352551477336,1.5018568651112902,1.9597305836795083,2.9944451987,3.4887570027,3.025115166793928,13.731946647989716,0.15,1,99.83857,99.95454,0.08599504571708416
176.4352551477336,1.5089976139225807,1.9597305836795083,2.9944451987,3.4887570027,3.025115166793928,13.731946647989716,0.15,1,99.47188,100.10097,0.08494409074310484
176.4352551477336,1.5089976139225807,1.9597305836795083,2.9944451987,3.4887570027,3.0320475185262494,13.731946647989716,0.15,1,99.40482,100.01252,0.08198285882533154
176.4352551477336,1.5089976139225807,1.9456297811243854,2.9944451987,3.4887570027,3.0320475185262494,13.731946647989716,0.15,1,99.726395,100.052246,0.08195044764101775
176.4352551477336,1.5089976139225807,1.9456297811243854,2.9944451987,3.4887570027,3.038979870258571,13.731946647989716,0.15,1,99.659325,99.963806,0.08053647846984752
176.4352551477336,1.5089976139225807,1.9315289785692626,2.9944451987,3.4887570027,3.038979870258571,13.731946647989716,0.15,1,99.98087,100.003525,0.07895435919230046
