orifice_width,aspect_ratio,flow_rate_ratio,capillary_number,normalized_oil_inlet,normalized_water_inlet,expansion_ratio,depth,hyd_d,droplet_size,normalized_size,normalized_hyd_size,generation_rate,q_in,viscosity_ratio
22.5,1,1.217391304,0.777085457,1,1,1,22.5,22.5,29.44,1.308444444,1.308444444,4779.899744,230,1.63392405
22.5,1,1.695652174,1.082369029,1,1,1,22.5,22.5,27.314,1.213955556,1.213955556,5985.16723,230,1.63392405
22.5,1,1.717391304,1.096245555,1,1,1,22.5,22.5,27.42,1.218666667,1.218666667,5916.022993,230,1.63392405
22.5,1,3.636363636,1.110122081,1,1,1,22.5,22.5,24.51,1.089333333,1.089333333,3961.568046,110,1.63392405
22.5,1,2.666666667,1.110122081,1,1,1,22.5,22.5,24.376,1.083377778,1.083377778,5491.71896,150,1.63392405
22.5,1,2.105263158,1.110122081,1,1,1,22.5,22.5,25.867,1.149644444,1.149644444,5821.297308,190,1.63392405
22.5,1,1.818181818,1.110122081,1,1,1,22.5,22.5,26.877,1.194533333,1.194533333,6008.757476,220,1.63392405
22.5,1,1.777777778,1.110122081,1,1,1,22.5,22.5,26.923,1.196577778,1.196577778,6113.874689,225,1.63392405
22.5,1,1.739130435,1.110122081,1,1,1,22.5,22.5,26.923,1.196577778,1.196577778,6249.738571,230,1.63392405
22.5,1,1.8,1.123998607,1,1,1,22.5,22.5,26.924,1.196622222,1.196622222,6113.193477,225,1.63392405
22.5,1,1.760869565,1.123998607,1,1,1,22.5,22.5,27.442,1.219644444,1.219644444,5901.805933,230,1.63392405
22.5,1,1.863636364,1.137875133,1,1,1,22.5,22.5,27.09,1.204,1.204,5868.13416,220,1.63392405
22.5,1,1.782608696,1.137875133,1,1,1,22.5,22.5,27.155,1.206888889,1.206888889,6090.918427,230,1.63392405
22.5,1,2.315789474,1.221134289,1,1,1,22.5,22.5,25.384,1.128177778,1.128177778,6159.958585,190,1.63392405
22.5,1,3.2,1.332146497,1,1,1,22.5,22.5,24.51,1.089333333,1.089333333,5402.138245,150,1.63392405
22.5,1,4.727272727,1.443158705,1,1,1,22.5,22.5,21.93,0.974666667,0.974666667,5530.71346,110,1.63392405
22.5,1,2.260869565,1.443158705,1,1,1,22.5,22.5,25.785,1.146,1.146,7114.277436,230,1.63392405
22.5,1,2.782608696,1.776195329,1,1,1,22.5,22.5,24.51,1.089333333,1.089333333,8283.278642,230,1.63392405
22.5,1,3.304347826,2.109231953,1,1,1,22.5,22.5,23.555,1.046888889,1.046888889,9332.1751,230,1.63392405
22.5,1,1.739130435,1.110122081,1,1,1,22.5,22.5,28.783,1.279244444,1.279244444,5114.745531,230,1.63392405
22.5,1,1.818181818,1.110122081,1,1,1,22.5,22.5,28.326,1.258933333,1.258933333,5133.000387,220,1.63392405
22.5,1,1.777777778,1.110122081,1,1,1,22.5,22.5,28.372,1.260977778,1.260977778,5224.16678,225,1.63392405
22.5,1,1.70212766,1.110122081,1,1,1,22.5,22.5,28.776,1.278933333,1.278933333,5229.750335,235,1.63392405
22.5,1,1.666666667,1.110122081,1,1,1,22.5,22.5,28.688,1.275022222,1.275022222,5390.323047,240,1.63392405
22.5,1,1.695652174,1.082369029,1,1,1,22.5,22.5,28.711,1.276044444,1.276044444,5153.321612,230,1.63392405
22.5,1,1.717391304,1.096245555,1,1,1,22.5,22.5,28.506,1.266933333,1.266933333,5265.302925,230,1.63392405
22.5,1,1.760869565,1.123998607,1,1,1,22.5,22.5,29.326,1.303377778,1.303377778,4835.859939,230,1.63392405
22.5,1,1.782608696,1.137875133,1,1,1,22.5,22.5,28.321,1.258711111,1.258711111,5369.161317,230,1.63392405
22.5,1,2.666666667,1.110122081,1,1,1,22.5,22.5,25.8,1.146666667,1.146666667,4631.658277,150,1.63392405
22.5,1,2.105263158,1.110122081,1,1,1,22.5,22.5,27.195,1.208666667,1.208666667,5009.458465,190,1.63392405
22.5,1,1.481481481,1.110122081,1,1,1,22.5,22.5,30.524,1.356622222,1.356622222,5034.354552,270,1.63392405
22.5,1,1.217391304,0.777085457,1,1,1,22.5,22.5,30.751,1.366711111,1.366711111,4194.25156,230,1.63392405
22.5,1,2.260869565,1.443158705,1,1,1,22.5,22.5,26.364,1.171733333,1.171733333,6655.769845,230,1.63392405
22.5,1,2.782608696,1.776195329,1,1,1,22.5,22.5,25.532,1.134755556,1.134755556,7327.869008,230,1.63392405
22.5,1,3.304347826,2.109231953,1,1,1,22.5,22.5,24.501,1.088933333,1.088933333,8292.410134,230,1.63392405
22.5,1,1.625,1.082369029,1,1,1,22.5,22.5,29.167,1.296311111,1.296311111,5129.090067,240,1.63392405
22.5,1,1.680851064,1.096245555,1,1,1,22.5,22.5,28.698,1.275466667,1.275466667,5272.509089,235,1.63392405
22.5,1,1.8,1.123998607,1,1,1,22.5,22.5,28.434,1.263733333,1.263733333,5190.06754,225,1.63392405
22.5,1,1.863636364,1.137875133,1,1,1,22.5,22.5,28.366,1.260711111,1.260711111,5111.316263,220,1.63392405
22.5,1,3.2,1.332146497,1,1,1,22.5,22.5,24.848,1.104355556,1.104355556,5184.672309,150,1.63392405
22.5,1,4.727272727,1.443158705,1,1,1,22.5,22.5,23.22,1.032,1.032,4659.189854,110,1.63392405
22.5,1,2.315789474,1.221134289,1,1,1,22.5,22.5,27.09,1.204,1.204,5067.934047,190,1.63392405
22.5,1,1.217391304,0.456519817,1,1,1,22.5,22.5,34.9,1.551111111,1.551111111,2869.167638,230,1.73289657
22.5,1,1.333333333,0.58695405,1,1,1,22.5,22.5,33.448,1.486577778,1.486577778,3826.111915,270,1.73289657
22.5,1,1.625,0.635866888,1,1,1,22.5,22.5,31.002,1.377866667,1.377866667,4271.166234,240,1.73289657
22.5,1,2.666666667,0.652171167,1,1,1,22.5,22.5,28.435,1.263777778,1.263777778,3459.679991,150,1.73289657
22.5,1,2.105263158,0.652171167,1,1,1,22.5,22.5,30.451,1.353377778,1.353377778,3568.233709,190,1.73289657
22.5,1,1.739130435,0.652171167,1,1,1,22.5,22.5,31.587,1.403866667,1.403866667,3869.965233,230,1.73289657
22.5,1,1.481481481,0.652171167,1,1,1,22.5,22.5,35.337,1.570533333,1.570533333,3244.734027,270,1.73289657
22.5,1,1.863636364,0.668475446,1,1,1,22.5,22.5,30.525,1.356666667,1.356666667,4101.663533,220,1.73289657
22.5,1,2.315789474,0.717388284,1,1,1,22.5,22.5,29.643,1.317466667,1.317466667,3868.044907,190,1.73289657
22.5,1,3.2,0.782605401,1,1,1,22.5,22.5,27.992,1.244088889,1.244088889,3626.551417,150,1.73289657
22.5,1,2.260869565,0.847822517,1,1,1,22.5,22.5,29.554,1.313511111,1.313511111,4724.799652,230,1.73289657
22.5,1,2.782608696,1.043473867,1,1,1,22.5,22.5,28.206,1.2536,1.2536,5435.102013,230,1.73289657
22.5,1,3.304347826,1.239125218,1,1,1,22.5,22.5,27.69,1.230666667,1.230666667,5744.646871,230,1.73289657
22.5,1,1.666666667,0.251155279,1,1,1,22.5,22.5,26.497,1.177644444,1.177644444,6841.092979,240,1.60899481
22.5,1,1.875,0.282549689,1,1,1,22.5,22.5,25.627,1.138977778,1.138977778,7561.749802,240,1.60899481
22.5,1,1.642857143,0.288828571,1,1,1,22.5,22.5,27.09,1.204,1.204,7468.534385,280,1.60899481
22.5,1,1.96,0.307665217,1,1,1,22.5,22.5,25.959,1.153733333,1.153733333,7578.45196,250,1.60899481
22.5,1,3.571428571,0.313944099,1,1,1,22.5,22.5,23.22,1.032,1.032,5929.877996,140,1.60899481
22.5,1,2.631578947,0.313944099,1,1,1,22.5,22.5,24.235,1.077111111,1.077111111,7078.298891,190,1.60899481
22.5,1,2.040816327,0.313944099,1,1,1,22.5,22.5,25.832,1.148088889,1.148088889,7536.962543,245,1.60899481
22.5,1,1.851851852,0.313944099,1,1,1,22.5,22.5,27.09,1.204,1.204,7201.801014,270,1.60899481
22.5,1,1.666666667,0.313944099,1,1,1,22.5,22.5,27.146,1.206488889,1.206488889,7952.580777,300,1.60899481
22.5,1,1.515151515,0.313944099,1,1,1,22.5,22.5,28.076,1.247822222,1.247822222,7907.015812,330,1.60899481
22.5,1,2.217391304,0.320222981,1,1,1,22.5,22.5,24.519,1.089733333,1.089733333,8274.160552,230,1.60899481
22.5,1,2.894736842,0.345338509,1,1,1,22.5,22.5,24.51,1.089333333,1.089333333,6842.708443,190,1.60899481
22.5,1,2.291666667,0.345338509,1,1,1,22.5,22.5,24.559,1.091511111,1.091511111,8591.788407,240,1.60899481
22.5,1,2.708333333,0.408127329,1,1,1,22.5,22.5,23.821,1.058711111,1.058711111,9415.332096,240,1.60899481
22.5,1,2.916666667,0.439521739,1,1,1,22.5,22.5,23.22,1.032,1.032,10165.50514,240,1.60899481
22.5,1,3.125,0.470916149,1,1,1,22.5,22.5,23.22,1.032,1.032,10165.50514,240,1.60899481
22.5,1,3.333333333,0.502310559,1,1,1,22.5,22.5,23.22,1.032,1.032,10165.50514,240,1.60899481
22.5,1,2.0625,0.310804658,1,1,1,22.5,22.5,26.197,1.164311111,1.164311111,7078.820991,240,1.60899481
22.5,1,2.020408163,0.310804658,1,1,1,22.5,22.5,25.855,1.149111111,1.149111111,7516.866317,245,1.60899481
22.5,1,2.173913043,0.313944099,1,1,1,22.5,22.5,25.8,1.146666667,1.146666667,7101.876025,230,1.60899481
22.5,1,2.127659574,0.313944099,1,1,1,22.5,22.5,25.8,1.146666667,1.146666667,7256.264635,235,1.60899481
22.5,1,2,0.313944099,1,1,1,22.5,22.5,25.37,1.127555556,1.127555556,8118.634232,250,1.60899481
22.5,1,2.104166667,0.31708354,1,1,1,22.5,22.5,25.304,1.124622222,1.124622222,7855.034079,240,1.60899481
22.5,1,2.125,0.320222981,1,1,1,22.5,22.5,25.395,1.128666667,1.128666667,7770.893532,240,1.60899481
22.5,1,1.625,0.244876397,1,1,1,22.5,22.5,26.906,1.195822222,1.195822222,6533.835508,240,1.60899481
22.5,1,1.717391304,0.248015838,1,1,1,22.5,22.5,27.039,1.201733333,1.201733333,6169.647155,230,1.60899481
22.5,1,2.666666667,0.251155279,1,1,1,22.5,22.5,24.51,1.089333333,1.089333333,5402.138245,150,1.60899481
22.5,1,1.818181818,0.251155279,1,1,1,22.5,22.5,26.885,1.194888889,1.194888889,6003.395108,220,1.60899481
22.5,1,1.777777778,0.251155279,1,1,1,22.5,22.5,27.013,1.200577778,1.200577778,6052.968739,225,1.60899481
22.5,1,1.739130435,0.251155279,1,1,1,22.5,22.5,27.09,1.204,1.204,6134.867531,230,1.60899481
22.5,1,1.70212766,0.251155279,1,1,1,22.5,22.5,27.172,1.207644444,1.207644444,6211.656236,235,1.60899481
22.5,1,1.666666667,0.251155279,1,1,1,22.5,22.5,27.423,1.2188,1.2188,6171.215599,240,1.60899481
22.5,1,1.8,0.25429472,1,1,1,22.5,22.5,25.837,1.148311111,1.148311111,6917.682591,225,1.60899481
22.5,1,1.760869565,0.25429472,1,1,1,22.5,22.5,27.045,1.202,1.202,6165.541812,230,1.60899481
22.5,1,1.863636364,0.257434161,1,1,1,22.5,22.5,25.618,1.138577778,1.138577778,6938.912091,220,1.60899481
22.5,1,1.782608696,0.257434161,1,1,1,22.5,22.5,26.721,1.1876,1.1876,6392.549263,230,1.60899481
22.5,1,2.315789474,0.276270807,1,1,1,22.5,22.5,24.496,1.088711111,1.088711111,6854.447422,190,1.60899481
22.5,1,2.260869565,0.326501863,1,1,1,22.5,22.5,26.154,1.1624,1.1624,6817.385403,230,1.60899481
22.5,1,2.782608696,0.401848447,1,1,1,22.5,22.5,24.51,1.089333333,1.089333333,8283.278642,230,1.60899481
22.5,1,1.4,0.024132619,1,1,1,22.5,22.5,30.796,1.368711111,1.368711111,4539.013186,250,1.87289611
22.5,1,1.6,0.027580136,1,1,1,22.5,22.5,29.659,1.318177778,1.318177778,5081.300337,250,1.87289611
22.5,1,1.76,0.030338149,1,1,1,22.5,22.5,28.38,1.261333333,1.261333333,5799.722361,250,1.87289611
22.5,1,1.413793103,0.028269639,1,1,1,22.5,22.5,30.96,1.376,1.376,5182.025079,290,1.87289611
22.5,1,1.592592593,0.029648646,1,1,1,22.5,22.5,30.28,1.345777778,1.345777778,5157.040241,270,1.87289611
22.5,1,1.692307692,0.030338149,1,1,1,22.5,22.5,29.356,1.304711111,1.304711111,5449.881754,260,1.87289611
22.5,1,1.78,0.030682901,1,1,1,22.5,22.5,28.38,1.261333333,1.261333333,5799.722361,250,1.87289611
22.5,1,1.745098039,0.030682901,1,1,1,22.5,22.5,29.386,1.306044444,1.306044444,5328.722768,255,1.87289611
22.5,1,2.142857143,0.031027653,1,1,1,22.5,22.5,27.919,1.240844444,1.240844444,5117.102156,210,1.87289611
22.5,1,1.875,0.031027653,1,1,1,22.5,22.5,28.38,1.261333333,1.261333333,5567.733466,240,1.87289611
22.5,1,1.836734694,0.031027653,1,1,1,22.5,22.5,28.448,1.264355556,1.264355556,5643.067369,245,1.87289611
22.5,1,1.8,0.031027653,1,1,1,22.5,22.5,29.185,1.297111111,1.297111111,5332.922647,250,1.87289611
22.5,1,1.764705882,0.031027653,1,1,1,22.5,22.5,28.393,1.261911111,1.261911111,5907.59483,255,1.87289611
22.5,1,1.730769231,0.031027653,1,1,1,22.5,22.5,28.368,1.2608,1.2608,6039.36895,260,1.87289611
22.5,1,1.285714286,0.031027653,1,1,1,22.5,22.5,30.96,1.376,1.376,6254.168199,350,1.87289611
22.5,1,1.125,0.031027653,1,1,1,22.5,22.5,32.298,1.435466667,1.435466667,6295.604967,400,1.87289611
22.5,1,1,0.031027653,1,1,1,22.5,22.5,33.125,1.472222222,1.472222222,6565.219058,450,1.87289611
22.5,1,0.818181818,0.031027653,1,1,1,22.5,22.5,33.54,1.490666667,1.490666667,7729.971332,550,1.87289611
22.5,1,0.692307692,0.031027653,1,1,1,22.5,22.5,36.046,1.602044444,1.602044444,7359.469167,650,1.87289611
22.5,1,1.857142857,0.031372404,1,1,1,22.5,22.5,29.102,1.293422222,1.293422222,5271.108355,245,1.87289611
22.5,1,1.82,0.031372404,1,1,1,22.5,22.5,28.38,1.261333333,1.261333333,5799.722361,250,1.87289611
22.5,1,1.916666667,0.031717156,1,1,1,22.5,22.5,28.589,1.270622222,1.270622222,5446.515154,240,1.87289611
22.5,1,1.84,0.031717156,1,1,1,22.5,22.5,28.351,1.260044444,1.260044444,5817.538034,250,1.87289611
22.5,1,2.181818182,0.033096163,1,1,1,22.5,22.5,28.268,1.256355556,1.256355556,5164.660775,220,1.87289611
22.5,1,2.5,0.03447517,1,1,1,22.5,22.5,27.469,1.220844444,1.220844444,5116.886882,200,1.87289611
22.5,1,2.12,0.03654368,1,1,1,22.5,22.5,28.105,1.249111111,1.249111111,5971.639862,250,1.87289611
22.5,1,2.6,0.044817721,1,1,1,22.5,22.5,27.059,1.202622222,1.202622222,6691.279165,250,1.87289611
22.5,1,3,0.051712755,1,1,1,22.5,22.5,26.481,1.176933333,1.176933333,7139.06331,250,1.87289611
22.5,1,3.4,0.058607789,1,1,1,22.5,22.5,25.662,1.140533333,1.140533333,7844.637422,250,1.87289611
22.5,1,1.413793103,0.028269639,1,1,1,22.5,22.5,30.96,1.376,1.376,5182.025079,290,1.87289611
22.5,1,1.592592593,0.029648646,1,1,1,22.5,22.5,30.28,1.345777778,1.345777778,5157.040241,270,1.87289611
22.5,1,2.5,0.03447517,1,1,1,22.5,22.5,27.469,1.220844444,1.220844444,5116.886882,200,1.87289611
22.5,1,1.25,0.019080223,1,1,1,22.5,22.5,35.55,1.58,1.58,2360.562747,200,1.66890774
22.5,1,1.5,0.022896268,1,1,1,22.5,22.5,32.798,1.457688889,1.457688889,3006.022865,200,1.66890774
22.5,1,0.857142857,0.022896268,1,1,1,22.5,22.5,35.636,1.583822222,1.583822222,4101.149133,350,1.66890774
22.5,1,1.75,0.026712313,1,1,1,22.5,22.5,32.124,1.427733333,1.427733333,3199.23036,200,1.66890774
22.5,1,1.166666667,0.026712313,1,1,1,22.5,22.5,33.192,1.4752,1.4752,4350.361611,300,1.66890774
22.5,1,2,0.030528357,1,1,1,22.5,22.5,30.935,1.374888889,1.374888889,3582.481886,200,1.66890774
22.5,1,1.6,0.030528357,1,1,1,22.5,22.5,30.866,1.371822222,1.371822222,4508.201526,250,1.66890774
22.5,1,2.2,0.033581193,1,1,1,22.5,22.5,29.528,1.312355556,1.312355556,4119.383904,200,1.66890774
22.5,1,2.095238095,0.033581193,1,1,1,22.5,22.5,29.146,1.295377778,1.295377778,4497.661654,210,1.66890774
22.5,1,2.225,0.033962797,1,1,1,22.5,22.5,29.186,1.297155556,1.297155556,4265.8996,200,1.66890774
22.5,1,2.170731707,0.033962797,1,1,1,22.5,22.5,29.774,1.323288889,1.323288889,4118.572142,205,1.66890774
22.5,1,3,0.034344402,1,1,1,22.5,22.5,28.051,1.246711111,1.246711111,3603.716208,150,1.66890774
22.5,1,2.368421053,0.034344402,1,1,1,22.5,22.5,28.989,1.2884,1.2884,4135.787981,190,1.66890774
22.5,1,2.307692308,0.034344402,1,1,1,22.5,22.5,29.427,1.307866667,1.307866667,4057.896934,195,1.66890774
22.5,1,2.25,0.034344402,1,1,1,22.5,22.5,29.464,1.309511111,1.309511111,4146.285918,200,1.66890774
22.5,1,2.195121951,0.034344402,1,1,1,22.5,22.5,29.419,1.307511111,1.307511111,4269.475354,205,1.66890774
22.5,1,2.142857143,0.034344402,1,1,1,22.5,22.5,29.658,1.318133333,1.318133333,4268.724049,210,1.66890774
22.5,1,1.8,0.034344402,1,1,1,22.5,22.5,30.54,1.357333333,1.357333333,4654.11681,250,1.66890774
22.5,1,1.5,0.034344402,1,1,1,22.5,22.5,31.149,1.3844,1.3844,5263.726277,300,1.66890774
22.5,1,1.285714286,0.034344402,1,1,1,22.5,22.5,32.598,1.4488,1.4488,5357.960983,350,1.66890774
22.5,1,2.333333333,0.034726006,1,1,1,22.5,22.5,29.61,1.316,1.316,3983.123367,195,1.66890774
22.5,1,2.275,0.034726006,1,1,1,22.5,22.5,29.406,1.306933333,1.306933333,4170.868577,200,1.66890774
22.5,1,2.421052632,0.035107611,1,1,1,22.5,22.5,27.935,1.241555556,1.241555556,4621.808452,190,1.66890774
22.5,1,2.3,0.035107611,1,1,1,22.5,22.5,29.035,1.290444444,1.290444444,4332.802299,200,1.66890774
22.5,1,3,0.045792536,1,1,1,22.5,22.5,28.534,1.268177778,1.268177778,4565.058986,200,1.66890774
22.5,1,3.5,0.053424625,1,1,1,22.5,22.5,27.849,1.237733333,1.237733333,4910.271984,200,1.66890774
22.5,1,4,0.061056714,1,1,1,22.5,22.5,26.542,1.179644444,1.179644444,5671.96353,200,1.66890774
22.5,1,4.5,0.068688804,1,1,1,22.5,22.5,25.405,1.129111111,1.129111111,6468.100608,200,1.66890774
22.5,1,5,0.076320893,1,1,1,22.5,22.5,24.944,1.108622222,1.108622222,6833.387843,200,1.66890774
22.5,1,6,0.091585072,1,1,1,22.5,22.5,24.177,1.074533333,1.074533333,7504.592807,200,1.66890774
22.5,1,1.75,0.672153635,1,1,1,22.5,22.5,27.208,1.209244444,1.209244444,5265.559293,200,0.47027106
22.5,1,1.85,0.710562414,1,1,1,22.5,22.5,27.039,1.201733333,1.201733333,5364.91057,200,0.47027106
22.5,1,1.857142857,0.748971193,1,1,1,22.5,22.5,26.984,1.199288889,1.199288889,5667.671609,210,0.47027106
22.5,1,1.926829268,0.758573388,1,1,1,22.5,22.5,27.052,1.202311111,1.202311111,5491.109363,205,0.47027106
22.5,1,2.666666667,0.768175583,1,1,1,22.5,22.5,25.626,1.138933333,1.138933333,4726.646925,150,0.47027106
22.5,1,2.222222222,0.768175583,1,1,1,22.5,22.5,25.792,1.146311111,1.146311111,5563.163364,180,0.47027106
22.5,1,2.105263158,0.768175583,1,1,1,22.5,22.5,25.8,1.146666667,1.146666667,5866.767151,190,0.47027106
22.5,1,2,0.768175583,1,1,1,22.5,22.5,27.019,1.200844444,1.200844444,5376.83303,200,0.47027106
22.5,1,1.818181818,0.768175583,1,1,1,22.5,22.5,27.071,1.203155556,1.203155556,5880.498626,220,0.47027106
22.5,1,2.076923077,0.777777778,1,1,1,22.5,22.5,25.809,1.147066667,1.147066667,6014.858945,195,0.47027106
22.5,1,2.025,0.777777778,1,1,1,22.5,22.5,26.937,1.1972,1.1972,5426.086158,200,0.47027106
22.5,1,2.157894737,0.787379973,1,1,1,22.5,22.5,25.846,1.148711111,1.148711111,5835.498336,190,0.47027106
22.5,1,2.05,0.787379973,1,1,1,22.5,22.5,26.564,1.180622222,1.180622222,5657.882833,200,0.47027106
22.5,1,2.529411765,0.825788752,1,1,1,22.5,22.5,25.694,1.141955556,1.141955556,5314.447616,170,0.47027106
22.5,1,3,0.864197531,1,1,1,22.5,22.5,24.702,1.097866667,1.097866667,5277.148014,150,0.47027106
22.5,1,2.5,0.960219479,1,1,1,22.5,22.5,25.8,1.146666667,1.146666667,6175.54437,200,0.47027106
22.5,1,2.75,1.056241427,1,1,1,22.5,22.5,24.51,1.089333333,1.089333333,7202.850993,200,0.47027106
22.5,1,3,1.152263374,1,1,1,22.5,22.5,24.499,1.088844444,1.088844444,7212.557545,200,0.47027106
22.5,1,3.75,1.440329218,1,1,1,22.5,22.5,23.611,1.049377778,1.049377778,8057.331289,200,0.47027106
22.5,1,4.25,1.632373114,1,1,1,22.5,22.5,23.091,1.026266667,1.026266667,8614.025249,200,0.47027106
22.5,1,4.75,1.82441701,1,1,1,22.5,22.5,21.875,0.972222222,0.972222222,10131.88331,200,0.47027106
22.5,1,5.25,2.016460905,1,1,1,22.5,22.5,21.363,0.949466667,0.949466667,10877.96464,200,0.47027106
22.5,1,6,2.304526749,1,1,1,22.5,22.5,20.807,0.924755556,0.924755556,11773.51016,200,0.47027106
22.5,1,1.975,0.758573388,1,1,1,22.5,22.5,25.968,1.154133333,1.154133333,6056.46005,200,0.47027106
22.5,1,7,1.942713641,1,1,1,22.5,22.5,22.42,0.996444444,0.996444444,4705.410788,100,1.63392405
22.5,1,6,1.665183121,1,1,1,22.5,22.5,22.91,1.018222222,1.018222222,4409.903652,100,1.63392405
22.5,1,4,1.110122081,1,1,1,22.5,22.5,24.78,1.101333333,1.101333333,3484.981384,100,1.63392405
22.5,1,1.818181818,1.110122081,1,1,1,22.5,22.5,27.73,1.232444444,1.232444444,5471.135121,220,1.63392405
22.5,1,1.454545455,0.888097665,1,1,1,22.5,22.5,29.87,1.327555556,1.327555556,4377.451889,220,1.63392405
22.5,1,1.217391304,0.777085457,1,1,1,22.5,22.5,30.93,1.374666667,1.374666667,4121.852482,230,1.63392405
30,1,4.333333333,1.014720964,1,1,1,30,30,31.6935,1.05645,1.05645,2498.532605,150,1.63392405
30,1,3,0.702499129,1,1,1,30,30,32.8207,1.094023333,1.094023333,2249.842463,150,1.63392405
30,1,2.333333333,0.546388212,1,1,1,30,30,33.6912,1.12304,1.12304,2079.91788,150,1.63392405
30,1,1.285714286,0.702499129,1,1,1,30,30,38.7865,1.292883333,1.292883333,3180.758071,350,1.63392405
30,1,1,0.546388212,1,1,1,30,30,42.0904,1.403013333,1.403013333,2488.990585,350,1.63392405
15,1,6,1.873331011,1,1,1,15,15,15.5726,1.038173333,1.038173333,7020.870908,50,1.63392405
15,1,4.923076923,1.998219745,1,1,1,15,15,15.6527,1.043513333,1.043513333,8987.728407,65,1.63392405
15,1,3.333333333,1.561109176,1,1,1,15,15,16.7167,1.114446667,1.114446667,8513.614595,75,1.63392405
15,1,2.5,1.561109176,1,1,1,15,15,17.5137,1.16758,1.16758,9871.215882,100,1.63392405
15,1,2,1.248887341,1,1,1,15,15,18.5377,1.235846667,1.235846667,8324.09101,100,1.63392405
15,1,2.5,1.404998258,1,1,1,15,15,18.8039,1.253593333,1.253593333,7177.993806,90,1.63392405
125,3,2,0.1188,3,2,3,375,187.5,245.1,1.9608,1.3072,31.65,876.2019231,57.2
175,1.5,2,0.067885714,3,3.5,2,262.5,210,242.86,1.387771429,1.15647619,18.22,490.6730769,57.2
125,2.5,2,0.0515625,2.5,4,2,312.5,178.5714286,242.42,1.93936,1.357552,11.83,316.9133113,57.2
150,2,2,0.060342857,4,2.5,2,300,200,225.65,1.504333333,1.12825,19.78,427.2527473,57.2
150,2,2,0.120685714,4,2.5,2,300,200,214.34,1.428933333,1.0717,46.15,854.5054945,57.2
100,3,2,0.044916667,3.5,3,2,300,150,211.71,2.1171,1.4114,11.88,212.0192308,57.2
125,3,6,0.0594,3,2,3,375,187.5,211.71,1.69368,1.12912,8.19,146.0336538,57.2
175,3,13,0.0704,2,2.5,5,525,262.5,207.04,1.183085714,0.78872381,9.38,156.5680473,57.2
100,2.5,2,0.09504,3,2.5,6,250,142.8571429,204.9,2.049,1.4343,23.11,373.8461538,57.2
125,2,2,0.025142857,2,3.5,6,250,166.6666667,204.13,1.63304,1.22478,7.73,123.6263736,57.2
175,1,2,0.034375,2.5,3,6,175,175,201.75,1.152857143,1.152857143,10.73,165.640024,57.2
175,3,10,0.0704,2,2.5,5,525,262.5,200.65,1.146571429,0.764380952,13.4,203.5384615,57.2
175,2,6,0.067375,3.5,4,3,350,233.3333333,197.22,1.126971429,0.845228571,15.01,216.4362981,57.2
100,3,2,0.089833333,3.5,3,2,300,150,196.24,1.9624,1.308266667,29.85,424.0384615,57.2
175,3,22,0.0704,2,2.5,5,525,262.5,195.29,1.115942857,0.743961905,6.61,92.51748252,57.2
125,2,2,0.050285714,2,3.5,6,250,166.6666667,192.9,1.5432,1.1574,18.32,247.2527473,57.2
175,1,2,0.06875,2.5,3,6,175,175,189.99,1.085657143,1.085657143,25.69,331.2800481,57.2
150,3,8,0.044508973,2.49,3.5,4.01,450,225,189.54,1.2636,0.8424,9.23,118.1783276,57.2
175,3,16,0.0704,2,2.5,5,525,262.5,189.22,1.081257143,0.720838095,9.99,127.2115385,57.2
175,2.5,6,0.150857143,4,2,4,437.5,250,188.07,1.074685714,0.75228,48.43,605.7692308,57.2
125,1.5,2,0.050285714,4,3,5,187.5,150,187.64,1.50112,1.250933333,14.93,185.4395604,57.2
150,1,2,0.0594,3,4,5,150,150,185.1,1.234,1.234,17.64,210.2884615,57.2
150,1.5,2,0.067375,3.5,2,6,225,180,183.44,1.222933333,1.019111111,30.83,357.7824519,57.2
125,3,10,0.0594,3,2,3,375,187.5,182.39,1.45912,0.972746667,7.68,87.62019231,57.2
100,2.5,6,0.04752,3,2.5,6,250,142.8571429,181.57,1.8157,1.27099,5.54,62.30769231,57.2
150,3,19,0.058928571,2.5,3.5,4,450,225,181.52,1.210133333,0.806755556,5.86,65.87984384,57.2
175,3,13,0.1408,2,2.5,5,525,262.5,180.12,1.029257143,0.686171429,28.5,313.1360947,57.2
150,1,2,0.0297,3,4,5,150,150,179.91,1.1994,1.1994,9.6,105.1442308,57.2
175,3,10,0.1408,2,2.5,5,525,262.5,178.35,1.019142857,0.679428571,38.16,407.0769231,57.2
125,2.5,6,0.0515625,2.5,4,2,312.5,178.5714286,176.76,1.41408,0.989856,10.17,105.6377704,57.2
150,2.5,6,0.058666667,2,3,3,375,214.2857143,172.59,1.1506,0.80542,17.91,173.0769231,57.2
100,3,6,0.044916667,3.5,3,2,300,150,170.24,1.7024,1.134933333,7.62,70.67307692,57.2
125,3,6,0.1188,3,2,3,375,187.5,169.98,1.35984,0.90656,31.63,292.0673077,57.2
175,2.5,19,0.075428571,4,2,4,437.5,250,168.2,0.961142857,0.6728,10.69,95.64777328,57.2
175,2.5,10,0.150857143,4,2,4,437.5,250,167.69,0.958228571,0.67076,40.99,363.4615385,57.2
175,2.5,10,0.075428571,4,2,4,437.5,250,167.6,0.957714286,0.6704,20.53,181.7307692,57.2
150,1.5,2,0.13475,3.5,2,6,225,180,167.04,1.1136,0.928,81.66,715.5649038,57.2
125,1.5,2,0.100571429,4,3,5,187.5,150,165.6,1.3248,1.104,43.43,370.8791209,57.2
150,3,8,0.089017947,2.49,3.5,4.01,450,225,165.28,1.101866667,0.734577778,27.83,236.3566553,57.2
175,2.5,22,0.075428571,4,2,4,437.5,250,165.01,0.942914286,0.66004,9.78,82.6048951,57.2
150,3,10,0.058928571,2.5,3.5,4,450,225,164.72,1.098133333,0.732088889,14.9,125.1717033,57.2
175,2,10,0.13475,3.5,4,3,350,233.3333333,164.53,0.940171429,0.705128571,31.02,259.7235577,57.2
175,1,6,0.034375,2.5,3,6,175,175,162.59,0.929085714,0.929085714,6.83,55.21334135,57.2
175,2,19,0.067375,3.5,4,3,350,233.3333333,162.45,0.928285714,0.696214286,8.48,68.34830466,57.2
175,2.5,13,0.075428571,4,2,4,437.5,250,162.04,0.925942857,0.64816,17.47,139.7928994,57.2
150,3,10,0.117857143,2.5,3.5,4,450,225,160.71,1.0714,0.714266667,32.08,250.3434066,57.2
175,2.51,8,0.11281686,3.94,2,4.03,439.25,250.2849003,157.91,0.902342857,0.630921002,45.91,341.1224624,57.2
175,2.5,16,0.075428571,4,2,4,437.5,250,157.22,0.8984,0.62888,15.54,113.5817308,57.2
75,3,2,0.037714286,4,4,6,225,112.5,157.06,2.094133333,1.396088889,13.75,100.1373626,57.2
175,3,16,0.1408,2,2.5,5,525,262.5,154.27,0.881542857,0.587695238,36.86,254.4230769,57.2
125,1,2,0.0539,3.5,2.5,4,125,125,154.22,1.23376,1.23376,19.22,132.5120192,57.2
75,2.5,2,0.0385,3.5,3.5,5,187.5,107.1428571,153.96,2.0528,1.43696,12.42,85.18629808,57.2
100,1.5,2,0.022,2,4,4,150,120,152.64,1.5264,1.272,7.77,51.92307692,57.2
125,3,16,0.0594,3,2,3,375,187.5,152.63,1.22104,0.814026667,8.19,54.76262019,57.2
100,2.5,6,0.09504,3,2.5,6,250,142.8571429,152.12,1.5212,1.06484,18.83,124.6153846,57.2
175,2.5,13,0.150857143,4,2,4,437.5,250,152.04,0.8688,0.60816,42.31,279.5857988,57.2
150,3,14,0.044508973,2.49,3.5,4.01,450,225,150.92,1.006133333,0.670755556,10.44,67.53047294,57.2
150,3,13,0.117857143,2.5,3.5,4,450,225,150.45,1.003,0.668666667,30.08,192.5718512,57.2
75,3,2,0.075428571,4,4,6,225,112.5,149.7,1.996,1.330666667,31.75,200.2747253,57.2
125,2.5,13,0.0515625,2.5,4,2,312.5,178.5714286,149.11,1.19288,0.835016,7.82,48.75589405,57.2
125,2,6,0.025142857,2,3.5,6,250,166.6666667,148.56,1.18848,0.89136,6.68,41.20879121,57.2
125,3,13,0.0594,3,2,3,375,187.5,147.3,1.1784,0.7856,11.22,67.40014793,57.2
75,2,2,0.0396,3,3,4,150,100,146.56,1.954133333,1.4656,11.84,70.09615385,57.2
150,2.5,10,0.117333333,2,3,3,375,214.2857143,146.33,0.975533333,0.682873333,35.26,207.6923077,57.2
175,1.5,10,0.067885714,3,3.5,2,262.5,210,145.46,0.8312,0.692666667,16.96,98.13461538,57.2
175,2,10,0.067375,3.5,4,3,350,233.3333333,145.31,0.830342857,0.622757143,22.51,129.8617788,57.2
150,3,13,0.058928571,2.5,3.5,4,450,225,144.6,0.964,0.642666667,16.94,96.28592561,57.2
175,2,16,0.067375,3.5,4,3,350,233.3333333,142.86,0.816342857,0.612257143,14.81,81.16361178,57.2
100,1.5,2,0.044,2,4,4,150,120,142.68,1.4268,1.189,19.02,103.8461538,57.2
150,2,6,0.120685714,4,2.5,2,300,200,142.51,0.950066667,0.71255,52.35,284.8351648,57.2
125,1,2,0.1078,3.5,2.5,4,125,125,141.84,1.13472,1.13472,49.4,265.0240385,57.2
125,2.5,16,0.0515625,2.5,4,2,312.5,178.5714286,141.48,1.13184,0.792288,7.44,39.61416391,57.2
100,2,2,0.103125,2.5,2,5,200,133.3333333,141.03,1.4103,1.057725,61.54,324.5192308,57.2
175,2,13,0.067375,3.5,4,3,350,233.3333333,139.86,0.7992,0.5994,19.42,99.89367604,57.2
75,2.5,2,0.077,3.5,3.5,5,187.5,107.1428571,139.35,1.858,1.3006,33.49,170.3725962,57.2
175,2.5,16,0.150857143,4,2,4,437.5,250,139.09,0.7948,0.55636,44.9,227.1634615,57.2
175,2.5,19,0.150857143,4,2,4,437.5,250,138.96,0.794057143,0.55584,37.91,191.2955466,57.2
175,3,19,0.1408,2,2.5,5,525,262.5,138.15,0.789428571,0.526285714,43.22,214.2510121,57.2
100,3,10,0.044916667,3.5,3,2,300,150,137.58,1.3758,0.9172,8.66,42.40384615,57.2
150,3,16,0.117857143,2.5,3.5,4,450,225,136.46,0.909733333,0.606488889,32.75,156.4646291,57.2
150,1,6,0.0594,3,4,5,150,150,135.61,0.904066667,0.904066667,14.95,70.09615385,57.2
175,3,22,0.1408,2,2.5,5,525,262.5,135.31,0.7732,0.515466667,39.73,185.034965,57.2
150,2.5,10,0.058666667,2,3,3,375,214.2857143,135.06,0.9004,0.63028,22.42,103.8461538,57.2
175,1.49,8,0.051300952,2.98,3.49,2.02,260.75,209.437751,134.75,0.77,0.643389262,20.05,92.08190168,57.2
175,1.5,10,0.271542857,3,3.5,2,262.5,210,134.56,0.768914286,0.640761905,85.7,392.5384615,57.2
150,2.5,22,0.029333333,2,3,3,375,214.2857143,134.54,0.896933333,0.627853333,5.15,23.6013986,57.2
150,2,6,0.060342857,4,2.5,2,300,200,134.33,0.895533333,0.67165,31.25,142.4175824,57.2
175,3,19,0.0704,2,2.5,5,525,262.5,134.29,0.767371429,0.511580952,23.53,107.1255061,57.2
100,2,2,0.0515625,2.5,2,5,200,133.3333333,133.48,1.3348,1.0011,36.29,162.2596154,57.2
175,1,6,0.06875,2.5,3,6,175,175,133.42,0.7624,0.7624,24.73,110.4266827,57.2
100,3,16,0.044916667,3.5,3,2,300,150,133.28,1.3328,0.888533333,5.95,26.50240385,57.2
175,2,16,0.13475,3.5,4,3,350,233.3333333,131.89,0.753657143,0.565242857,37.63,162.3272236,57.2
150,2.5,13,0.058666667,2,3,3,375,214.2857143,130.45,0.869666667,0.608766667,19.14,79.8816568,57.2
175,2,13,0.13475,3.5,4,3,350,233.3333333,130.19,0.743942857,0.557957143,48.16,199.7873521,57.2
175,1,10,0.06875,2.5,3,6,175,175,129.59,0.740514286,0.740514286,16.19,66.25600962,57.2
75,2.5,6,0.0385,3.5,3.5,5,187.5,107.1428571,128.9,1.718666667,1.203066667,7.05,28.39543269,57.2
75,1.5,2,0.04125,2.5,2.5,3,112.5,90,128.79,1.7172,1.431,13.64,54.76262019,57.2
100,1,2,0.043102041,4,3.5,3,100,100,128.49,1.2849,1.2849,17,67.81789639,57.2
175,2,19,0.13475,3.5,4,3,350,233.3333333,128.35,0.733428571,0.550071429,34.39,136.6966093,57.2
125,2,10,0.025142857,2,3.5,6,250,166.6666667,128.34,1.02672,0.77004,6.22,24.72527473,57.2
125,3,19,0.0594,3,2,3,375,187.5,127.66,1.02128,0.680853333,11.79,46.11589069,57.2
75,2,6,0.0396,3,3,4,150,100,127.34,1.697866667,1.2734,6.02,23.36538462,57.2
150,2,16,0.060342857,4,2.5,2,300,200,127.33,0.848866667,0.63665,13.76,53.40659341,57.2
125,2.5,10,0.0515625,2.5,4,2,312.5,178.5714286,126.5,1.012,0.7084,16.66,63.38266226,57.2
75,2,2,0.0792,3,3,4,150,100,126.47,1.686266667,1.2647,36.86,140.1923077,57.2
150,3,22,0.058928571,2.5,3.5,4,450,225,126.22,0.841466667,0.560977778,15.05,56.89622877,57.2
150,3,14,0.089017947,2.49,3.5,4.01,450,225,126.19,0.841266667,0.560844444,35.74,135.0609459,57.2
150,3,20,0.044508973,2.49,3.5,4.01,450,225,125.6,0.837333333,0.558222222,12.69,47.27133106,57.2
175,2,22,0.067375,3.5,4,3,350,233.3333333,125.51,0.7172,0.5379,15.88,59.02808129,57.2
150,1.5,6,0.067375,3.5,2,6,225,180,125.35,0.835666667,0.696388889,32.2,119.2608173,57.2
150,2,10,0.060342857,4,2.5,2,300,200,124.06,0.827066667,0.6203,23.8,85.45054945,57.2
125,2,6,0.050285714,2,3.5,6,250,166.6666667,122.46,0.97968,0.73476,23.87,82.41758242,57.2
125,1.5,6,0.050285714,4,3,5,187.5,150,121.91,0.97528,0.812733333,18.15,61.81318681,57.2
175,1.5,13,0.135771429,3,3.5,2,262.5,210,120.29,0.687371429,0.572809524,46.13,150.9763314,57.2
125,1,13,0.0539,3.5,2.5,4,125,125,119.75,0.958,0.958,6.31,20.3864645,57.2
100,2.5,19,0.04752,3,2.5,6,250,142.8571429,119.54,1.1954,0.83678,6.13,19.67611336,57.2
100,1.5,10,0.044,2,4,4,150,120,119.52,1.1952,0.996,6.47,20.76923077,57.2
150,1.5,6,0.13475,3.5,2,6,225,180,118.67,0.791133333,0.659277778,75.91,238.5216346,57.2
175,1.5,10,0.135771429,3,3.5,2,262.5,210,118.41,0.676628571,0.563857143,62.88,196.2692308,57.2
175,1.49,8,0.102601904,2.98,3.49,2.02,260.75,209.437751,117.85,0.673428571,0.562697028,59.96,184.1638034,57.2
150,2,19,0.060342857,4,2.5,2,300,200,116.99,0.779933333,0.58495,14.94,44.9739734,57.2
100,3,6,0.089833333,3.5,3,2,300,150,116.89,1.1689,0.779266667,47.07,141.3461538,57.2
100,1.5,6,0.022,2,4,4,150,120,116.43,1.1643,0.97025,5.83,17.30769231,57.2
175,1.49,10.07,0.047196876,2.98,3.49,2.02,260.75,209.437751,115.64,0.6608,0.552144966,23.11,67.30117144,57.2
125,3,10,0.1188,3,2,3,375,187.5,115.57,0.92456,0.616373333,60.38,175.2403846,57.2
175,1.5,13,0.067885714,3,3.5,2,262.5,210,115.48,0.659885714,0.549904762,26.07,75.48816568,57.2
100,2,6,0.0515625,2.5,2,5,200,133.3333333,115.15,1.1515,0.863625,18.84,54.08653846,57.2
125,2.5,10,0.103125,2.5,4,2,312.5,178.5714286,115.03,0.92024,0.644168,44.3,126.7653245,57.2
175,2.5,22,0.150857143,4,2,4,437.5,250,114.96,0.656914286,0.45984,57.84,165.2097902,57.2
175,1.5,16,0.067885714,3,3.5,2,262.5,210,114.59,0.6548,0.545666667,21.68,61.33413462,57.2
100,1,2,0.086204082,4,3.5,3,100,100,114.46,1.1446,1.1446,48.11,135.6357928,57.2
150,2.5,13,0.117333333,2,3,3,375,214.2857143,114.28,0.761866667,0.533306667,56.93,159.7633136,57.2
100,1,6,0.043102041,4,3.5,3,100,100,113.67,1.1367,1.1367,8.19,22.60596546,57.2
150,2,13,0.120685714,4,2.5,2,300,200,112.75,0.751666667,0.56375,48.78,131.4623838,57.2
125,1,6,0.0539,3.5,2.5,4,125,125,112.69,0.90152,0.90152,16.42,44.17067308,57.2
75,1,2,0.044,2,2,2,75,75,112.69,1.502533333,1.502533333,14.47,38.94230769,57.2
75,3,6,0.037714286,4,4,6,225,112.5,112.1,1.494666667,0.996444444,12.6,33.37912088,57.2
175,1.49,8,0.153902856,2.98,3.49,2.02,260.75,209.437751,111.64,0.637942857,0.533046213,105.8,276.2457051,57.2
175,1.49,8,0.205203808,2.98,3.49,2.02,260.75,209.437751,111.52,0.637257143,0.53247325,141.53,368.3276067,57.2
175,1,8,0.051583247,2.49,3.02,5.96,175,175,111.31,0.636057143,0.636057143,23.89,62.14000242,57.2
75,1.5,2,0.0825,2.5,2.5,3,112.5,90,110.57,1.474266667,1.228555556,43.1,109.5252404,57.2
100,2.5,22,0.09504,3,2.5,6,250,142.8571429,110.21,1.1021,0.77147,13.5,33.98601399,57.2
100,2.5,16,0.09504,3,2.5,6,250,142.8571429,109.81,1.0981,0.76867,18.77,46.73076923,57.2
75,3,16,0.037714286,4,4,6,225,112.5,109.35,1.458,0.972,5.09,12.51717033,57.2
75,3,10,0.037714286,4,4,6,225,112.5,109.18,1.455733333,0.970488889,8.19,20.02747253,57.2
75,2.5,10,0.0385,3.5,3.5,5,187.5,107.1428571,108.77,1.450266667,1.015186667,7.04,17.03725962,57.2
150,2.5,16,0.058666667,2,3,3,375,214.2857143,108.74,0.724933333,0.507453333,26.85,64.90384615,57.2
100,1.5,6,0.044,2,4,4,150,120,108.25,1.0825,0.902083333,14.52,34.61538462,57.2
125,1.5,10,0.050285714,4,3,5,187.5,150,107.64,0.86112,0.7176,15.82,37.08791209,57.2
150,1.5,10,0.067375,3.5,2,6,225,180,107.3,0.715333333,0.596111111,30.81,71.55649038,57.2
125,2.5,19,0.0515625,2.5,4,2,312.5,178.5714286,107.17,0.85736,0.600152,14.41,33.35929593,57.2
150,2,10,0.120685714,4,2.5,2,300,200,106.28,0.708533333,0.5314,75.73,170.9010989,57.2
125,1,10,0.0539,3.5,2.5,4,125,125,106.09,0.84872,0.84872,11.81,26.50240385,57.2
175,1.49,14,0.051300952,2.98,3.49,2.02,260.75,209.437751,106.04,0.605942857,0.506307958,23.52,52.61822953,57.2
175,1.5,19,0.067885714,3,3.5,2,262.5,210,105.81,0.604628571,0.503857143,23.19,51.64979757,57.2
75,3,13,0.037714286,4,4,6,225,112.5,105.48,1.4064,0.9376,6.98,15.4057481,57.2
150,2.5,16,0.117333333,2,3,3,375,214.2857143,105.08,0.700533333,0.490373333,59.5,129.8076923,57.2
125,1.5,6,0.100571429,4,3,5,187.5,150,103.45,0.8276,0.689666667,59.4,123.6263736,57.2
125,3,13,0.1188,3,2,3,375,187.5,103.15,0.8252,0.550133333,65.32,134.8002959,57.2
75,2,13,0.0396,3,3,4,150,100,102.41,1.365466667,1.0241,5.34,10.78402367,57.2
75,3,6,0.075428571,4,4,6,225,112.5,102.36,1.3648,0.909866667,33.11,66.75824176,57.2
125,2.5,13,0.20625,2.5,4,2,312.5,178.5714286,102.12,0.81696,0.571872,97.39,195.0235762,57.2
125,2.5,22,0.0515625,2.5,4,2,312.5,178.5714286,102.09,0.81672,0.571704,14.4,28.81030103,57.2
100,2.81,8,0.069584763,3.58,2.99,2,281,147.5065617,102.06,1.0206,0.691901423,38.36,76.914277,57.2
75,1,2,0.088,2,2,2,75,75,102,1.36,1.36,39.04,77.88461538,57.2
125,2,16,0.050285714,2,3.5,6,250,166.6666667,100.85,0.8068,0.6051,16.02,30.90659341,57.2
100,2.5,10,0.09504,3,2.5,6,250,142.8571429,100.82,1.0082,0.70574,38.8,74.76923077,57.2
75,2.5,13,0.0385,3.5,3.5,5,187.5,107.1428571,100.75,1.343333333,0.940333333,6.82,13.10558432,57.2
125,2,19,0.100571429,2,3.5,6,250,166.6666667,100.68,0.80544,0.60408,27.13,52.05320995,57.2
125,1,6,0.1078,3.5,2.5,4,125,125,100.29,0.80232,0.80232,46.58,88.34134615,57.2
175,1.5,16,0.271542857,3,3.5,2,262.5,210,99.67,0.569542857,0.474619048,131.81,245.3365385,57.2
75,1.5,6,0.04125,2.5,2.5,3,112.5,90,99.27,1.3236,1.103,9.93,18.25420673,57.2
125,2.5,13,0.103125,2.5,4,2,312.5,178.5714286,99,0.792,0.5544,53.45,97.51178809,57.2
175,1,8,0.103166495,2.49,3.02,5.96,175,175,98.57,0.563257143,0.563257143,68.81,124.2800048,57.2
100,2.5,10,0.19008,3,2.5,6,250,142.8571429,98.44,0.9844,0.68908,83.39,149.5384615,57.2
75,2.5,6,0.077,3.5,3.5,5,187.5,107.1428571,98.15,1.308666667,0.916066667,31.95,56.79086538,57.2
175,1.5,13,0.271542857,3,3.5,2,262.5,210,97.5,0.557142857,0.464285714,173.27,301.9526627,57.2
150,2,19,0.120685714,4,2.5,2,300,200,97.42,0.649466667,0.4871,51.75,89.94794679,57.2
100,3,10,0.089833333,3.5,3,2,300,150,97.06,0.9706,0.647066667,49.33,84.80769231,57.2
75,2,6,0.0792,3,3,4,150,100,96.47,1.286266667,0.9647,27.68,46.73076923,57.2
150,2.5,22,0.058666667,2,3,3,375,214.2857143,96.42,0.6428,0.44996,28.01,47.2027972,57.2
175,1.5,16,0.135771429,3,3.5,2,262.5,210,95.96,0.548342857,0.456952381,73.85,122.6682692,57.2
100,1.5,13,0.044,2,4,4,150,120,95.88,0.9588,0.799,9.64,15.97633136,57.2
150,2.5,19,0.058666667,2,3,3,375,214.2857143,95.82,0.6388,0.44716,33.04,54.65587045,57.2
125,1.5,10,0.100571429,4,3,5,187.5,150,95.78,0.76624,0.638533333,44.91,74.17582418,57.2
125,2,19,0.050285714,2,3.5,6,250,166.6666667,95.69,0.76552,0.57414,15.8,26.02660497,57.2
75,1.5,10,0.04125,2.5,2.5,3,112.5,90,95.56,1.274133333,1.061777778,6.68,10.95252404,57.2
100,2.5,19,0.09504,3,2.5,6,250,142.8571429,95.45,0.9545,0.66815,24.07,39.35222672,57.2
125,2,10,0.050285714,2,3.5,6,250,166.6666667,95.31,0.76248,0.57186,30.38,49.45054945,57.2
125,3,22,0.0594,3,2,3,375,187.5,95.3,0.7624,0.508266667,24.47,39.82736014,57.2
100,2.81,8,0.139169526,3.58,2.99,2,281,147.5065617,94.9,0.949,0.64336121,95.43,153.828554,57.2
125,2.5,16,0.103125,2.5,4,2,312.5,178.5714286,94.85,0.7588,0.53116,49.39,79.22832782,57.2
75,3,19,0.037714286,4,4,6,225,112.5,94.78,1.263733333,0.842488889,6.58,10.54077501,57.2
125,3,19,0.1188,3,2,3,375,187.5,94.53,0.75624,0.50416,58.07,92.23178138,57.2
150,2.5,22,0.117333333,2,3,3,375,214.2857143,94.42,0.629466667,0.440626667,59.65,94.40559441,57.2
175,1,13,0.06875,2.5,3,6,175,175,94.2,0.538285714,0.538285714,32.43,50.96616124,57.2
175,1,8,0.154749742,2.49,3.02,5.96,175,175,94.1,0.537714286,0.537714286,118.63,186.4200073,57.2
100,3,19,0.044916667,3.5,3,2,300,150,93.99,0.9399,0.6266,14.3,22.31781377,57.2
150,2,16,0.120685714,4,2.5,2,300,200,93.97,0.626466667,0.46985,68.46,106.8131868,57.2
150,2.5,19,0.117333333,2,3,3,375,214.2857143,93.83,0.625533333,0.437873333,70.38,109.3117409,57.2
150,2,22,0.060342857,4,2.5,2,300,200,93.8,0.625333333,0.469,25.03,38.84115884,57.2
150,2,13,0.060342857,4,2.5,2,300,200,93.63,0.6242,0.46815,42.6,65.73119189,57.2
150,1,10,0.0594,3,4,5,150,150,93.42,0.6228,0.6228,27.44,42.05769231,57.2
175,1.5,22,0.135771429,3,3.5,2,262.5,210,93.03,0.5316,0.443,58.94,89.21328671,57.2
125,2,13,0.050285714,2,3.5,6,250,166.6666667,92.33,0.73864,0.55398,25.71,38.03888419,57.2
100,1.5,16,0.044,2,4,4,150,120,92.31,0.9231,0.76925,8.78,12.98076923,57.2
100,2.5,13,0.09504,3,2.5,6,250,142.8571429,92.3,0.923,0.6461,38.9,57.5147929,57.2
175,1,10,0.1375,2.5,3,6,175,175,91.99,0.525657143,0.525657143,90.54,132.5120192,57.2
100,3,22,0.044916667,3.5,3,2,300,150,91.51,0.9151,0.610066667,13.38,19.27447552,57.2
125,3,16,0.1188,3,2,3,375,187.5,91.44,0.73152,0.48768,76.2,109.5252404,57.2
175,1.5,19,0.135771429,3,3.5,2,262.5,210,91.24,0.521371429,0.43447619,72.35,103.2995951,57.2
175,1,8,0.206332989,2.49,3.02,5.96,175,175,90.96,0.519771429,0.519771429,175.12,248.5600097,57.2
100,2,6,0.103125,2.5,2,5,200,133.3333333,90.65,0.9065,0.679875,77.23,108.1730769,57.2
175,1,16,0.06875,2.5,3,6,175,175,90.11,0.514914286,0.514914286,30.1,41.41000601,57.2
100,2.5,13,0.19008,3,2.5,6,250,142.8571429,90.01,0.9001,0.63007,83.89,115.0295858,57.2
125,1.5,22,0.050285714,4,3,5,187.5,150,89.84,0.71872,0.598933333,12.37,16.85814186,57.2
175,1.49,14,0.205203808,2.98,3.49,2.02,260.75,209.437751,89.62,0.512114286,0.427907574,155.82,210.4729181,57.2
175,1.49,14,0.102601904,2.98,3.49,2.02,260.75,209.437751,89.4,0.510857143,0.426857143,78.49,105.2364591,57.2
125,1.5,13,0.050285714,4,3,5,187.5,150,89.23,0.71384,0.594866667,21.36,28.52916314,57.2
100,1.5,19,0.044,2,4,4,150,120,89.05,0.8905,0.742083333,8.23,10.93117409,57.2
75,2,16,0.0396,3,3,4,150,100,89.04,1.1872,0.8904,6.6,8.762019231,57.2
100,1.96,8,0.076721649,2.44,2,4.87,196,132.4324324,88.74,0.8874,0.670077551,44.8,59.15078221,57.2
125,2,10,0.100571429,2,3.5,6,250,166.6666667,88.66,0.70928,0.53196,75.47,98.9010989,57.2
175,1.49,14,0.153902856,2.98,3.49,2.02,260.75,209.437751,88.47,0.505542857,0.422416683,121.48,157.8546886,57.2
150,1,10,0.1188,3,4,5,150,150,88.25,0.588333333,0.588333333,65.08,84.11538462,57.2
100,1,10,0.043102041,4,3.5,3,100,100,88.13,0.8813,0.8813,10.54,13.56357928,57.2
150,1.5,10,0.13475,3.5,2,6,225,180,87.38,0.582533333,0.485444444,114.11,143.1129808,57.2
175,1,13,0.275,2.5,3,6,175,175,86.92,0.496685714,0.496685714,165.1,203.864645,57.2
75,3,8,0.057142857,4,4,6,225,112.5,86.83,1.157733333,0.771822222,30.75,37.93081918,57.2
125,1.5,13,0.100571429,4,3,5,187.5,150,86.69,0.69352,0.577933333,46.58,57.05832629,57.2
150,1.5,19,0.067375,3.5,2,6,225,180,86.63,0.577533333,0.481277778,30.81,37.66131073,57.2
175,1,14,0.051583247,2.49,3.02,5.96,175,175,86.56,0.494628571,0.494628571,29.03,35.50857281,57.2
175,1.5,22,0.067885714,3,3.5,2,262.5,210,86.52,0.4944,0.412,36.64,44.60664336,57.2
125,1.5,16,0.050285714,4,3,5,187.5,150,86.48,0.69184,0.576533333,19.06,23.17994505,57.2
175,1,10,0.275,2.5,3,6,175,175,86.25,0.492857143,0.492857143,219.73,265.0240385,57.2
100,2,13,0.0515625,2.5,2,5,200,133.3333333,86,0.86,0.645,20.88,24.96301775,57.2
75,3,10,0.075428571,4,4,6,225,112.5,85.79,1.143866667,0.762577778,33.74,40.05494505,57.2
100,2.5,16,0.19008,3,2.5,6,250,142.8571429,85.63,0.8563,0.59941,79.16,93.46153846,57.2
75,2.5,10,0.077,3.5,3.5,5,187.5,107.1428571,84.9,1.132,0.7924,29.61,34.07451923,57.2
100,1,13,0.043102041,4,3.5,3,100,100,84.67,0.8467,0.8467,9.14,10.43352252,57.2
100,2,10,0.0515625,2.5,2,5,200,133.3333333,84.56,0.8456,0.6342,28.55,32.45192308,57.2
150,1,16,0.1188,3,4,5,150,150,84.54,0.5636,0.5636,46.27,52.57211538,57.2
125,1,10,0.1078,3.5,2.5,4,125,125,84.49,0.67592,0.67592,46.74,53.00480769,57.2
125,1.5,19,0.050285714,4,3,5,187.5,150,84.25,0.674,0.561666667,17.36,19.51995373,57.2
125,1,19,0.0539,3.5,2.5,4,125,125,83.91,0.67128,0.67128,12.56,13.9486336,57.2
75,1,6,0.044,2,2,2,75,75,83.68,1.115733333,1.115733333,11.78,12.98076923,57.2
75,1.5,6,0.0825,2.5,2.5,3,112.5,90,83.57,1.114266667,0.928555556,33.27,36.50841346,57.2
75,1.5,13,0.04125,2.5,2.5,3,112.5,90,83.54,1.113866667,0.928222222,7.69,8.425018491,57.2
125,3,22,0.1188,3,2,3,375,187.5,83.47,0.66776,0.445173333,72.86,79.65472028,57.2
175,1.49,20,0.051300952,2.98,3.49,2.02,260.75,209.437751,82.45,0.471142857,0.393673058,35.02,36.83276067,57.2
75,3,16,0.075428571,4,4,6,225,112.5,81.61,1.088133333,0.725422222,24.5,25.03434066,57.2
100,1.5,22,0.044,2,4,4,150,120,80.97,0.8097,0.67475,9.46,9.440559441,57.2
150,1.5,13,0.067375,3.5,2,6,225,180,80.58,0.5372,0.447666667,55.97,55.04345414,57.2
125,2.5,19,0.103125,2.5,4,2,312.5,178.5714286,80.52,0.64416,0.450912,67.97,66.71859185,57.2
100,1.5,10,0.088,2,4,4,150,120,80.49,0.8049,0.67075,42.37,41.53846154,57.2
100,3,13,0.089833333,3.5,3,2,300,150,80.28,0.8028,0.5352,67.07,65.23668639,57.2
125,2.5,22,0.103125,2.5,4,2,312.5,178.5714286,80.09,0.64072,0.448504,59.66,57.62060205,57.2
150,1.5,16,0.067375,3.5,2,6,225,180,80,0.533333333,0.444444444,46.46,44.72280649,57.2
150,1,13,0.0594,3,4,5,150,150,79.78,0.531866667,0.531866667,33.88,32.35207101,57.2
100,3,16,0.089833333,3.5,3,2,300,150,79.62,0.7962,0.5308,55.85,53.00480769,57.2
75,3,22,0.037714286,4,4,6,225,112.5,79.05,1.054,0.702666667,9.8,9.103396603,57.2
125,1,16,0.0539,3.5,2.5,4,125,125,78.99,0.63192,0.63192,17.87,16.5640024,57.2
150,1.5,16,0.13475,3.5,2,6,225,180,78.84,0.5256,0.438,97.08,89.44561298,57.2
175,1,19,0.275,2.5,3,6,175,175,78.71,0.449771429,0.449771429,152.12,139.486336,57.2
75,2,10,0.0792,3,3,4,150,100,78.46,1.046133333,0.7846,30.87,28.03846154,57.2
100,2.81,14,0.069584763,3.58,2.99,2,281,147.5065617,78.43,0.7843,0.53170516,48.31,43.95101543,57.2
125,2,13,0.100571429,2,3.5,6,250,166.6666667,78.04,0.62432,0.46824,85.14,76.07776839,57.2
150,1,13,0.1188,3,4,5,150,150,78.01,0.520066667,0.520066667,72.48,64.70414201,57.2
175,1,14,0.103166495,2.49,3.02,5.96,175,175,77.31,0.441771429,0.441771429,81.49,71.01714563,57.2
150,1.5,13,0.13475,3.5,2,6,225,180,77.22,0.5148,0.429,127.18,110.0869083,57.2
100,1.96,8,0.153443299,2.44,2,4.87,196,132.4324324,77.11,0.7711,0.582259184,136.58,118.3015644,57.2
150,1,10,0.2376,3,4,5,150,150,76.69,0.511266667,0.511266667,198.39,168.2307692,57.2
150,1.5,22,0.067375,3.5,2,6,225,180,76.69,0.511266667,0.426055556,38.36,32.52567745,57.2
175,1,13,0.1375,2.5,3,6,175,175,76.61,0.437771429,0.437771429,120.56,101.9323225,57.2
175,1.49,20,0.153902856,2.98,3.49,2.02,260.75,209.437751,76.55,0.437428571,0.365502397,131.28,110.498282,57.2
125,1,6.04,0.114333333,3.5,2.5,4,125,125,76.35,0.6108,0.6108,116.25,93.07486801,57.2
150,1.5,19,0.13475,3.5,2,6,225,180,76.33,0.508866667,0.424055556,90.1,75.32262146,57.2
125,1.5,16,0.100571429,4,3,5,187.5,150,76.3,0.6104,0.508666667,55.52,46.35989011,57.2
175,1,19,0.1375,2.5,3,6,175,175,76.27,0.435828571,0.435828571,83.61,69.74316802,57.2
175,1.49,20,0.102601904,2.98,3.49,2.02,260.75,209.437751,76.02,0.4344,0.362971812,89.37,73.66552135,57.2
125,2,16,0.100571429,2,3.5,6,250,166.6666667,75.96,0.60768,0.45576,75.02,61.81318681,57.2
75,2.02,8,0.058264129,2.94,3.04,4.02,151.5,100.3311258,75.91,1.012133333,0.756594719,31.55,26.04123884,57.2
75,1,6,0.088,2,2,2,75,75,75.76,1.010133333,1.010133333,31.76,25.96153846,57.2
175,1,16,0.275,2.5,3,6,175,175,75.45,0.431142857,0.431142857,205.15,165.640024,57.2
75,3,8,0.114285714,4,4,6,225,112.5,74.98,0.999733333,0.666488889,95.51,75.86163836,57.2
75,2,19,0.0396,3,3,4,150,100,74.97,0.9996,0.7497,9.32,7.37854251,57.2
100,3,19,0.089833333,3.5,3,2,300,150,74.94,0.7494,0.4996,56.41,44.63562753,57.2
100,2.5,19,0.19008,3,2.5,6,250,142.8571429,74.81,0.7481,0.52367,100,78.70445344,57.2
100,1.96,8,0.230164948,2.44,2,4.87,196,132.4324324,74.14,0.7414,0.559832653,230.51,177.4523466,57.2
175,1,14,0.154749742,2.49,3.02,5.96,175,175,73.75,0.421428571,0.421428571,140.85,106.5257184,57.2
100,2,10,0.103125,2.5,2,5,200,133.3333333,73.54,0.7354,0.55155,86.81,64.90384615,57.2
175,1,13,0.268232886,2.49,3.02,5.96,175,175,73.13,0.417885714,0.417885714,269.63,198.8480078,57.2
75,3,13,0.075428571,4,4,6,225,112.5,73.1,0.974666667,0.649777778,41.95,30.8114962,57.2
75,2,13,0.0792,3,3,4,150,100,73.01,0.973466667,0.7301,29.47,21.56804734,57.2
75,2.5,13,0.077,3.5,3.5,5,187.5,107.1428571,72.8,0.970666667,0.679466667,36.13,26.21116864,57.2
100,1.96,8,0.306886598,2.44,2,4.87,196,132.4324324,72.78,0.7278,0.549563265,324.83,236.6031288,57.2
75,3,8,0.171428571,4,4,6,225,112.5,72.73,0.969733333,0.646488889,156.94,113.7924575,57.2
125,1,10,0.2156,3.5,2.5,4,125,125,72.64,0.58112,0.58112,147.08,106.0096154,57.2
100,1,6,0.086204082,4,3.5,3,100,100,72.41,0.7241,0.7241,63.34,45.21193093,57.2
125,1,16,0.1078,3.5,2.5,4,125,125,72.12,0.57696,0.57696,46.98,33.12800481,57.2
100,2,16,0.0515625,2.5,2,5,200,133.3333333,72.02,0.7202,0.54015,28.88,20.28245192,57.2
125,1,13,0.1078,3.5,2.5,4,125,125,71.93,0.57544,0.57544,58.27,40.77292899,57.2
75,1,10,0.044,2,2,2,75,75,71.76,0.9568,0.9568,11.21,7.788461538,57.2
75,2,22,0.0396,3,3,4,150,100,71.76,0.9568,0.7176,9.17,6.372377622,57.2
175,1,14,0.206332989,2.49,3.02,5.96,175,175,71.64,0.409371429,0.409371429,204.85,142.0342913,57.2
100,2,13,0.103125,2.5,2,5,200,133.3333333,71.54,0.7154,0.53655,72.53,49.9260355,57.2
100,1,16,0.043102041,4,3.5,3,100,100,71.36,0.7136,0.7136,12.41,8.477237049,57.2
100,1.5,13,0.088,2,4,4,150,120,71.33,0.7133,0.594416667,46.82,31.95266272,57.2
125,1,8,0.081666667,3.5,2.5,4,125,125,71.32,0.57056,0.57056,73.4,50.19394668,57.2
125,1,10,0.4312,3.5,2.5,4,125,125,71.31,0.57048,0.57048,311.04,212.0192308,57.2
75,2.5,16,0.077,3.5,3.5,5,187.5,107.1428571,71.09,0.947866667,0.663506667,31.53,21.29657452,57.2
100,2,10,0.20625,2.5,2,5,200,133.3333333,70.92,0.7092,0.5319,193.55,129.8076923,57.2
175,1,20,0.051583247,2.49,3.02,5.96,175,175,70.88,0.405028571,0.405028571,37.01,24.85600097,57.2
125,1.5,19,0.100571429,4,3,5,187.5,150,70.85,0.5668,0.472333333,58.39,39.03990746,57.2
75,3,8,0.228571429,4,4,6,225,112.5,70.76,0.943466667,0.628977778,227.21,151.7232767,57.2
75,1.5,19,0.04125,2.5,2.5,3,112.5,90,70.45,0.939333333,0.782777778,8.77,5.764486336,57.2
175,1,19,0.06875,2.5,3,6,175,175,70.3,0.401714286,0.401714286,53.38,34.87158401,57.2
75,3,19,0.075428571,4,4,6,225,112.5,70.28,0.937066667,0.624711111,32.3,21.08155003,57.2
175,1,22,0.1375,2.5,3,6,175,175,69.62,0.397828571,0.397828571,94.92,60.23273601,57.2
100,1.96,14,0.076721649,2.44,2,4.87,196,132.4324324,69.43,0.6943,0.524267347,53.46,33.80044698,57.2
75,3,22,0.075428571,4,4,6,225,112.5,69.43,0.925733333,0.617155556,28.94,18.20679321,57.2
100,1,10,0.086204082,4,3.5,3,100,100,69.23,0.6923,0.6923,43.49,27.12715856,57.2
100,1.5,10,0.176,2,4,4,150,120,69.12,0.6912,0.576,133.8,83.07692308,57.2
150,1,16,0.0594,3,4,5,150,150,69.05,0.460333333,0.460333333,42.47,26.28605769,57.2
125,1,13,0.2156,3.5,2.5,4,125,125,69.01,0.55208,0.55208,131.97,81.54585799,57.2
75,3,14,0.057142857,4,4,6,225,112.5,68.7,0.916,0.610666667,35.48,21.67475382,57.2
175,1,22,0.06875,2.5,3,6,175,175,68.35,0.390571429,0.390571429,50.17,30.11636801,57.2
75,1.5,16,0.04125,2.5,2.5,3,112.5,90,68.13,0.9084,0.757,11.52,6.845327524,57.2
75,1.5,22,0.04125,2.5,2.5,3,112.5,90,67.66,0.902133333,0.751777778,8.55,4.978420017,57.2
75,2.02,8,0.116528257,2.94,3.04,4.02,151.5,100.3311258,67.57,0.900933333,0.673469967,89.44,52.08247768,57.2
175,1,16,0.1375,2.5,3,6,175,175,67.44,0.385371429,0.385371429,143.62,82.82001202,57.2
150,1,22,0.1188,3,4,5,150,150,67.39,0.449266667,0.449266667,66.44,38.23426573,57.2
125,1,8,0.163333333,3.5,2.5,4,125,125,67.17,0.53736,0.53736,175.76,100.3878934,57.2
75,1,13,0.088,2,2,2,75,75,67.15,0.895333333,0.895333333,21.05,11.98224852,57.2
75,1,13,0.044,2,2,2,75,75,66.81,0.8908,0.8908,10.69,5.99112426,57.2
75,3,10,0.150857143,4,4,6,225,112.5,66.75,0.89,0.593333333,143.24,80.10989011,57.2
100,2,19,0.0515625,2.5,2,5,200,133.3333333,66.69,0.6669,0.500175,30.63,17.07995951,57.2
75,1,10,0.088,2,2,2,75,75,66.19,0.882533333,0.882533333,28.57,15.57692308,57.2
125,1.5,22,0.100571429,4,3,5,187.5,150,65.94,0.52752,0.4396,62.54,33.71628372,57.2
125,2,22,0.050285714,2,3.5,6,250,166.6666667,65.6,0.5248,0.3936,42.35,22.47752248,57.2
75,2.5,19,0.077,3.5,3.5,5,187.5,107.1428571,65.47,0.872933333,0.611053333,33.99,17.93395749,57.2
100,2,16,0.103125,2.5,2,5,200,133.3333333,65.05,0.6505,0.487875,78.38,40.56490385,57.2
100,1.5,16,0.088,2,4,4,150,120,65.01,0.6501,0.54175,50.27,25.96153846,57.2
125,1,8,0.245,3.5,2.5,4,125,125,64.77,0.51816,0.51816,293.96,150.58184,57.2
75,2.5,22,0.077,3.5,3.5,5,187.5,107.1428571,64.71,0.8628,0.60396,30.41,15.48841783,57.2
100,2.81,20,0.069584763,3.58,2.99,2,281,147.5065617,64.5,0.645,0.437268683,60.79,30.7657108,57.2
150,1,19,0.0594,3,4,5,150,150,64.47,0.4298,0.4298,43.94,22.13562753,57.2
75,2.5,10,0.154,3.5,3.5,5,187.5,107.1428571,64.46,0.859466667,0.601626667,135.36,68.14903846,57.2
100,1,13,0.086204082,4,3.5,3,100,100,64.01,0.6401,0.6401,42.31,20.86704504,57.2
125,1,8,0.326666667,3.5,2.5,4,125,125,63.64,0.50912,0.50912,413.23,200.7757867,57.2
75,2,10,0.1584,3,3,4,150,100,63.6,0.848,0.636,115.93,56.07692308,57.2
175,1,20,0.103166495,2.49,3.02,5.96,175,175,63.59,0.363371429,0.363371429,102.49,49.71200194,57.2
75,1.5,10,0.0825,2.5,2.5,3,112.5,90,63.38,0.845066667,0.704222222,45.76,21.90504808,57.2
75,2,16,0.0792,3,3,4,150,100,63.24,0.8432,0.6324,36.85,17.52403846,57.2
125,1,22,0.0539,3.5,2.5,4,125,125,63.24,0.50592,0.50592,25.34,12.0465472,57.2
150,1.5,22,0.13475,3.5,2,6,225,180,62.81,0.418733333,0.348944444,139.62,65.0513549,57.2
75,2.02,8,0.174792386,2.94,3.04,4.02,151.5,100.3311258,62.54,0.833866667,0.623335974,169.24,78.12371652,57.2
125,1,13,0.4312,3.5,2.5,4,125,125,62.07,0.49656,0.49656,362.78,163.091716,57.2
175,1,20,0.206332989,2.49,3.02,5.96,175,175,62.01,0.354342857,0.354342857,221.07,99.42400388,57.2
175,1,20,0.154749742,2.49,3.02,5.96,175,175,62,0.354285714,0.354285714,165.88,74.56800291,57.2
75,1,16,0.044,2,2,2,75,75,61.12,0.814933333,0.814933333,11.34,4.867788462,57.2
75,2,19,0.0792,3,3,4,150,100,61.04,0.813866667,0.6104,34.51,14.75708502,57.2
150,1,19,0.1188,3,4,5,150,150,60.57,0.4038,0.4038,105.99,44.27125506,57.2
75,2.02,14,0.058264129,2.94,3.04,4.02,151.5,100.3311258,60.44,0.805866667,0.602405281,35.71,14.88070791,57.2
75,2.5,13,0.154,3.5,3.5,5,187.5,107.1428571,60.4,0.805333333,0.563733333,126.52,52.42233728,57.2
100,1.96,14,0.153443299,2.44,2,4.87,196,132.4324324,60.35,0.6035,0.455704082,162.83,67.60089395,57.2
125,1,19,0.1078,3.5,2.5,4,125,125,60.18,0.48144,0.48144,68.08,27.89726721,57.2
100,1.5,13,0.176,2,4,4,150,120,60.04,0.6004,0.500333333,157.05,63.90532544,57.2
75,1,16,0.088,2,2,2,75,75,59.21,0.789466667,0.789466667,24.95,9.735576923,57.2
100,2,16,0.20625,2.5,2,5,200,133.3333333,59.17,0.5917,0.443775,208.33,81.12980769,57.2
100,2,22,0.0515625,2.5,2,5,200,133.3333333,59.16,0.5916,0.4437,37.89,14.75087413,57.2
125,1,16,0.2156,3.5,2.5,4,125,125,59.08,0.47264,0.47264,170.91,66.25600962,57.2
100,2,13,0.20625,2.5,2,5,200,133.3333333,58.86,0.5886,0.44145,260.4,99.85207101,57.2
100,1.5,22,0.088,2,4,4,150,120,58.8,0.588,0.49,49.4,18.88111888,57.2
100,1.96,20,0.076721649,2.44,2,4.87,196,132.4324324,58.73,0.5873,0.443471429,61.83,23.66031288,57.2
100,1,19,0.043102041,4,3.5,3,100,100,58.71,0.5871,0.5871,18.76,7.138725936,57.2
100,1,16,0.086204082,4,3.5,3,100,100,58.68,0.5868,0.5868,44.62,16.9544741,57.2
75,2.02,8,0.233056514,2.94,3.04,4.02,151.5,100.3311258,58.64,0.781866667,0.584464686,273.68,104.1649554,57.2
75,1.5,10,0.165,2.5,2.5,3,112.5,90,58.6,0.781333333,0.651111111,115.77,43.81009615,57.2
75,1,19,0.044,2,2,2,75,75,58.54,0.780533333,0.780533333,10.87,4.099190283,57.2
100,1.96,14,0.230164948,2.44,2,4.87,196,132.4324324,58.48,0.5848,0.441583673,268.33,101.4013409,57.2
75,3,16,0.150857143,4,4,6,225,112.5,58.4,0.778666667,0.519111111,133.69,50.06868132,57.2
75,3,13,0.150857143,4,4,6,225,112.5,58.38,0.7784,0.518933333,164.76,61.62299239,57.2
125,1,16,0.4312,3.5,2.5,4,125,125,58.31,0.46648,0.46648,355.47,132.5120192,57.2
75,3,14,0.114285714,4,4,6,225,112.5,58.22,0.776266667,0.517511111,116.54,43.34950764,57.2
100,1.5,19,0.088,2,4,4,150,120,58.16,0.5816,0.484666667,59.1,21.86234818,57.2
125,1,19,0.4312,3.5,2.5,4,125,125,57.84,0.46272,0.46272,306.76,111.5890688,57.2
75,1.5,13,0.0825,2.5,2.5,3,112.5,90,57.8,0.770666667,0.642222222,46.4,16.85003698,57.2
100,1.96,14,0.306886598,2.44,2,4.87,196,132.4324324,57.76,0.5776,0.436146939,371.3,135.2017879,57.2
100,1,10,0.344816327,4,3.5,3,100,100,57.69,0.5769,0.5769,300.6,108.5086342,57.2
75,2,22,0.0792,3,3,4,150,100,57.47,0.766266667,0.5747,35.71,12.74475524,57.2
75,2,16,0.1584,3,3,4,150,100,57.22,0.762933333,0.5722,99.53,35.04807692,57.2
100,2,19,0.103125,2.5,2,5,200,133.3333333,57.03,0.5703,0.427725,97.97,34.15991903,57.2
100,1,10,0.172408163,4,3.5,3,100,100,56.88,0.5688,0.5688,156.78,54.25431711,57.2
75,2.5,16,0.154,3.5,3.5,5,187.5,107.1428571,56.72,0.756266667,0.529386667,124.15,42.59314904,57.2
75,2,13,0.1584,3,3,4,150,100,56.72,0.756266667,0.5672,125.75,43.13609467,57.2
75,1,8,0.069689432,2.15,2.01,2.19,75,75,56.63,0.755066667,0.755066667,44.94,15.41970051,57.2
125,1,19,0.2156,3.5,2.5,4,125,125,56.62,0.45296,0.45296,163.53,55.79453441,57.2
75,3,14,0.171428571,4,4,6,225,112.5,56.41,0.752133333,0.501422222,192.23,65.02426145,57.2
100,2,22,0.103125,2.5,2,5,200,133.3333333,56.18,0.5618,0.42135,88.47,29.50174825,57.2
75,3,20,0.057142857,4,4,6,225,112.5,55.51,0.740133333,0.493422222,47.06,15.17232767,57.2
125,1,14,0.081666667,3.5,2.5,4,125,125,55.47,0.44376,0.44376,89.14,28.68225524,57.2
150,1,22,0.0594,3,4,5,150,150,55.27,0.368466667,0.368466667,60.22,19.11713287,57.2
100,2,19,0.20625,2.5,2,5,200,133.3333333,55.11,0.5511,0.413325,217.16,68.31983806,57.2
125,1,22,0.1078,3.5,2.5,4,125,125,54.59,0.43672,0.43672,78.75,24.09309441,57.2
75,1,19,0.088,2,2,2,75,75,53.45,0.712666667,0.712666667,28.55,8.198380567,57.2
75,1.5,16,0.0825,2.5,2.5,3,112.5,90,53.05,0.707333333,0.589444444,48.78,13.69065505,57.2
100,1,19,0.086204082,4,3.5,3,100,100,53.02,0.5302,0.5302,50.95,14.27745187,57.2
75,2.02,14,0.116528257,2.94,3.04,4.02,151.5,100.3311258,52.79,0.703866667,0.526157756,107.19,29.76141582,57.2
75,1.5,13,0.165,2.5,2.5,3,112.5,90,52.49,0.699866667,0.583222222,123.91,33.70007396,57.2
125,1,14,0.163333333,3.5,2.5,4,125,125,52.49,0.41992,0.41992,210.46,57.36451049,57.2
100,1,13,0.172408163,4,3.5,3,100,100,52.41,0.5241,0.5241,154.16,41.73409009,57.2
100,1,22,0.043102041,4,3.5,3,100,100,52.37,0.5237,0.5237,22.83,6.165263308,57.2
75,1,22,0.044,2,2,2,75,75,51.95,0.692666667,0.692666667,13.43,3.54020979,57.2
125,1,22,0.2156,3.5,2.5,4,125,125,51.91,0.41528,0.41528,183.22,48.18618881,57.2
75,3,19,0.150857143,4,4,6,225,112.5,51.86,0.691466667,0.460977778,160.75,42.16310006,57.2
125,1,14,0.245,3.5,2.5,4,125,125,51.35,0.4108,0.4108,337.18,86.04676573,57.2
100,1.96,20,0.153443299,2.44,2,4.87,196,132.4324324,51.26,0.5126,0.387065306,185.99,47.32062577,57.2
100,1.5,16,0.176,2,4,4,150,120,50.92,0.5092,0.424333333,209.12,51.92307692,57.2
125,1,14,0.326666667,3.5,2.5,4,125,125,50.89,0.40712,0.40712,461.85,114.729021,57.2
100,1.96,20,0.230164948,2.44,2,4.87,196,132.4324324,50.66,0.5066,0.382534694,288.93,70.98093865,57.2
75,2,19,0.1584,3,3,4,150,100,50.51,0.673466667,0.5051,121.81,29.51417004,57.2
75,3,22,0.150857143,4,4,6,225,112.5,50.19,0.6692,0.446133333,153.23,36.41358641,57.2
100,1,22,0.086204082,4,3.5,3,100,100,49.87,0.4987,0.4987,52.89,12.33052662,57.2
125,1,22,0.4312,3.5,2.5,4,125,125,49.66,0.39728,0.39728,418.62,96.37237762,57.2
75,1,10,0.176,2,2,2,75,75,49.61,0.661466667,0.661466667,135.75,31.15384615,57.2
100,1,13,0.344816327,4,3.5,3,100,100,49.12,0.4912,0.4912,374.5,83.46818017,57.2
75,2.02,13,0.302973469,2.94,3.04,4.02,151.5,100.3311258,49.11,0.6548,0.489479208,372.89,83.33196429,57.2
75,2.02,14,0.174792386,2.94,3.04,4.02,151.5,100.3311258,49.05,0.654,0.488881188,200.47,44.64212373,57.2
75,1.5,19,0.0825,2.5,2.5,3,112.5,90,48.62,0.648266667,0.540222222,53.34,11.52897267,57.2
75,1,8,0.139378863,2.15,2.01,2.19,75,75,48.57,0.6476,0.6476,142.47,30.83940102,57.2
75,3,20,0.114285714,4,4,6,225,112.5,48.38,0.645066667,0.430044444,142.18,30.34465534,57.2
75,2.02,20,0.058264129,2.94,3.04,4.02,151.5,100.3311258,48.3,0.644,0.481405941,48.99,10.41649554,57.2
100,1,16,0.344816327,4,3.5,3,100,100,48.13,0.4813,0.4813,323.51,67.81789639,57.2
75,2.02,19.37,0.054768281,2.94,3.04,4.02,151.5,100.3311258,47.45,0.632666667,0.472933993,50.31,10.10996985,57.2
100,1.5,19,0.176,2,4,4,150,120,47.38,0.4738,0.394833333,218.6,43.72469636,57.2
75,2.5,19,0.154,3.5,3.5,5,187.5,107.1428571,47.25,0.63,0.441,180.84,35.86791498,57.2
75,2,22,0.1584,3,3,4,150,100,47.04,0.6272,0.4704,130.22,25.48951049,57.2
75,3,22,0.164571429,4,4,6,225,112.5,47.03,0.627066667,0.418044444,203.02,39.72391245,57.2
100,1,16,0.172408163,4,3.5,3,100,100,46.88,0.4688,0.4688,175.08,33.90894819,57.2
100,2,22,0.20625,2.5,2,5,200,133.3333333,46.77,0.4677,0.350775,306.76,59.0034965,57.2
125,1,20,0.081666667,3.5,2.5,4,125,125,46.76,0.37408,0.37408,104.19,20.07757867,57.2
75,1,10,0.352,2,2,2,75,75,46.59,0.6212,0.6212,327.61,62.30769231,57.2
75,1.5,16,0.165,2.5,2.5,3,112.5,90,44.85,0.598,0.498333333,161.4,27.3813101,57.2
125,1,20,0.163333333,3.5,2.5,4,125,125,44.46,0.35568,0.35568,242.47,40.15515734,57.2
125,1,20,0.326666667,3.5,2.5,4,125,125,44.13,0.35304,0.35304,495.63,80.31031469,57.2
125,1,20,0.245,3.5,2.5,4,125,125,44.05,0.3524,0.3524,373.91,60.23273601,57.2
75,1,13,0.176,2,2,2,75,75,44,0.586666667,0.586666667,149.6,23.96449704,57.2
75,1,14,0.069689432,2.15,2.01,2.19,75,75,43.97,0.586266667,0.586266667,54.85,8.811257433,57.2
75,1,8,0.209068295,2.15,2.01,2.19,75,75,43.74,0.5832,0.5832,292.62,46.25910152,57.2
75,2.02,14,0.233056514,2.94,3.04,4.02,151.5,100.3311258,43.57,0.580933333,0.434262046,381.39,59.52283164,57.2
75,1.5,22,0.0825,2.5,2.5,3,112.5,90,43.56,0.5808,0.484,64.06,9.956840035,57.2
75,1,22,0.088,2,2,2,75,75,43.3,0.577333333,0.577333333,46.4,7.08041958,57.2
75,2.02,20,0.116528257,2.94,3.04,4.02,151.5,100.3311258,42.93,0.5724,0.427883168,139.53,20.83299107,57.2
75,1,13,0.352,2,2,2,75,75,41.84,0.557866667,0.557866667,348.12,47.92899408,57.2
75,1,8,0.278757727,2.15,2.01,2.19,75,75,41.61,0.5548,0.5548,453.02,61.67880203,57.2
100,1,19,0.172408163,4,3.5,3,100,100,41.33,0.4133,0.4133,215.2,28.55490374,57.2
75,2.02,20,0.233056514,2.94,3.04,4.02,151.5,100.3311258,41.15,0.548666667,0.410141914,316.77,41.66598215,57.2
75,1,16,0.352,2,2,2,75,75,38.86,0.518133333,0.518133333,353.06,38.94230769,57.2
75,2.02,20,0.174792386,2.94,3.04,4.02,151.5,100.3311258,37.51,0.500133333,0.373862046,313.88,31.24948661,57.2
100,1,22,0.172408163,4,3.5,3,100,100,36.95,0.3695,0.3695,260.07,24.66105323,57.2
75,1,14,0.139378863,2.15,2.01,2.19,75,75,36.24,0.4832,0.4832,195.98,17.62251487,57.2
75,1,16,0.176,2,2,2,75,75,36.1,0.481333333,0.481333333,220.13,19.47115385,57.2
75,1,19,0.352,2,2,2,75,75,35.9,0.478666667,0.478666667,377.1,32.79352227,57.2
75,1,20,0.069689432,2.15,2.01,2.19,75,75,35.29,0.470533333,0.470533333,74.24,6.167880203,57.2
75,1,19,0.176,2,2,2,75,75,34.01,0.453466667,0.453466667,221.77,16.39676113,57.2
75,1,14,0.209068295,2.15,2.01,2.19,75,75,33.65,0.448666667,0.448666667,367,26.4337723,57.2
75,1,22,0.352,2,2,2,75,75,31.64,0.421866667,0.421866667,475.45,28.32167832,57.2
75,1,22,0.176,2,2,2,75,75,29.44,0.392533333,0.392533333,295.26,14.16083916,57.2
75,1,20,0.139378863,2.15,2.01,2.19,75,75,29.4,0.392,0.392,256.82,12.33576041,57.2
75,1,20,0.209068295,2.15,2.01,2.19,75,75,28.45,0.379333333,0.379333333,425.03,18.50364061,57.2
75,1,22,0.248094377,2.15,2.01,2.19,75,75,28.11,0.3748,0.3748,476.59,19.9615032,57.2
100,2.998118492,19.01407164,0.10086083,3.500983081,3.000964272,2.001855995,299.8118492,149.9764701,73.95377562,0.739537756,0.493102522,65.64337035,50.04638144,57.2
125,1.133846581,6.390758847,0.082119852,3.550103437,2.551043011,4.104441538,141.7308226,132.8406868,85.57289048,0.684583124,0.644176815,60.65088757,71.63850703,57.2
45,1,12.74509804,3.65457118,1,1,1,45,45,39.461,0.876911111,0.876911111,4401.191693,510,0.80780911
45,1,10.48387097,3.65457118,1,1,1,45,45,39.617,0.880377778,0.880377778,5287.511217,620,0.80780911
45,1,10.4,3.65457118,1,1,1,45,45,39.639,0.880866667,0.880866667,5321.282514,625,0.80780911
45,1,12.74509804,3.65457118,1,1,1,45,45,40.715,0.904777778,0.904777778,4006.925127,510,0.80780911
45,1,11.81818182,3.65457118,1,1,1,45,45,39.614,0.880311111,0.880311111,4691.599878,550,0.80780911
45,1,11.01694915,3.65457118,1,1,1,45,45,38.885,0.864111111,0.864111111,5321.205979,590,0.80780911
45,1,10.48387097,3.65457118,1,1,1,45,45,38.865,0.863666667,0.863666667,5600.412831,620,0.80780911
45,1,10.4,3.65457118,1,1,1,45,45,38.725,0.860555556,0.860555556,5707.029358,625,0.80780911
45,1,10.31746032,3.65457118,1,1,1,45,45,39.371,0.874911111,0.874911111,5474.135974,630,0.80780911
45,1,10.31746032,3.65457118,1,1,1,45,45,39.716,0.882577778,0.882577778,5332.715466,630,0.80780911
45,1,10.23622047,3.65457118,1,1,1,45,45,39.189,0.870866667,0.870866667,5594.812663,635,0.80780911
45,1,10.31746032,3.65457118,1,1,1,45,45,39.041,0.867577778,0.867577778,5614.125522,630,0.80780911
45,1,10.15625,3.65457118,1,1,1,45,45,39.157,0.870155556,0.870155556,5652.70224,640,0.80780911
45,1,10.31746032,3.65457118,1,1,1,45,45,38.858,0.863511111,0.863511111,5693.818068,630,0.80780911
45,1,10.31746032,3.65457118,1,1,1,45,45,39.629,0.880644444,0.880644444,5367.91435,630,0.80780911
45,1,10.31746032,3.65457118,1,1,1,45,45,40.98,0.910666667,0.910666667,4854.327309,630,0.80780911
45,1,8.666666667,3.65457118,1,1,1,45,45,38.628,0.8584,0.8584,6900.156863,750,0.80780911
45,1,7.471264368,3.65457118,1,1,1,45,45,38.837,0.863044444,0.863044444,7875.653419,870,0.80780911
45,1,6.565656566,3.65457118,1,1,1,45,45,38.891,0.864244444,0.864244444,8924.671354,990,0.80780911
45,1,10.31746032,3.65457118,1,1,1,45,45,40.221,0.8938,0.8938,5134.360111,630,0.80780911
45,1,10.48387097,3.65457118,1,1,1,45,45,40.231,0.894022222,0.894022222,5049.095381,620,0.80780911
45,1,10.4,3.65457118,1,1,1,45,45,40.162,0.892488889,0.892488889,5116.092529,625,0.80780911
45,1,10.23622047,3.65457118,1,1,1,45,45,40.228,0.893955556,0.893955556,5172.407938,635,0.80780911
45,1,10.15625,3.65457118,1,1,1,45,45,40.184,0.892977778,0.892977778,5230.278891,640,0.80780911
45,1,10.48387097,3.65457118,1,1,1,45,45,40.238,0.894177778,0.894177778,5046.460743,620,0.80780911
45,1,10.4,3.65457118,1,1,1,45,45,40.242,0.894266667,0.894266667,5085.641188,625,0.80780911
45,1,10.23622047,3.65457118,1,1,1,45,45,40.47,0.899333333,0.899333333,5080.172751,635,0.80780911
45,1,10.15625,3.65457118,1,1,1,45,45,40.106,0.891244444,0.891244444,5260.854543,640,0.80780911
45,1,11.81818182,3.65457118,1,1,1,45,45,40.605,0.902333333,0.902333333,4356.407666,550,0.80780911
45,1,11.01694915,3.65457118,1,1,1,45,45,40.446,0.8988,0.8988,4728.568096,590,0.80780911
45,1,9.701492537,3.65457118,1,1,1,45,45,40.887,0.9086,0.9086,5197.846291,670,0.80780911
45,1,12.74509804,3.65457118,1,1,1,45,45,40.265,0.894777778,0.894777778,4142.775836,510,0.80780911
45,1,8.666666667,3.65457118,1,1,1,45,45,40,0.888888889,0.888888889,6214.206172,750,0.80780911
45,1,7.471264368,3.65457118,1,1,1,45,45,40.015,0.889222222,0.889222222,7200.375699,870,0.80780911
45,1,6.565656566,3.65457118,1,1,1,45,45,39.784,0.884088889,0.884088889,8337.084908,990,0.80780911
45,1,10.31746032,3.65457118,1,1,1,45,45,40.482,0.8996,0.8996,5035.690575,630,0.80780911
45,1,10.31746032,3.65457118,1,1,1,45,45,40.568,0.901511111,0.901511111,5003.732975,630,0.80780911
45,1,10.31746032,3.65457118,1,1,1,45,45,40.444,0.898755556,0.898755556,5049.898079,630,0.80780911
45,1,10.31746032,3.65457118,1,1,1,45,45,40.501,0.900022222,0.900022222,5028.606806,630,0.80780911
45,1,10.31746032,3.65457118,1,1,1,45,45,41.515,0.922555556,0.922555556,4669.063616,630,0.80780911
45,1,10.31746032,3.65457118,1,1,1,45,45,42.537,0.945266667,0.945266667,4340.545832,630,0.80780911
45,1,10.31746032,3.65457118,1,1,1,45,45,40.732,0.905155556,0.905155556,4943.536132,630,0.80780911
45,1,12.74509804,3.65457118,1,1,1,45,45,45.136,1.003022222,1.003022222,2941.069845,510,0.80780911
45,1,10.31746032,3.65457118,1,1,1,45,45,43.252,0.961155556,0.961155556,4128.823663,630,0.80780911
45,1,10.31746032,3.65457118,1,1,1,45,45,43.359,0.963533333,0.963533333,4098.332083,630,0.80780911
45,1,11.81818182,3.65457118,1,1,1,45,45,45.754,1.016755556,1.016755556,3044.947819,550,0.80780911
45,1,11.01694915,3.65457118,1,1,1,45,45,44.22,0.982666667,0.982666667,3618.263286,590,0.80780911
45,1,10.31746032,3.65457118,1,1,1,45,45,43.813,0.973622222,0.973622222,3972.244234,630,0.80780911
45,1,9.701492537,3.65457118,1,1,1,45,45,46.246,1.027688889,1.027688889,3592.168058,670,0.80780911
45,1,10.31746032,3.65457118,1,1,1,45,45,43.846,0.974355556,0.974355556,3963.282042,630,0.80780911
45,1,10.31746032,3.65457118,1,1,1,45,45,45.071,1.001577778,1.001577778,3648.827532,630,0.80780911
45,1,10.31746032,3.65457118,1,1,1,45,45,46.699,1.037755556,1.037755556,3280.365046,630,0.80780911
45,1,8.666666667,3.65457118,1,1,1,45,45,44.248,0.983288889,0.983288889,4590.761128,750,0.80780911
45,1,7.471264368,3.65457118,1,1,1,45,45,44.577,0.9906,0.9906,5208.241442,870,0.80780911
45,1,6.565656566,3.65457118,1,1,1,45,45,45.795,1.017666667,1.017666667,5466.198179,990,0.80780911
45,1,10.15625,3.65457118,1,1,1,45,45,38.29,0.850888889,0.850888889,6045.44457,640,0.80780911
45,1,9.420289855,3.65457118,1,1,1,45,45,38.366,0.852577778,0.852577778,6479.088199,690,0.80780911
45,1,8.783783784,3.65457118,1,1,1,45,45,37.776,0.839466667,0.839466667,7279.275879,740,0.80780911
45,1,8.783783784,3.65457118,1,1,1,45,45,38.939,0.865311111,0.865311111,6646.327018,740,0.80780911
45,1,10.15625,3.65457118,1,1,1,45,45,40.587,0.901933333,0.901933333,5076.021911,640,0.80780911
45,1,9.420289855,3.65457118,1,1,1,45,45,39.207,0.871266667,0.871266667,6071.033388,690,0.80780911
45,1,8.724832215,3.65457118,1,1,1,45,45,38.823,0.862733333,0.862733333,6751.392634,745,0.80780911
45,1,8.441558442,3.65457118,1,1,1,45,45,39.012,0.866933333,0.866933333,6877.02253,770,0.80780911
45,1,8.125,3.65457118,1,1,1,45,45,39.584,0.879644444,0.879644444,6839.67273,800,0.80780911
45,1,7.831325301,3.65457118,1,1,1,45,45,39.152,0.870044444,0.870044444,7333.657187,830,0.80780911
45,1,8.783783784,3.65457118,1,1,1,45,45,38.032,0.845155556,0.845155556,7133.268891,740,0.80780911
45,1,8.783783784,3.65457118,1,1,1,45,45,39.388,0.875288889,0.875288889,6421.615535,740,0.80780911
45,1,8.227848101,3.65457118,1,1,1,45,45,38.454,0.854533333,0.854533333,7367.275217,790,0.80780911
45,1,7.303370787,3.65457118,1,1,1,45,45,38.835,0.863,0.863,8057.947746,890,0.80780911
45,1,6.914893617,3.65457118,1,1,1,45,45,38.413,0.853622222,0.853622222,8794.224404,940,0.80780911
45,1,6.565656566,3.65457118,1,1,1,45,45,38.64,0.858666667,0.858666667,9099.723787,990,0.80780911
45,1,6.25,3.65457118,1,1,1,45,45,38.493,0.8554,0.8554,9669.241978,1040,0.80780911
45,1,8.843537415,3.65457118,1,1,1,45,45,39.907,0.886822222,0.886822222,6132.597542,735,0.80780911
45,1,8.783783784,3.65457118,1,1,1,45,45,39.189,0.870866667,0.870866667,6519.939167,740,0.80780911
45,1,8.904109589,3.65457118,1,1,1,45,45,38.874,0.863866667,0.863866667,6589.455626,730,0.80780911
45,1,8.843537415,3.65457118,1,1,1,45,45,38.928,0.865066667,0.865066667,6607.017132,735,0.80780911
45,1,8.666666667,3.65457118,1,1,1,45,45,38.519,0.855977778,0.855977778,6958.9004,750,0.80780911
45,1,8.724832215,3.65457118,1,1,1,45,45,38.778,0.861733333,0.861733333,6774.923917,745,0.80780911
45,1,8.666666667,3.65457118,1,1,1,45,45,38.879,0.863977778,0.863977778,6767.377047,750,0.80780911
45,1,10.31746032,3.65457118,1,1,1,45,45,38.399,0.853311111,0.853311111,5900.450545,630,0.80780911
45,1,10.4,3.65457118,1,1,1,45,45,39.43,0.876222222,0.876222222,5406.348715,625,0.80780911
45,1,11.81818182,3.65457118,1,1,1,45,45,39.793,0.884288889,0.884288889,4628.571878,550,0.80780911
45,1,10.48387097,3.65457118,1,1,1,45,45,39.628,0.880622222,0.880622222,5283.109293,620,0.80780911
45,1,10.4,3.65457118,1,1,1,45,45,39.453,0.876733333,0.876733333,5396.898974,625,0.80780911
45,1,10.31746032,3.65457118,1,1,1,45,45,39.866,0.885911111,0.885911111,5272.74697,630,0.80780911
45,1,10.23622047,3.65457118,1,1,1,45,45,39.187,0.870822222,0.870822222,5595.66934,635,0.80780911
45,1,10.15625,3.65457118,1,1,1,45,45,39.691,0.882022222,0.882022222,5427.604824,640,0.80780911
45,1,10.31746032,3.65457118,1,1,1,45,45,38.194,0.848755556,0.848755556,5995.97049,630,0.80780911
45,1,10.23622047,3.65457118,1,1,1,45,45,39.358,0.874622222,0.874622222,5523.050697,635,0.80780911
45,1,10.31746032,3.65457118,1,1,1,45,45,38.257,0.850155556,0.850155556,5966.397516,630,0.80780911
45,1,10.15625,3.65457118,1,1,1,45,45,39.597,0.879933333,0.879933333,5466.350712,640,0.80780911
45,1,10.31746032,3.65457118,1,1,1,45,45,38.098,0.846622222,0.846622222,6041.411051,630,0.80780911
45,1,8.666666667,3.65457118,1,1,1,45,45,39.649,0.881088889,0.881088889,6380.708684,750,0.80780911
45,1,7.471264368,3.65457118,1,1,1,45,45,39.878,0.886177778,0.886177778,7274.84114,870,0.80780911
45,1,10.83333333,2.411336056,1,1,1,45,45,41.897,0.931044444,0.931044444,4326.202447,600,0.87493028
45,1,10,2.411336056,1,1,1,45,45,41.919,0.931533333,0.931533333,4679.344114,650,0.87493028
45,1,9.420289855,2.411336056,1,1,1,45,45,41.334,0.918533333,0.918533333,5181.209509,690,0.87493028
45,1,9.285714286,2.411336056,1,1,1,45,45,41.929,0.931755556,0.931755556,5035.68893,700,0.87493028
45,1,9.285714286,2.411336056,1,1,1,45,45,42.33,0.940666667,0.940666667,4893.92831,700,0.87493028
45,1,9.285714286,2.411336056,1,1,1,45,45,41.838,0.929733333,0.929733333,5068.619171,700,0.87493028
45,1,9.352517986,2.411336056,1,1,1,45,45,41.025,0.911666667,0.911666667,5337.567792,695,0.87493028
45,1,9.285714286,2.411336056,1,1,1,45,45,42.066,0.9348,0.9348,4986.648494,700,0.87493028
45,1,9.848484848,2.411336056,1,1,1,45,45,42.196,0.937688889,0.937688889,4658.375073,660,0.87493028
45,1,9.420289855,2.411336056,1,1,1,45,45,40.979,0.910644444,0.910644444,5317.033428,690,0.87493028
45,1,9.352517986,2.411336056,1,1,1,45,45,41.547,0.923266667,0.923266667,5138.89996,695,0.87493028
45,1,9.285714286,2.411336056,1,1,1,45,45,41.972,0.932711111,0.932711111,5020.227704,700,0.87493028
45,1,9.219858156,2.411336056,1,1,1,45,45,41.357,0.919044444,0.919044444,5285.017162,705,0.87493028
45,1,9.154929577,2.411336056,1,1,1,45,45,41.127,0.913933333,0.913933333,5412.297042,710,0.87493028
45,1,8.125,2.411336056,1,1,1,45,45,41.276,0.917244444,0.917244444,6032.55853,800,0.87493028
45,1,7.647058824,2.411336056,1,1,1,45,45,42.227,0.938377778,0.938377778,5986.219118,850,0.87493028
45,1,7.222222222,2.411336056,1,1,1,45,45,42.353,0.941177778,0.941177778,6281.94809,900,0.87493028
45,1,6.5,2.411336056,1,1,1,45,45,42.532,0.945155556,0.945155556,6892.185424,1000,0.87493028
45,1,5.909090909,2.411336056,1,1,1,45,45,43.553,0.967844444,0.967844444,7060.619828,1100,0.87493028
45,1,9.285714286,2.411336056,1,1,1,45,45,42.036,0.934133333,0.934133333,4997.332639,700,0.87493028
45,1,9.219858156,2.411336056,1,1,1,45,45,41.309,0.917977778,0.917977778,5303.461741,705,0.87493028
45,1,9.285714286,2.411336056,1,1,1,45,45,42.048,0.9344,0.9344,4993.055322,700,0.87493028
45,1,9.154929577,2.411336056,1,1,1,45,45,41.473,0.921622222,0.921622222,5277.963253,710,0.87493028
45,1,9.285714286,2.411336056,1,1,1,45,45,42.458,0.943511111,0.943511111,4849.799791,700,0.87493028
45,1,9.285714286,2.411336056,1,1,1,45,45,43.175,0.959444444,0.959444444,4612.170672,700,0.87493028
45,1,8.333333333,2.411336056,1,1,1,45,45,41.932,0.931822222,0.931822222,5609.991974,780,0.87493028
45,1,7.222222222,2.411336056,1,1,1,45,45,42.589,0.946422222,0.946422222,6178.094536,900,0.87493028
45,1,6.5,2.411336056,1,1,1,45,45,42.991,0.955355556,0.955355556,6673.777554,1000,0.87493028
45,1,5.909090909,2.411336056,1,1,1,45,45,43.739,0.971977778,0.971977778,6970.926522,1100,0.87493028
45,1,9.285714286,2.411336056,1,1,1,45,45,41.929,0.931755556,0.931755556,5035.68893,700,0.87493028
45,1,9.285714286,2.411336056,1,1,1,45,45,42.33,0.940666667,0.940666667,4893.92831,700,0.87493028
45,1,9.285714286,2.411336056,1,1,1,45,45,43.175,0.959444444,0.959444444,4612.170672,700,0.87493028
45,1,14.44444444,3.042841483,1,1,1,45,45,46.456,1.032355556,1.032355556,2380.079388,450,0.96870158
45,1,13,3.042841483,1,1,1,45,45,45.053,1.001177778,1.001177778,2899.367239,500,0.96870158
45,1,10,3.042841483,1,1,1,45,45,44.091,0.9798,0.9798,4021.313007,650,0.96870158
45,1,11.81818182,3.042841483,1,1,1,45,45,44.914,0.998088889,0.998088889,3219.006504,550,0.96870158
45,1,10,3.042841483,1,1,1,45,45,42.573,0.946066667,0.946066667,4466.989801,650,0.96870158
45,1,10.83333333,3.042841483,1,1,1,45,45,45.504,1.0112,1.0112,3376.812096,600,0.96870158
45,1,10,3.042841483,1,1,1,45,45,42.69,0.948666667,0.948666667,4430.362484,650,0.96870158
45,1,10.15625,3.042841483,1,1,1,45,45,43.543,0.967622222,0.967622222,4110.827944,640,0.96870158
45,1,10,3.042841483,1,1,1,45,45,42.781,0.950688889,0.950688889,4402.15094,650,0.96870158
45,1,10.07751938,3.042841483,1,1,1,45,45,43.284,0.961866667,0.961866667,4217.760528,645,0.96870158
45,1,10,3.042841483,1,1,1,45,45,43.171,0.959355556,0.959355556,4283.920467,650,0.96870158
45,1,10.83333333,3.042841483,1,1,1,45,45,44.747,0.994377778,0.994377778,3551.107725,600,0.96870158
45,1,10.15625,3.042841483,1,1,1,45,45,43.356,0.963466667,0.963466667,4164.249284,640,0.96870158
45,1,10.07751938,3.042841483,1,1,1,45,45,43.213,0.960288889,0.960288889,4238.584351,645,0.96870158
45,1,10,3.042841483,1,1,1,45,45,43.211,0.960244444,0.960244444,4272.034726,650,0.96870158
45,1,9.923664122,3.042841483,1,1,1,45,45,42.996,0.955466667,0.955466667,4369.799453,655,0.96870158
45,1,9.848484848,3.042841483,1,1,1,45,45,43.134,0.958533333,0.958533333,4361.03028,660,0.96870158
45,1,9.285714286,3.042841483,1,1,1,45,45,42.413,0.942511111,0.942511111,4865.253022,700,0.96870158
45,1,8.666666667,3.042841483,1,1,1,45,45,42.165,0.937,0.937,5305.292315,750,0.96870158
45,1,8.125,3.042841483,1,1,1,45,45,42.445,0.943222222,0.943222222,5547.72266,800,0.96870158
45,1,10,3.042841483,1,1,1,45,45,43.56,0.968,0.968,4170.173383,650,0.96870158
45,1,9.923664122,3.042841483,1,1,1,45,45,43.031,0.956244444,0.956244444,4359.14537,655,0.96870158
45,1,10,3.042841483,1,1,1,45,45,43.62,0.969333333,0.969333333,4152.988624,650,0.96870158
45,1,9.848484848,3.042841483,1,1,1,45,45,43.562,0.968044444,0.968044444,4233.746709,660,0.96870158
45,1,8.125,3.042841483,1,1,1,45,45,45.305,1.006777778,1.006777778,4562.007042,800,0.96870158
45,1,7.222222222,3.042841483,1,1,1,45,45,46.05,1.023333333,1.023333333,4887.175944,900,0.96870158
45,1,6.5,3.042841483,1,1,1,45,45,45.843,1.018733333,1.018733333,5504.08684,1000,0.96870158
45,1,5.909090909,3.042841483,1,1,1,45,45,46.585,1.035222222,1.035222222,5769.773362,1100,0.96870158
45,1,5.416666667,3.042841483,1,1,1,45,45,47.149,1.047755556,1.047755556,6071.110765,1200,0.96870158
45,1,4.642857143,3.042841483,1,1,1,45,45,47.868,1.063733333,1.063733333,6768.564272,1400,0.96870158
45,1,11.81818182,12.53184401,1,1,1,45,45,38.849,0.863311111,0.863311111,4974.249046,550,3.96343353
45,1,11.40350877,12.53184401,1,1,1,45,45,39.155,0.870111111,0.870111111,5035.209435,570,3.96343353
45,1,10.83333333,12.53184401,1,1,1,45,45,39.253,0.872288889,0.872288889,5260.621506,600,3.96343353
45,1,10.83333333,12.53184401,1,1,1,45,45,38.618,0.858177778,0.858177778,5524.414854,600,3.96343353
45,1,11.81818182,12.53184401,1,1,1,45,45,40.273,0.894955556,0.894955556,4465.037511,550,3.96343353
45,1,11.20689655,12.53184401,1,1,1,45,45,39.696,0.882133333,0.882133333,4916.908442,580,3.96343353
45,1,11.01694915,12.53184401,1,1,1,45,45,38.973,0.866066667,0.866066667,5285.241881,590,3.96343353
45,1,10.83333333,12.53184401,1,1,1,45,45,39.086,0.868577778,0.868577778,5328.340082,600,3.96343353
45,1,10.48387097,12.53184401,1,1,1,45,45,38.909,0.864644444,0.864644444,5581.434733,620,3.96343353
45,1,10.83333333,12.53184401,1,1,1,45,45,39.154,0.870088889,0.870088889,5300.626574,600,3.96343353
45,1,10.74380165,12.53184401,1,1,1,45,45,39.223,0.871622222,0.871622222,5316.640796,605,3.96343353
45,1,10.83333333,12.53184401,1,1,1,45,45,39.253,0.872288889,0.872288889,5260.621506,600,3.96343353
45,1,10.6557377,12.53184401,1,1,1,45,45,38.859,0.863533333,0.863533333,5512.63633,610,3.96343353
45,1,10.83333333,12.53184401,1,1,1,45,45,39.727,0.882822222,0.882822222,5074.559019,600,3.96343353
45,1,10.83333333,12.53184401,1,1,1,45,45,40.495,0.899888889,0.899888889,4791.278428,600,3.96343353
45,1,9.285714286,12.53184401,1,1,1,45,45,39.026,0.867244444,0.867244444,6245.112813,700,3.96343353
45,1,8.666666667,12.53184401,1,1,1,45,45,39.756,0.883466667,0.883466667,6329.327764,750,3.96343353
45,1,8.125,12.53184401,1,1,1,45,45,39.866,0.885911111,0.885911111,6695.551708,800,3.96343353
45,1,6.842105263,12.53184401,1,1,1,45,45,40.335,0.896333333,0.896333333,7676.827642,950,3.96343353
45,1,6.19047619,12.53184401,1,1,1,45,45,40.22,0.893777778,0.893777778,8557.905153,1050,3.96343353
45,1,5.652173913,12.53184401,1,1,1,45,45,40.889,0.908644444,0.908644444,8920.367378,1150,3.96343353
45,1,5.2,12.53184401,1,1,1,45,45,41.069,0.912644444,0.912644444,9569.119914,1250,3.96343353
45,1,4.642857143,12.53184401,1,1,1,45,45,41.477,0.921711111,0.921711111,10404.24078,1400,3.96343353
45,1,10.92436975,12.53184401,1,1,1,45,45,38.984,0.866311111,0.866311111,5325.521462,595,3.96343353
45,1,5.625,2.53008774,1,1,1,45,45,45.9,1.02,1.02,4386.885497,800,0.80780911
45,1,6.428571429,2.53008774,1,1,1,45,45,45.4,1.008888889,1.008888889,3966.750179,700,0.80780911
45,1,9,2.53008774,1,1,1,45,45,44.4,0.986666667,0.986666667,3029.182663,500,0.80780911
45,1,7.258064516,2.53008774,1,1,1,45,45,41.2,0.915555556,0.915555556,4701.153264,620,0.80780911
45,1,8.333333333,2.53008774,1,1,1,45,45,41.4,0.92,0.92,4035.497709,540,0.80780911
45,1,8.823529412,2.53008774,1,1,1,45,45,41.8,0.928888889,0.928888889,3702.931681,510,0.80780911
60,1,8.75,2.213826772,1,1,1,60,60,53.3902,0.889836667,0.889836667,2787.466857,800,0.80780911
60,1,11.66666667,2.213826772,1,1,1,60,60,53.0023,0.883371667,0.883371667,2136.837375,600,0.80780911
60,1,14,2.213826772,1,1,1,60,60,52.7989,0.879981667,0.879981667,1801.356824,500,0.80780911
60,1,8.75,2.213826772,1,1,1,60,60,52.6897,0.878161667,0.878161667,2900.128079,800,0.80780911
60,1,10,2.213826772,1,1,1,60,60,54.2091,0.903485,0.903485,2330.160401,700,0.80780911
30,1,7.142857143,3.162609675,1,1,1,30,30,30.0658,1.002193333,1.002193333,6828.952948,350,0.80780911
30,1,6.493506494,3.162609675,1,1,1,30,30,29.1966,0.97322,0.97322,8202.915885,385,0.80780911
30,1,7.692307692,3.162609675,1,1,1,30,30,27.9787,0.932623333,0.932623333,7868.738899,325,0.80780911
30,1,7.142857143,3.162609675,1,1,1,30,30,27.3874,0.912913333,0.912913333,9034.830275,350,0.80780911
30,1,8.333333333,3.162609675,1,1,1,30,30,27.5273,0.917576667,0.917576667,7626.666844,300,0.80780911
30,1,7.936507937,3.162609675,1,1,1,30,30,27.6777,0.92259,0.92259,7878.162405,315,0.80780911
