Experiment,Orifice width (um),Aspect ratio,Expansion ratio,Normalized orifice length,Normalized water inlet,Normalized oil inlet,Flow rate ratio,Capillary number,Observed generation rate (Hz),Observed droplet diameter (um),Observed regime (1= Dripping & 2 = Jetting),,,,,,,,,,
1,125.00,3.00,3.00,2.50,2.00,3.00,2.00,0.066,31.65,245.10,1.00,,,,,,,,,,
2,175.00,1.50,2.00,3.00,3.50,3.00,2.00,0.066,18.22,242.86,1.00,,,,,,,,,,
3,125.00,2.50,2.00,2.00,4.00,2.50,2.00,0.066,11.83,242.42,1.00,,,,,,,,,,
4,150.00,2.00,2.00,2.50,2.50,4.00,2.00,0.033,19.78,225.65,1.00,,,,,,,,,,
5,150.00,2.00,2.00,2.50,2.50,4.00,2.00,0.066,46.15,214.34,1.00,,,,,,,,,,
6,100.00,3.00,2.00,1.50,3.00,3.50,2.00,0.033,11.88,211.71,1.00,,,,,,,,,,
7,125.00,3.00,3.00,2.50,2.00,3.00,6.00,0.033,8.19,211.71,1.00,,,,,,,,,,
8,175.00,3.00,5.00,2.00,2.50,2.00,13.00,0.066,9.38,207.04,1.00,,,,,,,,,,
9,100.00,2.50,6.00,1.00,2.50,3.00,2.00,0.066,23.11,204.90,1.00,,,,,,,,,,
10,125.00,2.00,6.00,1.50,3.50,2.00,2.00,0.033,7.73,204.13,1.00,,,,,,,,,,
11,175.00,1.00,6.00,2.50,3.00,2.50,2.00,0.033,10.73,201.75,1.00,,,,,,,,,,
12,175.00,3.00,5.00,2.00,2.50,2.00,10.00,0.066,13.40,200.65,1.00,,,,,,,,,,
13,175.00,2.00,3.00,1.00,4.00,3.50,6.00,0.066,15.01,197.22,1.00,,,,,,,,,,
14,100.00,3.00,2.00,1.50,3.00,3.50,2.00,0.066,29.85,196.24,1.00,,,,,,,,,,
15,175.00,3.00,5.00,2.00,2.50,2.00,22.00,0.066,6.61,195.29,1.00,,,,,,,,,,
16,125.00,2.00,6.00,1.50,3.50,2.00,2.00,0.066,18.32,192.90,1.00,,,,,,,,,,
17,175.00,1.00,6.00,2.50,3.00,2.50,2.00,0.066,25.69,189.99,1.00,,,,,,,,,,
18,150.00,3.00,4.01,1.00,3.50,2.49,8.00,0.050,9.23,189.54,1.00,,,,,,,,,,
19,175.00,3.00,5.00,2.00,2.50,2.00,16.00,0.066,9.99,189.22,1.00,,,,,,,,,,
20,175.00,2.50,4.00,1.50,2.00,4.00,6.00,0.066,48.43,188.07,1.00,,,,,,,,,,
21,125.00,1.50,5.00,1.00,3.00,4.00,2.00,0.033,14.93,187.64,1.00,,,,,,,,,,
22,150.00,1.00,5.00,1.50,4.00,3.00,2.00,0.066,17.64,185.10,1.00,,,,,,,,,,
23,150.00,1.50,6.00,2.00,2.00,3.50,2.00,0.033,30.83,183.44,1.00,,,,,,,,,,
24,125.00,3.00,3.00,2.50,2.00,3.00,10.00,0.033,7.68,182.39,1.00,,,,,,,,,,
25,100.00,2.50,6.00,1.00,2.50,3.00,6.00,0.033,5.54,181.57,1.00,,,,,,,,,,
26,150.00,3.00,4.00,1.00,3.50,2.50,19.00,0.066,5.86,181.52,1.00,,,,,,,,,,
27,175.00,3.00,5.00,2.00,2.50,2.00,13.00,0.132,28.50,180.12,1.00,,,,,,,,,,
28,150.00,1.00,5.00,1.50,4.00,3.00,2.00,0.033,9.60,179.91,1.00,,,,,,,,,,
29,175.00,3.00,5.00,2.00,2.50,2.00,10.00,0.132,38.16,178.35,1.00,,,,,,,,,,
30,125.00,2.50,2.00,2.00,4.00,2.50,6.00,0.066,10.17,176.76,1.00,,,,,,,,,,
31,150.00,2.50,3.00,3.00,3.00,2.00,6.00,0.066,17.91,172.59,1.00,,,,,,,,,,
32,100.00,3.00,2.00,1.50,3.00,3.50,6.00,0.033,7.62,170.24,1.00,,,,,,,,,,
33,125.00,3.00,3.00,2.50,2.00,3.00,6.00,0.066,31.63,169.98,1.00,,,,,,,,,,
34,175.00,2.50,4.00,1.50,2.00,4.00,19.00,0.033,10.69,168.20,1.00,,,,,,,,,,
35,175.00,2.50,4.00,1.50,2.00,4.00,10.00,0.066,40.99,167.69,1.00,,,,,,,,,,
36,175.00,2.50,4.00,1.50,2.00,4.00,10.00,0.033,20.53,167.60,1.00,,,,,,,,,,
37,150.00,1.50,6.00,2.00,2.00,3.50,2.00,0.066,81.66,167.04,1.00,,,,,,,,,,
38,125.00,1.50,5.00,1.00,3.00,4.00,2.00,0.066,43.43,165.60,1.00,,,,,,,,,,
39,150.00,3.00,4.01,1.00,3.50,2.49,8.00,0.100,27.83,165.28,1.00,,,,,,,,,,
40,175.00,2.50,4.00,1.50,2.00,4.00,22.00,0.033,9.78,165.01,1.00,,,,,,,,,,
41,150.00,3.00,4.00,1.00,3.50,2.50,10.00,0.066,14.90,164.72,1.00,,,,,,,,,,
42,175.00,2.00,3.00,1.00,4.00,3.50,10.00,0.132,31.02,164.53,1.00,,,,,,,,,,
43,175.00,1.00,6.00,2.50,3.00,2.50,6.00,0.033,6.83,162.59,1.00,,,,,,,,,,
44,175.00,2.00,3.00,1.00,4.00,3.50,19.00,0.066,8.48,162.45,1.00,,,,,,,,,,
45,175.00,2.50,4.00,1.50,2.00,4.00,13.00,0.033,17.47,162.04,1.00,,,,,,,,,,
46,150.00,3.00,4.00,1.00,3.50,2.50,10.00,0.132,32.08,160.71,1.00,,,,,,,,,,
47,175.00,2.51,4.03,1.44,2.00,3.94,8.00,0.050,45.91,157.91,1.00,,,,,,,,,,
48,175.00,2.50,4.00,1.50,2.00,4.00,16.00,0.033,15.54,157.22,1.00,,,,,,,,,,
49,75.00,3.00,6.00,3.00,4.00,4.00,2.00,0.033,13.75,157.06,1.00,,,,,,,,,,
50,175.00,3.00,5.00,2.00,2.50,2.00,16.00,0.132,36.86,154.27,1.00,,,,,,,,,,
51,125.00,1.00,4.00,3.00,2.50,3.50,2.00,0.033,19.22,154.22,1.00,,,,,,,,,,
52,75.00,2.50,5.00,2.50,3.50,3.50,2.00,0.033,12.42,153.96,1.00,,,,,,,,,,
53,100.00,1.50,4.00,2.50,4.00,2.00,2.00,0.033,7.77,152.64,1.00,,,,,,,,,,
54,125.00,3.00,3.00,2.50,2.00,3.00,16.00,0.033,8.19,152.63,1.00,,,,,,,,,,
55,100.00,2.50,6.00,1.00,2.50,3.00,6.00,0.066,18.83,152.12,1.00,,,,,,,,,,
56,175.00,2.50,4.00,1.50,2.00,4.00,13.00,0.066,42.31,152.04,1.00,,,,,,,,,,
57,150.00,3.00,4.01,1.00,3.50,2.49,14.00,0.050,10.44,150.92,1.00,,,,,,,,,,
58,150.00,3.00,4.00,1.00,3.50,2.50,13.00,0.132,30.08,150.45,1.00,,,,,,,,,,
59,75.00,3.00,6.00,3.00,4.00,4.00,2.00,0.066,31.75,149.70,1.00,,,,,,,,,,
60,125.00,2.50,2.00,2.00,4.00,2.50,13.00,0.066,7.82,149.11,1.00,,,,,,,,,,
61,125.00,2.00,6.00,1.50,3.50,2.00,6.00,0.033,6.68,148.56,1.00,,,,,,,,,,
62,125.00,3.00,3.00,2.50,2.00,3.00,13.00,0.033,11.22,147.30,1.00,,,,,,,,,,
63,75.00,2.00,4.00,2.00,3.00,3.00,2.00,0.033,11.84,146.56,1.00,,,,,,,,,,
64,150.00,2.50,3.00,3.00,3.00,2.00,10.00,0.132,35.26,146.33,1.00,,,,,,,,,,
65,175.00,1.50,2.00,3.00,3.50,3.00,10.00,0.066,16.96,145.46,1.00,,,,,,,,,,
66,175.00,2.00,3.00,1.00,4.00,3.50,10.00,0.066,22.51,145.31,1.00,,,,,,,,,,
67,150.00,3.00,4.00,1.00,3.50,2.50,13.00,0.066,16.94,144.60,1.00,,,,,,,,,,
68,175.00,2.00,3.00,1.00,4.00,3.50,16.00,0.066,14.81,142.86,1.00,,,,,,,,,,
69,100.00,1.50,4.00,2.50,4.00,2.00,2.00,0.066,19.02,142.68,1.00,,,,,,,,,,
70,150.00,2.00,2.00,2.50,2.50,4.00,6.00,0.066,52.35,142.51,1.00,,,,,,,,,,
71,125.00,1.00,4.00,3.00,2.50,3.50,2.00,0.066,49.40,141.84,1.00,,,,,,,,,,
72,125.00,2.50,2.00,2.00,4.00,2.50,16.00,0.066,7.44,141.48,1.00,,,,,,,,,,
73,100.00,2.00,5.00,3.00,2.00,2.50,2.00,0.066,61.54,141.03,1.00,,,,,,,,,,
74,175.00,2.00,3.00,1.00,4.00,3.50,13.00,0.066,19.42,139.86,1.00,,,,,,,,,,
75,75.00,2.50,5.00,2.50,3.50,3.50,2.00,0.066,33.49,139.35,1.00,,,,,,,,,,
76,175.00,2.50,4.00,1.50,2.00,4.00,16.00,0.066,44.90,139.09,1.00,,,,,,,,,,
77,175.00,2.50,4.00,1.50,2.00,4.00,19.00,0.066,37.91,138.96,1.00,,,,,,,,,,
78,175.00,3.00,5.00,2.00,2.50,2.00,19.00,0.132,43.22,138.15,1.00,,,,,,,,,,
79,100.00,3.00,2.00,1.50,3.00,3.50,10.00,0.033,8.66,137.58,1.00,,,,,,,,,,
80,150.00,3.00,4.00,1.00,3.50,2.50,16.00,0.132,32.75,136.46,1.00,,,,,,,,,,
81,150.00,1.00,5.00,1.50,4.00,3.00,6.00,0.066,14.95,135.61,1.00,,,,,,,,,,
82,175.00,3.00,5.00,2.00,2.50,2.00,22.00,0.132,39.73,135.31,1.00,,,,,,,,,,
83,150.00,2.50,3.00,3.00,3.00,2.00,10.00,0.066,22.42,135.06,1.00,,,,,,,,,,
84,175.00,1.49,2.02,2.99,3.49,2.98,8.00,0.050,20.05,134.75,1.00,,,,,,,,,,
85,175.00,1.50,2.00,3.00,3.50,3.00,10.00,0.264,85.70,134.56,1.00,,,,,,,,,,
86,150.00,2.50,3.00,3.00,3.00,2.00,22.00,0.033,5.15,134.54,1.00,,,,,,,,,,
87,150.00,2.00,2.00,2.50,2.50,4.00,6.00,0.033,31.25,134.33,1.00,,,,,,,,,,
88,175.00,3.00,5.00,2.00,2.50,2.00,19.00,0.066,23.53,134.29,1.00,,,,,,,,,,
89,100.00,2.00,5.00,3.00,2.00,2.50,2.00,0.033,36.29,133.48,1.00,,,,,,,,,,
90,175.00,1.00,6.00,2.50,3.00,2.50,6.00,0.066,24.73,133.42,1.00,,,,,,,,,,
91,100.00,3.00,2.00,1.50,3.00,3.50,16.00,0.033,5.95,133.28,1.00,,,,,,,,,,
92,175.00,2.00,3.00,1.00,4.00,3.50,16.00,0.132,37.63,131.89,1.00,,,,,,,,,,
93,150.00,2.50,3.00,3.00,3.00,2.00,13.00,0.066,19.14,130.45,1.00,,,,,,,,,,
94,175.00,2.00,3.00,1.00,4.00,3.50,13.00,0.132,48.16,130.19,1.00,,,,,,,,,,
95,175.00,1.00,6.00,2.50,3.00,2.50,10.00,0.066,16.19,129.59,1.00,,,,,,,,,,
96,75.00,2.50,5.00,2.50,3.50,3.50,6.00,0.033,7.05,128.90,1.00,,,,,,,,,,
97,75.00,1.50,3.00,1.50,2.50,2.50,2.00,0.033,13.64,128.79,1.00,,,,,,,,,,
98,100.00,1.00,3.00,2.00,3.50,4.00,2.00,0.033,17.00,128.49,1.00,,,,,,,,,,
99,175.00,2.00,3.00,1.00,4.00,3.50,19.00,0.132,34.39,128.35,1.00,,,,,,,,,,
100,125.00,2.00,6.00,1.50,3.50,2.00,10.00,0.033,6.22,128.34,1.00,,,,,,,,,,
101,125.00,3.00,3.00,2.50,2.00,3.00,19.00,0.033,11.79,127.66,1.00,,,,,,,,,,
102,75.00,2.00,4.00,2.00,3.00,3.00,6.00,0.033,6.02,127.34,1.00,,,,,,,,,,
103,150.00,2.00,2.00,2.50,2.50,4.00,16.00,0.033,13.76,127.33,1.00,,,,,,,,,,
104,125.00,2.50,2.00,2.00,4.00,2.50,10.00,0.066,16.66,126.50,1.00,,,,,,,,,,
105,75.00,2.00,4.00,2.00,3.00,3.00,2.00,0.066,36.86,126.47,1.00,,,,,,,,,,
106,150.00,3.00,4.00,1.00,3.50,2.50,22.00,0.066,15.05,126.22,1.00,,,,,,,,,,
107,150.00,3.00,4.01,1.00,3.50,2.49,14.00,0.100,35.74,126.19,1.00,,,,,,,,,,
108,150.00,3.00,4.01,1.00,3.50,2.49,20.00,0.050,12.69,125.60,1.00,,,,,,,,,,
109,175.00,2.00,3.00,1.00,4.00,3.50,22.00,0.066,15.88,125.51,1.00,,,,,,,,,,
110,150.00,1.50,6.00,2.00,2.00,3.50,6.00,0.033,32.20,125.35,1.00,,,,,,,,,,
111,150.00,2.00,2.00,2.50,2.50,4.00,10.00,0.033,23.80,124.06,1.00,,,,,,,,,,
112,125.00,2.00,6.00,1.50,3.50,2.00,6.00,0.066,23.87,122.46,1.00,,,,,,,,,,
113,125.00,1.50,5.00,1.00,3.00,4.00,6.00,0.033,18.15,121.91,1.00,,,,,,,,,,
114,175.00,1.50,2.00,3.00,3.50,3.00,13.00,0.132,46.13,120.29,1.00,,,,,,,,,,
115,125.00,1.00,4.00,3.00,2.50,3.50,13.00,0.033,6.31,119.75,1.00,,,,,,,,,,
116,100.00,2.50,6.00,1.00,2.50,3.00,19.00,0.033,6.13,119.54,1.00,,,,,,,,,,
117,100.00,1.50,4.00,2.50,4.00,2.00,10.00,0.066,6.47,119.52,1.00,,,,,,,,,,
118,150.00,1.50,6.00,2.00,2.00,3.50,6.00,0.066,75.91,118.67,1.00,,,,,,,,,,
119,175.00,1.50,2.00,3.00,3.50,3.00,10.00,0.132,62.88,118.41,1.00,,,,,,,,,,
120,175.00,1.49,2.02,2.99,3.49,2.98,8.00,0.100,59.96,117.85,1.00,,,,,,,,,,
121,150.00,2.00,2.00,2.50,2.50,4.00,19.00,0.033,14.94,116.99,1.00,,,,,,,,,,
122,100.00,3.00,2.00,1.50,3.00,3.50,6.00,0.066,47.07,116.89,1.00,,,,,,,,,,
123,100.00,1.50,4.00,2.50,4.00,2.00,6.00,0.033,5.83,116.43,1.00,,,,,,,,,,
124,175.00,1.49,2.02,2.99,3.49,2.98,10.07,0.046,23.11,115.64,1.00,,,,,,,,,,
125,125.00,3.00,3.00,2.50,2.00,3.00,10.00,0.066,60.38,115.57,1.00,,,,,,,,,,
126,175.00,1.50,2.00,3.00,3.50,3.00,13.00,0.066,26.07,115.48,1.00,,,,,,,,,,
127,100.00,2.00,5.00,3.00,2.00,2.50,6.00,0.033,18.84,115.15,1.00,,,,,,,,,,
128,125.00,2.50,2.00,2.00,4.00,2.50,10.00,0.132,44.30,115.03,1.00,,,,,,,,,,
129,175.00,2.50,4.00,1.50,2.00,4.00,22.00,0.066,57.84,114.96,1.00,,,,,,,,,,
130,175.00,1.50,2.00,3.00,3.50,3.00,16.00,0.066,21.68,114.59,1.00,,,,,,,,,,
131,100.00,1.00,3.00,2.00,3.50,4.00,2.00,0.066,48.11,114.46,1.00,,,,,,,,,,
132,150.00,2.50,3.00,3.00,3.00,2.00,13.00,0.132,56.93,114.28,1.00,,,,,,,,,,
133,100.00,1.00,3.00,2.00,3.50,4.00,6.00,0.033,8.19,113.67,1.00,,,,,,,,,,
134,150.00,2.00,2.00,2.50,2.50,4.00,13.00,0.066,48.78,112.75,1.00,,,,,,,,,,
135,125.00,1.00,4.00,3.00,2.50,3.50,6.00,0.033,16.42,112.69,1.00,,,,,,,,,,
136,75.00,1.00,2.00,1.00,2.00,2.00,2.00,0.033,14.47,112.69,1.00,,,,,,,,,,
137,75.00,3.00,6.00,3.00,4.00,4.00,6.00,0.033,12.60,112.10,1.00,,,,,,,,,,
138,175.00,1.49,2.02,2.99,3.49,2.98,8.00,0.150,105.80,111.64,1.00,,,,,,,,,,
139,175.00,1.49,2.02,2.99,3.49,2.98,8.00,0.200,141.53,111.52,1.00,,,,,,,,,,
140,175.00,1.00,5.96,2.50,3.02,2.49,8.00,0.050,23.89,111.31,1.00,,,,,,,,,,
141,75.00,1.50,3.00,1.50,2.50,2.50,2.00,0.066,43.10,110.57,1.00,,,,,,,,,,
142,100.00,2.50,6.00,1.00,2.50,3.00,22.00,0.066,13.50,110.21,1.00,,,,,,,,,,
143,100.00,2.50,6.00,1.00,2.50,3.00,16.00,0.066,18.77,109.81,1.00,,,,,,,,,,
144,75.00,3.00,6.00,3.00,4.00,4.00,16.00,0.033,5.09,109.35,1.00,,,,,,,,,,
145,75.00,3.00,6.00,3.00,4.00,4.00,10.00,0.033,8.19,109.18,1.00,,,,,,,,,,
146,75.00,2.50,5.00,2.50,3.50,3.50,10.00,0.033,7.04,108.77,1.00,,,,,,,,,,
147,150.00,2.50,3.00,3.00,3.00,2.00,16.00,0.066,26.85,108.74,1.00,,,,,,,,,,
148,100.00,1.50,4.00,2.50,4.00,2.00,6.00,0.066,14.52,108.25,1.00,,,,,,,,,,
149,125.00,1.50,5.00,1.00,3.00,4.00,10.00,0.033,15.82,107.64,1.00,,,,,,,,,,
150,150.00,1.50,6.00,2.00,2.00,3.50,10.00,0.033,30.81,107.30,1.00,,,,,,,,,,
151,125.00,2.50,2.00,2.00,4.00,2.50,19.00,0.066,14.41,107.17,1.00,,,,,,,,,,
152,150.00,2.00,2.00,2.50,2.50,4.00,10.00,0.066,75.73,106.28,1.00,,,,,,,,,,
153,125.00,1.00,4.00,3.00,2.50,3.50,10.00,0.033,11.81,106.09,1.00,,,,,,,,,,
154,175.00,1.49,2.02,2.99,3.49,2.98,14.00,0.050,23.52,106.04,1.00,,,,,,,,,,
155,175.00,1.50,2.00,3.00,3.50,3.00,19.00,0.066,23.19,105.81,1.00,,,,,,,,,,
156,75.00,3.00,6.00,3.00,4.00,4.00,13.00,0.033,6.98,105.48,1.00,,,,,,,,,,
157,150.00,2.50,3.00,3.00,3.00,2.00,16.00,0.132,59.50,105.08,1.00,,,,,,,,,,
158,125.00,1.50,5.00,1.00,3.00,4.00,6.00,0.066,59.40,103.45,1.00,,,,,,,,,,
159,125.00,3.00,3.00,2.50,2.00,3.00,13.00,0.066,65.32,103.15,1.00,,,,,,,,,,
160,75.00,2.00,4.00,2.00,3.00,3.00,13.00,0.033,5.34,102.41,1.00,,,,,,,,,,
161,75.00,3.00,6.00,3.00,4.00,4.00,6.00,0.066,33.11,102.36,1.00,,,,,,,,,,
162,125.00,2.50,2.00,2.00,4.00,2.50,13.00,0.264,97.39,102.12,1.00,,,,,,,,,,
163,125.00,2.50,2.00,2.00,4.00,2.50,22.00,0.066,14.40,102.09,1.00,,,,,,,,,,
164,100.00,2.81,2.00,1.50,2.99,3.58,8.00,0.050,38.36,102.06,1.00,,,,,,,,,,
165,75.00,1.00,2.00,1.00,2.00,2.00,2.00,0.066,39.04,102.00,1.00,,,,,,,,,,
166,125.00,2.00,6.00,1.50,3.50,2.00,16.00,0.066,16.02,100.85,1.00,,,,,,,,,,
167,100.00,2.50,6.00,1.00,2.50,3.00,10.00,0.066,38.80,100.82,1.00,,,,,,,,,,
168,75.00,2.50,5.00,2.50,3.50,3.50,13.00,0.033,6.82,100.75,1.00,,,,,,,,,,
169,125.00,2.00,6.00,1.50,3.50,2.00,19.00,0.132,27.13,100.68,1.00,,,,,,,,,,
170,125.00,1.00,4.00,3.00,2.50,3.50,6.00,0.066,46.58,100.29,1.00,,,,,,,,,,
171,175.00,1.50,2.00,3.00,3.50,3.00,16.00,0.264,131.81,99.67,1.00,,,,,,,,,,
172,75.00,1.50,3.00,1.50,2.50,2.50,6.00,0.033,9.93,99.27,1.00,,,,,,,,,,
173,125.00,2.50,2.00,2.00,4.00,2.50,13.00,0.132,53.45,99.00,1.00,,,,,,,,,,
174,175.00,1.00,5.96,2.50,3.02,2.49,8.00,0.100,68.81,98.57,1.00,,,,,,,,,,
175,100.00,2.50,6.00,1.00,2.50,3.00,10.00,0.132,83.39,98.44,1.00,,,,,,,,,,
176,75.00,2.50,5.00,2.50,3.50,3.50,6.00,0.066,31.95,98.15,1.00,,,,,,,,,,
177,175.00,1.50,2.00,3.00,3.50,3.00,13.00,0.264,173.27,97.50,1.00,,,,,,,,,,
178,150.00,2.00,2.00,2.50,2.50,4.00,19.00,0.066,51.75,97.42,1.00,,,,,,,,,,
179,100.00,3.00,2.00,1.50,3.00,3.50,10.00,0.066,49.33,97.06,1.00,,,,,,,,,,
180,75.00,2.00,4.00,2.00,3.00,3.00,6.00,0.066,27.68,96.47,1.00,,,,,,,,,,
181,150.00,2.50,3.00,3.00,3.00,2.00,22.00,0.066,28.01,96.42,1.00,,,,,,,,,,
182,175.00,1.50,2.00,3.00,3.50,3.00,16.00,0.132,73.85,95.96,1.00,,,,,,,,,,
183,100.00,1.50,4.00,2.50,4.00,2.00,13.00,0.066,9.64,95.88,1.00,,,,,,,,,,
184,150.00,2.50,3.00,3.00,3.00,2.00,19.00,0.066,33.04,95.82,1.00,,,,,,,,,,
185,125.00,1.50,5.00,1.00,3.00,4.00,10.00,0.066,44.91,95.78,1.00,,,,,,,,,,
186,125.00,2.00,6.00,1.50,3.50,2.00,19.00,0.066,15.80,95.69,1.00,,,,,,,,,,
187,75.00,1.50,3.00,1.50,2.50,2.50,10.00,0.033,6.68,95.56,1.00,,,,,,,,,,
188,100.00,2.50,6.00,1.00,2.50,3.00,19.00,0.066,24.07,95.45,1.00,,,,,,,,,,
189,125.00,2.00,6.00,1.50,3.50,2.00,10.00,0.066,30.38,95.31,1.00,,,,,,,,,,
190,125.00,3.00,3.00,2.50,2.00,3.00,22.00,0.033,24.47,95.30,1.00,,,,,,,,,,
191,100.00,2.81,2.00,1.50,2.99,3.58,8.00,0.100,95.43,94.90,1.00,,,,,,,,,,
192,125.00,2.50,2.00,2.00,4.00,2.50,16.00,0.132,49.39,94.85,1.00,,,,,,,,,,
193,75.00,3.00,6.00,3.00,4.00,4.00,19.00,0.033,6.58,94.78,1.00,,,,,,,,,,
194,125.00,3.00,3.00,2.50,2.00,3.00,19.00,0.066,58.07,94.53,1.00,,,,,,,,,,
195,150.00,2.50,3.00,3.00,3.00,2.00,22.00,0.132,59.65,94.42,1.00,,,,,,,,,,
196,175.00,1.00,6.00,2.50,3.00,2.50,13.00,0.066,32.43,94.20,1.00,,,,,,,,,,
197,175.00,1.00,5.96,2.50,3.02,2.49,8.00,0.150,118.63,94.10,1.00,,,,,,,,,,
198,100.00,3.00,2.00,1.50,3.00,3.50,19.00,0.033,14.30,93.99,1.00,,,,,,,,,,
199,150.00,2.00,2.00,2.50,2.50,4.00,16.00,0.066,68.46,93.97,1.00,,,,,,,,,,
200,150.00,2.50,3.00,3.00,3.00,2.00,19.00,0.132,70.38,93.83,1.00,,,,,,,,,,
201,150.00,2.00,2.00,2.50,2.50,4.00,22.00,0.033,25.03,93.80,1.00,,,,,,,,,,
202,150.00,2.00,2.00,2.50,2.50,4.00,13.00,0.033,42.60,93.63,1.00,,,,,,,,,,
203,150.00,1.00,5.00,1.50,4.00,3.00,10.00,0.066,27.44,93.42,1.00,,,,,,,,,,
204,175.00,1.50,2.00,3.00,3.50,3.00,22.00,0.132,58.94,93.03,1.00,,,,,,,,,,
205,125.00,2.00,6.00,1.50,3.50,2.00,13.00,0.066,25.71,92.33,1.00,,,,,,,,,,
206,100.00,1.50,4.00,2.50,4.00,2.00,16.00,0.066,8.78,92.31,1.00,,,,,,,,,,
207,100.00,2.50,6.00,1.00,2.50,3.00,13.00,0.066,38.90,92.30,1.00,,,,,,,,,,
208,175.00,1.00,6.00,2.50,3.00,2.50,10.00,0.132,90.54,91.99,1.00,,,,,,,,,,
209,100.00,3.00,2.00,1.50,3.00,3.50,22.00,0.033,13.38,91.51,1.00,,,,,,,,,,
210,125.00,3.00,3.00,2.50,2.00,3.00,16.00,0.066,76.20,91.44,1.00,,,,,,,,,,
211,175.00,1.50,2.00,3.00,3.50,3.00,19.00,0.132,72.35,91.24,1.00,,,,,,,,,,
212,175.00,1.00,5.96,2.50,3.02,2.49,8.00,0.200,175.12,90.96,1.00,,,,,,,,,,
213,100.00,2.00,5.00,3.00,2.00,2.50,6.00,0.066,77.23,90.65,1.00,,,,,,,,,,
214,175.00,1.00,6.00,2.50,3.00,2.50,16.00,0.066,30.10,90.11,1.00,,,,,,,,,,
215,100.00,2.50,6.00,1.00,2.50,3.00,13.00,0.132,83.89,90.01,1.00,,,,,,,,,,
216,125.00,1.50,5.00,1.00,3.00,4.00,22.00,0.033,12.37,89.84,1.00,,,,,,,,,,
217,175.00,1.49,2.02,2.99,3.49,2.98,14.00,0.200,155.82,89.62,1.00,,,,,,,,,,
218,175.00,1.49,2.02,2.99,3.49,2.98,14.00,0.100,78.49,89.40,1.00,,,,,,,,,,
219,125.00,1.50,5.00,1.00,3.00,4.00,13.00,0.033,21.36,89.23,1.00,,,,,,,,,,
220,100.00,1.50,4.00,2.50,4.00,2.00,19.00,0.066,8.23,89.05,1.00,,,,,,,,,,
221,75.00,2.00,4.00,2.00,3.00,3.00,16.00,0.033,6.60,89.04,1.00,,,,,,,,,,
222,100.00,1.96,4.87,2.97,2.00,2.44,8.00,0.050,44.80,88.74,1.00,,,,,,,,,,
223,125.00,2.00,6.00,1.50,3.50,2.00,10.00,0.132,75.47,88.66,1.00,,,,,,,,,,
224,175.00,1.49,2.02,2.99,3.49,2.98,14.00,0.150,121.48,88.47,1.00,,,,,,,,,,
225,150.00,1.00,5.00,1.50,4.00,3.00,10.00,0.132,65.08,88.25,1.00,,,,,,,,,,
226,100.00,1.00,3.00,2.00,3.50,4.00,10.00,0.033,10.54,88.13,1.00,,,,,,,,,,
227,150.00,1.50,6.00,2.00,2.00,3.50,10.00,0.066,114.11,87.38,1.00,,,,,,,,,,
228,175.00,1.00,6.00,2.50,3.00,2.50,13.00,0.264,165.10,86.92,1.00,,,,,,,,,,
229,75.00,3.00,6.00,3.00,4.00,4.00,8.00,0.050,30.75,86.83,1.00,,,,,,,,,,
230,125.00,1.50,5.00,1.00,3.00,4.00,13.00,0.066,46.58,86.69,1.00,,,,,,,,,,
231,150.00,1.50,6.00,2.00,2.00,3.50,19.00,0.033,30.81,86.63,1.00,,,,,,,,,,
232,175.00,1.00,5.96,2.50,3.02,2.49,14.00,0.050,29.03,86.56,1.00,,,,,,,,,,
233,175.00,1.50,2.00,3.00,3.50,3.00,22.00,0.066,36.64,86.52,1.00,,,,,,,,,,
234,125.00,1.50,5.00,1.00,3.00,4.00,16.00,0.033,19.06,86.48,1.00,,,,,,,,,,
235,175.00,1.00,6.00,2.50,3.00,2.50,10.00,0.264,219.73,86.25,1.00,,,,,,,,,,
236,100.00,2.00,5.00,3.00,2.00,2.50,13.00,0.033,20.88,86.00,1.00,,,,,,,,,,
237,75.00,3.00,6.00,3.00,4.00,4.00,10.00,0.066,33.74,85.79,1.00,,,,,,,,,,
238,100.00,2.50,6.00,1.00,2.50,3.00,16.00,0.132,79.16,85.63,1.00,,,,,,,,,,
239,75.00,2.50,5.00,2.50,3.50,3.50,10.00,0.066,29.61,84.90,1.00,,,,,,,,,,
240,100.00,1.00,3.00,2.00,3.50,4.00,13.00,0.033,9.14,84.67,1.00,,,,,,,,,,
241,100.00,2.00,5.00,3.00,2.00,2.50,10.00,0.033,28.55,84.56,1.00,,,,,,,,,,
242,150.00,1.00,5.00,1.50,4.00,3.00,16.00,0.132,46.27,84.54,1.00,,,,,,,,,,
243,125.00,1.00,4.00,3.00,2.50,3.50,10.00,0.066,46.74,84.49,1.00,,,,,,,,,,
244,125.00,1.50,5.00,1.00,3.00,4.00,19.00,0.033,17.36,84.25,1.00,,,,,,,,,,
245,125.00,1.00,4.00,3.00,2.50,3.50,19.00,0.033,12.56,83.91,1.00,,,,,,,,,,
246,75.00,1.00,2.00,1.00,2.00,2.00,6.00,0.033,11.78,83.68,1.00,,,,,,,,,,
247,75.00,1.50,3.00,1.50,2.50,2.50,6.00,0.066,33.27,83.57,1.00,,,,,,,,,,
248,75.00,1.50,3.00,1.50,2.50,2.50,13.00,0.033,7.69,83.54,1.00,,,,,,,,,,
249,125.00,3.00,3.00,2.50,2.00,3.00,22.00,0.066,72.86,83.47,1.00,,,,,,,,,,
250,175.00,1.49,2.02,2.99,3.49,2.98,20.00,0.050,35.02,82.45,1.00,,,,,,,,,,
251,75.00,3.00,6.00,3.00,4.00,4.00,16.00,0.066,24.50,81.61,1.00,,,,,,,,,,
252,100.00,1.50,4.00,2.50,4.00,2.00,22.00,0.066,9.46,80.97,1.00,,,,,,,,,,
253,150.00,1.50,6.00,2.00,2.00,3.50,13.00,0.033,55.97,80.58,1.00,,,,,,,,,,
254,125.00,2.50,2.00,2.00,4.00,2.50,19.00,0.132,67.97,80.52,1.00,,,,,,,,,,
255,100.00,1.50,4.00,2.50,4.00,2.00,10.00,0.132,42.37,80.49,1.00,,,,,,,,,,
256,100.00,3.00,2.00,1.50,3.00,3.50,13.00,0.066,67.07,80.28,1.00,,,,,,,,,,
257,125.00,2.50,2.00,2.00,4.00,2.50,22.00,0.132,59.66,80.09,1.00,,,,,,,,,,
258,150.00,1.50,6.00,2.00,2.00,3.50,16.00,0.033,46.46,80.00,1.00,,,,,,,,,,
259,150.00,1.00,5.00,1.50,4.00,3.00,13.00,0.066,33.88,79.78,1.00,,,,,,,,,,
260,100.00,3.00,2.00,1.50,3.00,3.50,16.00,0.066,55.85,79.62,1.00,,,,,,,,,,
261,75.00,3.00,6.00,3.00,4.00,4.00,22.00,0.033,9.80,79.05,1.00,,,,,,,,,,
262,125.00,1.00,4.00,3.00,2.50,3.50,16.00,0.033,17.87,78.99,1.00,,,,,,,,,,
263,150.00,1.50,6.00,2.00,2.00,3.50,16.00,0.066,97.08,78.84,1.00,,,,,,,,,,
264,175.00,1.00,6.00,2.50,3.00,2.50,19.00,0.264,152.12,78.71,1.00,,,,,,,,,,
265,75.00,2.00,4.00,2.00,3.00,3.00,10.00,0.066,30.87,78.46,1.00,,,,,,,,,,
266,100.00,2.81,2.00,1.50,2.99,3.58,14.00,0.050,48.31,78.43,1.00,,,,,,,,,,
267,125.00,2.00,6.00,1.50,3.50,2.00,13.00,0.132,85.14,78.04,1.00,,,,,,,,,,
268,150.00,1.00,5.00,1.50,4.00,3.00,13.00,0.132,72.48,78.01,1.00,,,,,,,,,,
269,175.00,1.00,5.96,2.50,3.02,2.49,14.00,0.100,81.49,77.31,1.00,,,,,,,,,,
270,150.00,1.50,6.00,2.00,2.00,3.50,13.00,0.066,127.18,77.22,1.00,,,,,,,,,,
271,100.00,1.96,4.87,2.97,2.00,2.44,8.00,0.100,136.58,77.11,1.00,,,,,,,,,,
272,150.00,1.00,5.00,1.50,4.00,3.00,10.00,0.264,198.39,76.69,1.00,,,,,,,,,,
273,150.00,1.50,6.00,2.00,2.00,3.50,22.00,0.033,38.36,76.69,1.00,,,,,,,,,,
274,175.00,1.00,6.00,2.50,3.00,2.50,13.00,0.132,120.56,76.61,1.00,,,,,,,,,,
275,175.00,1.49,2.02,2.99,3.49,2.98,20.00,0.150,131.28,76.55,1.00,,,,,,,,,,
276,125.00,1.00,4.00,3.00,2.50,3.50,6.04,0.070,116.25,76.35,1.00,,,,,,,,,,
277,150.00,1.50,6.00,2.00,2.00,3.50,19.00,0.066,90.10,76.33,1.00,,,,,,,,,,
278,125.00,1.50,5.00,1.00,3.00,4.00,16.00,0.066,55.52,76.30,1.00,,,,,,,,,,
279,175.00,1.00,6.00,2.50,3.00,2.50,19.00,0.132,83.61,76.27,1.00,,,,,,,,,,
280,175.00,1.49,2.02,2.99,3.49,2.98,20.00,0.100,89.37,76.02,1.00,,,,,,,,,,
281,125.00,2.00,6.00,1.50,3.50,2.00,16.00,0.132,75.02,75.96,1.00,,,,,,,,,,
282,75.00,2.02,4.02,2.06,3.04,2.94,8.00,0.050,31.55,75.91,1.00,,,,,,,,,,
283,75.00,1.00,2.00,1.00,2.00,2.00,6.00,0.066,31.76,75.76,1.00,,,,,,,,,,
284,175.00,1.00,6.00,2.50,3.00,2.50,16.00,0.264,205.15,75.45,1.00,,,,,,,,,,
285,75.00,3.00,6.00,3.00,4.00,4.00,8.00,0.100,95.51,74.98,1.00,,,,,,,,,,
286,75.00,2.00,4.00,2.00,3.00,3.00,19.00,0.033,9.32,74.97,1.00,,,,,,,,,,
287,100.00,3.00,2.00,1.50,3.00,3.50,19.00,0.066,56.41,74.94,1.00,,,,,,,,,,
288,100.00,2.50,6.00,1.00,2.50,3.00,19.00,0.132,100.00,74.81,1.00,,,,,,,,,,
289,100.00,1.96,4.87,2.97,2.00,2.44,8.00,0.150,230.51,74.14,1.00,,,,,,,,,,
290,175.00,1.00,5.96,2.50,3.02,2.49,14.00,0.150,140.85,73.75,1.00,,,,,,,,,,
291,100.00,2.00,5.00,3.00,2.00,2.50,10.00,0.066,86.81,73.54,1.00,,,,,,,,,,
292,175.00,1.00,5.96,2.50,3.02,2.49,13.00,0.260,269.63,73.13,1.00,,,,,,,,,,
293,75.00,3.00,6.00,3.00,4.00,4.00,13.00,0.066,41.95,73.10,1.00,,,,,,,,,,
294,75.00,2.00,4.00,2.00,3.00,3.00,13.00,0.066,29.47,73.01,1.00,,,,,,,,,,
295,75.00,2.50,5.00,2.50,3.50,3.50,13.00,0.066,36.13,72.80,1.00,,,,,,,,,,
296,100.00,1.96,4.87,2.97,2.00,2.44,8.00,0.200,324.83,72.78,1.00,,,,,,,,,,
297,75.00,3.00,6.00,3.00,4.00,4.00,8.00,0.150,156.94,72.73,1.00,,,,,,,,,,
298,125.00,1.00,4.00,3.00,2.50,3.50,10.00,0.132,147.08,72.64,1.00,,,,,,,,,,
299,100.00,1.00,3.00,2.00,3.50,4.00,6.00,0.066,63.34,72.41,1.00,,,,,,,,,,
300,125.00,1.00,4.00,3.00,2.50,3.50,16.00,0.066,46.98,72.12,1.00,,,,,,,,,,
301,100.00,2.00,5.00,3.00,2.00,2.50,16.00,0.033,28.88,72.02,1.00,,,,,,,,,,
302,125.00,1.00,4.00,3.00,2.50,3.50,13.00,0.066,58.27,71.93,1.00,,,,,,,,,,
303,75.00,1.00,2.00,1.00,2.00,2.00,10.00,0.033,11.21,71.76,1.00,,,,,,,,,,
304,75.00,2.00,4.00,2.00,3.00,3.00,22.00,0.033,9.17,71.76,1.00,,,,,,,,,,
305,175.00,1.00,5.96,2.50,3.02,2.49,14.00,0.200,204.85,71.64,1.00,,,,,,,,,,
306,100.00,2.00,5.00,3.00,2.00,2.50,13.00,0.066,72.53,71.54,1.00,,,,,,,,,,
307,100.00,1.00,3.00,2.00,3.50,4.00,16.00,0.033,12.41,71.36,1.00,,,,,,,,,,
308,100.00,1.50,4.00,2.50,4.00,2.00,13.00,0.132,46.82,71.33,1.00,,,,,,,,,,
309,125.00,1.00,4.00,3.00,2.50,3.50,8.00,0.050,73.40,71.32,1.00,,,,,,,,,,
310,125.00,1.00,4.00,3.00,2.50,3.50,10.00,0.264,311.04,71.31,1.00,,,,,,,,,,
311,75.00,2.50,5.00,2.50,3.50,3.50,16.00,0.066,31.53,71.09,1.00,,,,,,,,,,
312,100.00,2.00,5.00,3.00,2.00,2.50,10.00,0.132,193.55,70.92,1.00,,,,,,,,,,
313,175.00,1.00,5.96,2.50,3.02,2.49,20.00,0.050,37.01,70.88,1.00,,,,,,,,,,
314,125.00,1.50,5.00,1.00,3.00,4.00,19.00,0.066,58.39,70.85,1.00,,,,,,,,,,
315,75.00,3.00,6.00,3.00,4.00,4.00,8.00,0.200,227.21,70.76,1.00,,,,,,,,,,
316,75.00,1.50,3.00,1.50,2.50,2.50,19.00,0.033,8.77,70.45,1.00,,,,,,,,,,
317,175.00,1.00,6.00,2.50,3.00,2.50,19.00,0.066,53.38,70.30,1.00,,,,,,,,,,
318,75.00,3.00,6.00,3.00,4.00,4.00,19.00,0.066,32.30,70.28,1.00,,,,,,,,,,
319,175.00,1.00,6.00,2.50,3.00,2.50,22.00,0.132,94.92,69.62,1.00,,,,,,,,,,
320,100.00,1.96,4.87,2.97,2.00,2.44,14.00,0.050,53.46,69.43,1.00,,,,,,,,,,
321,75.00,3.00,6.00,3.00,4.00,4.00,22.00,0.066,28.94,69.43,1.00,,,,,,,,,,
322,100.00,1.00,3.00,2.00,3.50,4.00,10.00,0.066,43.49,69.23,1.00,,,,,,,,,,
323,100.00,1.50,4.00,2.50,4.00,2.00,10.00,0.264,133.80,69.12,1.00,,,,,,,,,,
324,150.00,1.00,5.00,1.50,4.00,3.00,16.00,0.066,42.47,69.05,1.00,,,,,,,,,,
325,125.00,1.00,4.00,3.00,2.50,3.50,13.00,0.132,131.97,69.01,1.00,,,,,,,,,,
326,75.00,3.00,6.00,3.00,4.00,4.00,14.00,0.050,35.48,68.70,1.00,,,,,,,,,,
327,175.00,1.00,6.00,2.50,3.00,2.50,22.00,0.066,50.17,68.35,1.00,,,,,,,,,,
328,75.00,1.50,3.00,1.50,2.50,2.50,16.00,0.033,11.52,68.13,1.00,,,,,,,,,,
329,75.00,1.50,3.00,1.50,2.50,2.50,22.00,0.033,8.55,67.66,1.00,,,,,,,,,,
330,75.00,2.02,4.02,2.06,3.04,2.94,8.00,0.100,89.44,67.57,1.00,,,,,,,,,,
331,175.00,1.00,6.00,2.50,3.00,2.50,16.00,0.132,143.62,67.44,1.00,,,,,,,,,,
332,150.00,1.00,5.00,1.50,4.00,3.00,22.00,0.132,66.44,67.39,1.00,,,,,,,,,,
333,125.00,1.00,4.00,3.00,2.50,3.50,8.00,0.100,175.76,67.17,1.00,,,,,,,,,,
334,75.00,1.00,2.00,1.00,2.00,2.00,13.00,0.066,21.05,67.15,1.00,,,,,,,,,,
335,75.00,1.00,2.00,1.00,2.00,2.00,13.00,0.033,10.69,66.81,1.00,,,,,,,,,,
336,75.00,3.00,6.00,3.00,4.00,4.00,10.00,0.132,143.24,66.75,1.00,,,,,,,,,,
337,100.00,2.00,5.00,3.00,2.00,2.50,19.00,0.033,30.63,66.69,1.00,,,,,,,,,,
338,75.00,1.00,2.00,1.00,2.00,2.00,10.00,0.066,28.57,66.19,1.00,,,,,,,,,,
339,125.00,1.50,5.00,1.00,3.00,4.00,22.00,0.066,62.54,65.94,1.00,,,,,,,,,,
340,125.00,2.00,6.00,1.50,3.50,2.00,22.00,0.066,42.35,65.60,1.00,,,,,,,,,,
341,75.00,2.50,5.00,2.50,3.50,3.50,19.00,0.066,33.99,65.47,1.00,,,,,,,,,,
342,100.00,2.00,5.00,3.00,2.00,2.50,16.00,0.066,78.38,65.05,1.00,,,,,,,,,,
343,100.00,1.50,4.00,2.50,4.00,2.00,16.00,0.132,50.27,65.01,1.00,,,,,,,,,,
344,125.00,1.00,4.00,3.00,2.50,3.50,8.00,0.150,293.96,64.77,1.00,,,,,,,,,,
345,75.00,2.50,5.00,2.50,3.50,3.50,22.00,0.066,30.41,64.71,1.00,,,,,,,,,,
346,100.00,2.81,2.00,1.50,2.99,3.58,20.00,0.050,60.79,64.50,1.00,,,,,,,,,,
347,150.00,1.00,5.00,1.50,4.00,3.00,19.00,0.066,43.94,64.47,1.00,,,,,,,,,,
348,75.00,2.50,5.00,2.50,3.50,3.50,10.00,0.132,135.36,64.46,1.00,,,,,,,,,,
349,100.00,1.00,3.00,2.00,3.50,4.00,13.00,0.066,42.31,64.01,1.00,,,,,,,,,,
350,125.00,1.00,4.00,3.00,2.50,3.50,8.00,0.200,413.23,63.64,1.00,,,,,,,,,,
351,75.00,2.00,4.00,2.00,3.00,3.00,10.00,0.132,115.93,63.60,1.00,,,,,,,,,,
352,175.00,1.00,5.96,2.50,3.02,2.49,20.00,0.100,102.49,63.59,1.00,,,,,,,,,,
353,75.00,1.50,3.00,1.50,2.50,2.50,10.00,0.066,45.76,63.38,1.00,,,,,,,,,,
354,75.00,2.00,4.00,2.00,3.00,3.00,16.00,0.066,36.85,63.24,1.00,,,,,,,,,,
355,125.00,1.00,4.00,3.00,2.50,3.50,22.00,0.033,25.34,63.24,1.00,,,,,,,,,,
356,150.00,1.50,6.00,2.00,2.00,3.50,22.00,0.066,139.62,62.81,1.00,,,,,,,,,,
357,75.00,2.02,4.02,2.06,3.04,2.94,8.00,0.150,169.24,62.54,1.00,,,,,,,,,,
358,125.00,1.00,4.00,3.00,2.50,3.50,13.00,0.264,362.78,62.07,1.00,,,,,,,,,,
359,175.00,1.00,5.96,2.50,3.02,2.49,20.00,0.200,221.07,62.01,1.00,,,,,,,,,,
360,175.00,1.00,5.96,2.50,3.02,2.49,20.00,0.150,165.88,62.00,1.00,,,,,,,,,,
361,75.00,1.00,2.00,1.00,2.00,2.00,16.00,0.033,11.34,61.12,1.00,,,,,,,,,,
362,75.00,2.00,4.00,2.00,3.00,3.00,19.00,0.066,34.51,61.04,1.00,,,,,,,,,,
363,150.00,1.00,5.00,1.50,4.00,3.00,19.00,0.132,105.99,60.57,1.00,,,,,,,,,,
364,75.00,2.02,4.02,2.06,3.04,2.94,14.00,0.050,35.71,60.44,1.00,,,,,,,,,,
365,75.00,2.50,5.00,2.50,3.50,3.50,13.00,0.132,126.52,60.40,1.00,,,,,,,,,,
366,100.00,1.96,4.87,2.97,2.00,2.44,14.00,0.100,162.83,60.35,1.00,,,,,,,,,,
367,125.00,1.00,4.00,3.00,2.50,3.50,19.00,0.066,68.08,60.18,1.00,,,,,,,,,,
368,100.00,1.50,4.00,2.50,4.00,2.00,13.00,0.264,157.05,60.04,1.00,,,,,,,,,,
369,75.00,1.00,2.00,1.00,2.00,2.00,16.00,0.066,24.95,59.21,1.00,,,,,,,,,,
370,100.00,2.00,5.00,3.00,2.00,2.50,16.00,0.132,208.33,59.17,1.00,,,,,,,,,,
371,100.00,2.00,5.00,3.00,2.00,2.50,22.00,0.033,37.89,59.16,1.00,,,,,,,,,,
372,125.00,1.00,4.00,3.00,2.50,3.50,16.00,0.132,170.91,59.08,1.00,,,,,,,,,,
373,100.00,2.00,5.00,3.00,2.00,2.50,13.00,0.132,260.40,58.86,1.00,,,,,,,,,,
374,100.00,1.50,4.00,2.50,4.00,2.00,22.00,0.132,49.40,58.80,1.00,,,,,,,,,,
375,100.00,1.96,4.87,2.97,2.00,2.44,20.00,0.050,61.83,58.73,1.00,,,,,,,,,,
376,100.00,1.00,3.00,2.00,3.50,4.00,19.00,0.033,18.76,58.71,1.00,,,,,,,,,,
377,100.00,1.00,3.00,2.00,3.50,4.00,16.00,0.066,44.62,58.68,1.00,,,,,,,,,,
378,75.00,2.02,4.02,2.06,3.04,2.94,8.00,0.200,273.68,58.64,1.00,,,,,,,,,,
379,75.00,1.50,3.00,1.50,2.50,2.50,10.00,0.132,115.77,58.60,1.00,,,,,,,,,,
380,75.00,1.00,2.00,1.00,2.00,2.00,19.00,0.033,10.87,58.54,1.00,,,,,,,,,,
381,100.00,1.96,4.87,2.97,2.00,2.44,14.00,0.150,268.33,58.48,1.00,,,,,,,,,,
382,75.00,3.00,6.00,3.00,4.00,4.00,16.00,0.132,133.69,58.40,1.00,,,,,,,,,,
383,75.00,3.00,6.00,3.00,4.00,4.00,13.00,0.132,164.76,58.38,1.00,,,,,,,,,,
384,125.00,1.00,4.00,3.00,2.50,3.50,16.00,0.264,355.47,58.31,1.00,,,,,,,,,,
385,75.00,3.00,6.00,3.00,4.00,4.00,14.00,0.100,116.54,58.22,1.00,,,,,,,,,,
386,100.00,1.50,4.00,2.50,4.00,2.00,19.00,0.132,59.10,58.16,1.00,,,,,,,,,,
387,125.00,1.00,4.00,3.00,2.50,3.50,19.00,0.264,306.76,57.84,1.00,,,,,,,,,,
388,75.00,1.50,3.00,1.50,2.50,2.50,13.00,0.066,46.40,57.80,1.00,,,,,,,,,,
389,100.00,1.96,4.87,2.97,2.00,2.44,14.00,0.200,371.30,57.76,1.00,,,,,,,,,,
390,100.00,1.00,3.00,2.00,3.50,4.00,10.00,0.264,300.60,57.69,1.00,,,,,,,,,,
391,75.00,2.00,4.00,2.00,3.00,3.00,22.00,0.066,35.71,57.47,1.00,,,,,,,,,,
392,75.00,2.00,4.00,2.00,3.00,3.00,16.00,0.132,99.53,57.22,1.00,,,,,,,,,,
393,100.00,2.00,5.00,3.00,2.00,2.50,19.00,0.066,97.97,57.03,1.00,,,,,,,,,,
394,100.00,1.00,3.00,2.00,3.50,4.00,10.00,0.132,156.78,56.88,1.00,,,,,,,,,,
395,75.00,2.50,5.00,2.50,3.50,3.50,16.00,0.132,124.15,56.72,1.00,,,,,,,,,,
396,75.00,2.00,4.00,2.00,3.00,3.00,13.00,0.132,125.75,56.72,1.00,,,,,,,,,,
397,75.00,1.00,2.19,1.00,2.01,2.15,8.00,0.050,44.94,56.63,1.00,,,,,,,,,,
398,125.00,1.00,4.00,3.00,2.50,3.50,19.00,0.132,163.53,56.62,1.00,,,,,,,,,,
399,75.00,3.00,6.00,3.00,4.00,4.00,14.00,0.150,192.23,56.41,1.00,,,,,,,,,,
400,100.00,2.00,5.00,3.00,2.00,2.50,22.00,0.066,88.47,56.18,1.00,,,,,,,,,,
401,75.00,3.00,6.00,3.00,4.00,4.00,20.00,0.050,47.06,55.51,1.00,,,,,,,,,,
402,125.00,1.00,4.00,3.00,2.50,3.50,14.00,0.050,89.14,55.47,1.00,,,,,,,,,,
403,150.00,1.00,5.00,1.50,4.00,3.00,22.00,0.066,60.22,55.27,1.00,,,,,,,,,,
404,100.00,2.00,5.00,3.00,2.00,2.50,19.00,0.132,217.16,55.11,1.00,,,,,,,,,,
405,125.00,1.00,4.00,3.00,2.50,3.50,22.00,0.066,78.75,54.59,1.00,,,,,,,,,,
406,75.00,1.00,2.00,1.00,2.00,2.00,19.00,0.066,28.55,53.45,1.00,,,,,,,,,,
407,75.00,1.50,3.00,1.50,2.50,2.50,16.00,0.066,48.78,53.05,1.00,,,,,,,,,,
408,100.00,1.00,3.00,2.00,3.50,4.00,19.00,0.066,50.95,53.02,1.00,,,,,,,,,,
409,75.00,2.02,4.02,2.06,3.04,2.94,14.00,0.100,107.19,52.79,1.00,,,,,,,,,,
410,75.00,1.50,3.00,1.50,2.50,2.50,13.00,0.132,123.91,52.49,1.00,,,,,,,,,,
411,125.00,1.00,4.00,3.00,2.50,3.50,14.00,0.100,210.46,52.49,1.00,,,,,,,,,,
412,100.00,1.00,3.00,2.00,3.50,4.00,13.00,0.132,154.16,52.41,1.00,,,,,,,,,,
413,100.00,1.00,3.00,2.00,3.50,4.00,22.00,0.033,22.83,52.37,1.00,,,,,,,,,,
414,75.00,1.00,2.00,1.00,2.00,2.00,22.00,0.033,13.43,51.95,1.00,,,,,,,,,,
415,125.00,1.00,4.00,3.00,2.50,3.50,22.00,0.132,183.22,51.91,1.00,,,,,,,,,,
416,75.00,3.00,6.00,3.00,4.00,4.00,19.00,0.132,160.75,51.86,1.00,,,,,,,,,,
417,125.00,1.00,4.00,3.00,2.50,3.50,14.00,0.150,337.18,51.35,1.00,,,,,,,,,,
418,100.00,1.96,4.87,2.97,2.00,2.44,20.00,0.100,185.99,51.26,1.00,,,,,,,,,,
419,100.00,1.50,4.00,2.50,4.00,2.00,16.00,0.264,209.12,50.92,1.00,,,,,,,,,,
420,125.00,1.00,4.00,3.00,2.50,3.50,14.00,0.200,461.85,50.89,1.00,,,,,,,,,,
421,100.00,1.96,4.87,2.97,2.00,2.44,20.00,0.150,288.93,50.66,1.00,,,,,,,,,,
422,75.00,2.00,4.00,2.00,3.00,3.00,19.00,0.132,121.81,50.51,1.00,,,,,,,,,,
423,75.00,3.00,6.00,3.00,4.00,4.00,22.00,0.132,153.23,50.19,1.00,,,,,,,,,,
424,100.00,1.00,3.00,2.00,3.50,4.00,22.00,0.066,52.89,49.87,1.00,,,,,,,,,,
425,125.00,1.00,4.00,3.00,2.50,3.50,22.00,0.264,418.62,49.66,1.00,,,,,,,,,,
426,75.00,1.00,2.00,1.00,2.00,2.00,10.00,0.132,135.75,49.61,1.00,,,,,,,,,,
427,100.00,1.00,3.00,2.00,3.50,4.00,13.00,0.264,374.50,49.12,1.00,,,,,,,,,,
428,75.00,2.02,4.02,2.06,3.04,2.94,13.00,0.260,372.89,49.11,1.00,,,,,,,,,,
429,75.00,2.02,4.02,2.06,3.04,2.94,14.00,0.150,200.47,49.05,1.00,,,,,,,,,,
430,75.00,1.50,3.00,1.50,2.50,2.50,19.00,0.066,53.34,48.62,1.00,,,,,,,,,,
431,75.00,1.00,2.19,1.00,2.01,2.15,8.00,0.100,142.47,48.57,1.00,,,,,,,,,,
432,75.00,3.00,6.00,3.00,4.00,4.00,20.00,0.100,142.18,48.38,1.00,,,,,,,,,,
433,75.00,2.02,4.02,2.06,3.04,2.94,20.00,0.050,48.99,48.30,1.00,,,,,,,,,,
434,100.00,1.00,3.00,2.00,3.50,4.00,16.00,0.264,323.51,48.13,1.00,,,,,,,,,,
435,75.00,2.02,4.02,2.06,3.04,2.94,19.37,0.047,50.31,47.45,1.00,,,,,,,,,,
436,100.00,1.50,4.00,2.50,4.00,2.00,19.00,0.264,218.60,47.38,1.00,,,,,,,,,,
437,75.00,2.50,5.00,2.50,3.50,3.50,19.00,0.132,180.84,47.25,1.00,,,,,,,,,,
438,75.00,2.00,4.00,2.00,3.00,3.00,22.00,0.132,130.22,47.04,1.00,,,,,,,,,,
439,75.00,3.00,6.00,3.00,4.00,4.00,22.00,0.144,203.02,47.03,1.00,,,,,,,,,,
440,100.00,1.00,3.00,2.00,3.50,4.00,16.00,0.132,175.08,46.88,1.00,,,,,,,,,,
441,100.00,2.00,5.00,3.00,2.00,2.50,22.00,0.132,306.76,46.77,1.00,,,,,,,,,,
442,125.00,1.00,4.00,3.00,2.50,3.50,20.00,0.050,104.19,46.76,1.00,,,,,,,,,,
443,75.00,1.00,2.00,1.00,2.00,2.00,10.00,0.264,327.61,46.59,1.00,,,,,,,,,,
444,75.00,1.50,3.00,1.50,2.50,2.50,16.00,0.132,161.40,44.85,1.00,,,,,,,,,,
445,125.00,1.00,4.00,3.00,2.50,3.50,20.00,0.100,242.47,44.46,1.00,,,,,,,,,,
446,125.00,1.00,4.00,3.00,2.50,3.50,20.00,0.200,495.63,44.13,1.00,,,,,,,,,,
447,125.00,1.00,4.00,3.00,2.50,3.50,20.00,0.150,373.91,44.05,1.00,,,,,,,,,,
448,75.00,1.00,2.00,1.00,2.00,2.00,13.00,0.132,149.60,44.00,1.00,,,,,,,,,,
449,75.00,1.00,2.19,1.00,2.01,2.15,14.00,0.050,54.85,43.97,1.00,,,,,,,,,,
450,75.00,1.00,2.19,1.00,2.01,2.15,8.00,0.150,292.62,43.74,1.00,,,,,,,,,,
451,75.00,2.02,4.02,2.06,3.04,2.94,14.00,0.200,381.39,43.57,1.00,,,,,,,,,,
452,75.00,1.50,3.00,1.50,2.50,2.50,22.00,0.066,64.06,43.56,1.00,,,,,,,,,,
453,75.00,1.00,2.00,1.00,2.00,2.00,22.00,0.066,46.40,43.30,1.00,,,,,,,,,,
454,75.00,2.02,4.02,2.06,3.04,2.94,20.00,0.100,139.53,42.93,1.00,,,,,,,,,,
455,75.00,1.00,2.00,1.00,2.00,2.00,13.00,0.264,348.12,41.84,1.00,,,,,,,,,,
456,75.00,1.00,2.19,1.00,2.01,2.15,8.00,0.200,453.02,41.61,1.00,,,,,,,,,,
457,100.00,1.00,3.00,2.00,3.50,4.00,19.00,0.132,215.20,41.33,1.00,,,,,,,,,,
458,75.00,2.02,4.02,2.06,3.04,2.94,20.00,0.200,316.77,41.15,1.00,,,,,,,,,,
459,75.00,1.00,2.00,1.00,2.00,2.00,16.00,0.264,353.06,38.86,1.00,,,,,,,,,,
460,75.00,2.02,4.02,2.06,3.04,2.94,20.00,0.150,313.88,37.51,1.00,,,,,,,,,,
461,100.00,1.00,3.00,2.00,3.50,4.00,22.00,0.132,260.07,36.95,1.00,,,,,,,,,,
462,75.00,1.00,2.19,1.00,2.01,2.15,14.00,0.100,195.98,36.24,1.00,,,,,,,,,,
463,75.00,1.00,2.00,1.00,2.00,2.00,16.00,0.132,220.13,36.10,1.00,,,,,,,,,,
464,75.00,1.00,2.00,1.00,2.00,2.00,19.00,0.264,377.10,35.90,1.00,,,,,,,,,,
465,75.00,1.00,2.19,1.00,2.01,2.15,20.00,0.050,74.24,35.29,1.00,,,,,,,,,,
466,75.00,1.00,2.00,1.00,2.00,2.00,19.00,0.132,221.77,34.01,1.00,,,,,,,,,,
467,75.00,1.00,2.19,1.00,2.01,2.15,14.00,0.150,367.00,33.65,1.00,,,,,,,,,,
468,75.00,1.00,2.00,1.00,2.00,2.00,22.00,0.264,475.45,31.64,1.00,,,,,,,,,,
469,75.00,1.00,2.00,1.00,2.00,2.00,22.00,0.132,295.26,29.44,1.00,,,,,,,,,,
470,75.00,1.00,2.19,1.00,2.01,2.15,20.00,0.100,256.82,29.40,1.00,,,,,,,,,,
471,75.00,1.00,2.19,1.00,2.01,2.15,20.00,0.150,425.03,28.45,1.00,,,,,,,,,,
472,75.00,1.00,2.19,1.00,2.01,2.15,22.00,0.178,476.59,28.11,1.00,,,,,,,,,,
473,100,2.998118492,2.001855995,1.5,3.000964272,3.500983081,19.01407164,0.074108306,65.64337035,73.95377562,1,,,,,,,,,,
474,125,1.133846581,4.104441538,3,2.551043011,3.550103437,6.390758847,0.050698895,60.65088757,85.57289048,1,,,,,,,,,,
,,,,,,,,,,,,,,,,,,,,,
,,,,,,,,,,,,,,,,,,,,,
,,,,,,,,,,,,,,,,,,,,,
,,,,,,,,,,,,,,,,,,,,,
,,,,,,,,,,,,,,,,,,,,,
,,,,,,,,,,,,,,,,,,,,,
,,,,,,,,,,,,,,,,,,,,,
,,,,,,,,,,,,,,,,,,,,,
,,,,,,,,,,,,,,,,,,,,,
,,,,,,,,,,,,,,,,,,,,,
,,,,,,,,,,,,,,,,,,,,,
,,,,,,,,,,,,,,,,,,,,,
,,,,,,,,,,,,,,,,,,,,,
,,,,,,,,,,,,,,,,,,,,,
,,,,,,,,,,,,,,,,,,,,,
,,,,,,,,,,,,,,,,,,,,,
,,,,,,,,,,,,,,,,,,,,,
,,,,,,,,,,,,,,,,,,,,,
,,,,,,,,,,,,,,,,,,,,,
,,,,,,,,,,,,,,,,,,,,,
,,,,,,,,,,,,,,,,,,,,,
,,,,,,,,,,,,,,,,,,,,,
,,,,,,,,,,,,,,,,,,,,,
,,,,,,,,,,,,,,,,,,,,,
,,,,,,,,,,,,,,,,,,,,,
,,,,,,,,,,,,,,,,,,,,,
,,,,,,,,,,,,,,,,,,,,,
,,,,,,,,,,,,,,,,,,,,,
,,,,,,,,,,,,,,,,,,,,,
,,,,,,,,,,,,,,,,,,,,,
,,,,,,,,,,,,,,,,,,,,,
,,,,,,,,,,,,,,,,,,,,,
,,,,,,,,,,,,,,,,,,,,,
,,,,,,,,,,,,,,,,,,,,,
,,,,,,,,,,,,,,,,,,,,,
,,,,,,,,,,,,,,,,,,,,,
,,,,,,,,,,,,,,,,,,,,,
,,,,,,,,,,,,,,,,,,,,,
,,,,,,,,,,,,,,,,,,,,,
,,,,,,,,,,,,,,,,,,,,,
,,,,,,,,,,,,,,,,,,,,,
,,,,,,,,,,,,,,,,,,,,,
,,,,,,,,,,,,,,,,,,,,,
,,,,,,,,,,,,,,,,,,,,,
,,,,,,,,,,,,,,,,,,,,,
,,,,,,,,,,,,,,,,,,,,,
,,,,,,,,,,,,,,,,,,,,,
,,,,,,,,,,,,,,,,,,,,,
,,,,,,,,,,,,,,,,,,,,,
,,,,,,,,,,,,,,,,,,,,,
,,,,,,,,,,,,,,,,,,,,,
,,,,,,,,,,,,,,,,,,,,,
,,,,,,,,,,,,,,,,,,,,,
,,,,,,,,,,,,,,,,,,,,,
,,,,,,,,,,,,,,,,,,,,,
,,,,,,,,,,,,,,,,,,,,,
,,,,,,,,,,,,,,,,,,,,,
,,,,,,,,,,,,,,,,,,,,,
,,,,,,,,,,,,,,,,,,,,,
,,,,,,,,,,,,,,,,,,,,,
,,,,,,,,,,,,,,,,,,,,,
,,,,,,,,,,,,,,,,,,,,,
,,,,,,,,,,,,,,,,,,,,,
,,,,,,,,,,,,,,,,,,,,,
,,,,,,,,,,,,,,,,,,,,,
,,,,,,,,,,,,,,,,,,,,,
,,,,,,,,,,,,,,,,,,,,,
,,,,,,,,,,,,,,,,,,,,,
,,,,,,,,,,,,,,,,,,,,,
,,,,,,,,,,,,,,,,,,,,,
,,,,,,,,,,,,,,,,,,,,,
,,,,,,,,,,,,,,,,,,,,,
,,,,,,,,,,,,,,,,,,,,,
,,,,,,,,,,,,,,,,,,,,,
,,,,,,,,,,,,,,,,,,,,,
,,,,,,,,,,,,,,,,,,,,,
,,,,,,,,,,,,,,,,,,,,,
,,,,,,,,,,,,,,,,,,,,,
,,,,,,,,,,,,,,,,,,,,,
,,,,,,,,,,,,,,,,,,,,,
,,,,,,,,,,,,,,,,,,,,,
,,,,,,,,,,,,,,,,,,,,,
,,,,,,,,,,,,,,,,,,,,,
,,,,,,,,,,,,,,,,,,,,,
,,,,,,,,,,,,,,,,,,,,,
,,,,,,,,,,,,,,,,,,,,,
,,,,,,,,,,,,,,,,,,,,,
,,,,,,,,,,,,,,,,,,,,,
,,,,,,,,,,,,,,,,,,,,,
,,,,,,,,,,,,,,,,,,,,,
,,,,,,,,,,,,,,,,,,,,,
,,,,,,,,,,,,,,,,,,,,,
,,,,,,,,,,,,,,,,,,,,,
,,,,,,,,,,,,,,,,,,,,,
,,,,,,,,,,,,,,,,,,,,,
,,,,,,,,,,,,,,,,,,,,,
,,,,,,,,,,,,,,,,,,,,,
,,,,,,,,,,,,,,,,,,,,,
,,,,,,,,,,,,,,,,,,,,,
,,,,,,,,,,,,,,,,,,,,,
,,,,,,,,,,,,,,,,,,,,,
,,,,,,,,,,,,,,,,,,,,,
,,,,,,,,,,,,,,,,,,,,,
,,,,,,,,,,,,,,,,,,,,,
,,,,,,,,,,,,,,,,,,,,,
,,,,,,,,,,,,,,,,,,,,,
,,,,,,,,,,,,,,,,,,,,,
,,,,,,,,,,,,,,,,,,,,,
,,,,,,,,,,,,,,,,,,,,,
,,,,,,,,,,,,,,,,,,,,,
,,,,,,,,,,,,,,,,,,,,,
,,,,,,,,,,,,,,,,,,,,,
,,,,,,,,,,,,,,,,,,,,,
,,,,,,,,,,,,,,,,,,,,,
,,,,,,,,,,,,,,,,,,,,,
,,,,,,,,,,,,,,,,,,,,,
,,,,,,,,,,,,,,,,,,,,,
,,,,,,,,,,,,,,,,,,,,,
,,,,,,,,,,,,,,,,,,,,,
,,,,,,,,,,,,,,,,,,,,,
,,,,,,,,,,,,,,,,,,,,,
,,,,,,,,,,,,,,,,,,,,,
,,,,,,,,,,,,,,,,,,,,,
,,,,,,,,,,,,,,,,,,,,,
,,,,,,,,,,,,,,,,,,,,,
,,,,,,,,,,,,,,,,,,,,,
,,,,,,,,,,,,,,,,,,,,,
,,,,,,,,,,,,,,,,,,,,,
,,,,,,,,,,,,,,,,,,,,,
,,,,,,,,,,,,,,,,,,,,,
,,,,,,,,,,,,,,,,,,,,,
,,,,,,,,,,,,,,,,,,,,,
,,,,,,,,,,,,,,,,,,,,,
,,,,,,,,,,,,,,,,,,,,,
,,,,,,,,,,,,,,,,,,,,,
,,,,,,,,,,,,,,,,,,,,,
,,,,,,,,,,,,,,,,,,,,,
,,,,,,,,,,,,,,,,,,,,,
,,,,,,,,,,,,,,,,,,,,,
,,,,,,,,,,,,,,,,,,,,,
,,,,,,,,,,,,,,,,,,,,,
,,,,,,,,,,,,,,,,,,,,,
,,,,,,,,,,,,,,,,,,,,,
,,,,,,,,,,,,,,,,,,,,,
,,,,,,,,,,,,,,,,,,,,,
,,,,,,,,,,,,,,,,,,,,,
,,,,,,,,,,,,,,,,,,,,,
,,,,,,,,,,,,,,,,,,,,,
,,,,,,,,,,,,,,,,,,,,,
,,,,,,,,,,,,,,,,,,,,,
,,,,,,,,,,,,,,,,,,,,,
,,,,,,,,,,,,,,,,,,,,,
,,,,,,,,,,,,,,,,,,,,,
,,,,,,,,,,,,,,,,,,,,,
,,,,,,,,,,,,,,,,,,,,,
,,,,,,,,,,,,,,,,,,,,,
,,,,,,,,,,,,,,,,,,,,,
,,,,,,,,,,,,,,,,,,,,,
,,,,,,,,,,,,,,,,,,,,,
,,,,,,,,,,,,,,,,,,,,,
,,,,,,,,,,,,,,,,,,,,,
,,,,,,,,,,,,,,,,,,,,,
,,,,,,,,,,,,,,,,,,,,,
,,,,,,,,,,,,,,,,,,,,,
,,,,,,,,,,,,,,,,,,,,,
,,,,,,,,,,,,,,,,,,,,,
,,,,,,,,,,,,,,,,,,,,,
,,,,,,,,,,,,,,,,,,,,,
,,,,,,,,,,,,,,,,,,,,,
,,,,,,,,,,,,,,,,,,,,,
,,,,,,,,,,,,,,,,,,,,,
,,,,,,,,,,,,,,,,,,,,,
,,,,,,,,,,,,,,,,,,,,,
,,,,,,,,,,,,,,,,,,,,,
,,,,,,,,,,,,,,,,,,,,,
,,,,,,,,,,,,,,,,,,,,,
,,,,,,,,,,,,,,,,,,,,,
,,,,,,,,,,,,,,,,,,,,,
,,,,,,,,,,,,,,,,,,,,,
,,,,,,,,,,,,,,,,,,,,,
,,,,,,,,,,,,,,,,,,,,,
,,,,,,,,,,,,,,,,,,,,,
,,,,,,,,,,,,,,,,,,,,,
,,,,,,,,,,,,,,,,,,,,,
,,,,,,,,,,,,,,,,,,,,,
,,,,,,,,,,,,,,,,,,,,,
,,,,,,,,,,,,,,,,,,,,,
,,,,,,,,,,,,,,,,,,,,,
,,,,,,,,,,,,,,,,,,,,,
,,,,,,,,,,,,,,,,,,,,,
,,,,,,,,,,,,,,,,,,,,,
,,,,,,,,,,,,,,,,,,,,,
,,,,,,,,,,,,,,,,,,,,,
,,,,,,,,,,,,,,,,,,,,,
,,,,,,,,,,,,,,,,,,,,,
,,,,,,,,,,,,,,,,,,,,,
,,,,,,,,,,,,,,,,,,,,,
,,,,,,,,,,,,,,,,,,,,,
,,,,,,,,,,,,,,,,,,,,,
,,,,,,,,,,,,,,,,,,,,,
,,,,,,,,,,,,,,,,,,,,,
,,,,,,,,,,,,,,,,,,,,,
,,,,,,,,,,,,,,,,,,,,,
,,,,,,,,,,,,,,,,,,,,,
,,,,,,,,,,,,,,,,,,,,,
,,,,,,,,,,,,,,,,,,,,,
,,,,,,,,,,,,,,,,,,,,,
,,,,,,,,,,,,,,,,,,,,,
,,,,,,,,,,,,,,,,,,,,,
,,,,,,,,,,,,,,,,,,,,,
,,,,,,,,,,,,,,,,,,,,,
,,,,,,,,,,,,,,,,,,,,,
,,,,,,,,,,,,,,,,,,,,,
,,,,,,,,,,,,,,,,,,,,,
,,,,,,,,,,,,,,,,,,,,,
,,,,,,,,,,,,,,,,,,,,,
,,,,,,,,,,,,,,,,,,,,,
,,,,,,,,,,,,,,,,,,,,,
,,,,,,,,,,,,,,,,,,,,,
,,,,,,,,,,,,,,,,,,,,,
,,,,,,,,,,,,,,,,,,,,,
,,,,,,,,,,,,,,,,,,,,,
,,,,,,,,,,,,,,,,,,,,,
,,,,,,,,,,,,,,,,,,,,,
,,,,,,,,,,,,,,,,,,,,,
,,,,,,,,,,,,,,,,,,,,,
,,,,,,,,,,,,,,,,,,,,,
,,,,,,,,,,,,,,,,,,,,,
,,,,,,,,,,,,,,,,,,,,,
,,,,,,,,,,,,,,,,,,,,,
,,,,,,,,,,,,,,,,,,,,,
,,,,,,,,,,,,,,,,,,,,,
,,,,,,,,,,,,,,,,,,,,,
,,,,,,,,,,,,,,,,,,,,,
,,,,,,,,,,,,,,,,,,,,,
,,,,,,,,,,,,,,,,,,,,,
,,,,,,,,,,,,,,,,,,,,,
,,,,,,,,,,,,,,,,,,,,,
,,,,,,,,,,,,,,,,,,,,,
,,,,,,,,,,,,,,,,,,,,,
,,,,,,,,,,,,,,,,,,,,,
,,,,,,,,,,,,,,,,,,,,,
,,,,,,,,,,,,,,,,,,,,,
,,,,,,,,,,,,,,,,,,,,,
,,,,,,,,,,,,,,,,,,,,,
,,,,,,,,,,,,,,,,,,,,,
,,,,,,,,,,,,,,,,,,,,,
,,,,,,,,,,,,,,,,,,,,,
,,,,,,,,,,,,,,,,,,,,,
,,,,,,,,,,,,,,,,,,,,,
,,,,,,,,,,,,,,,,,,,,,
,,,,,,,,,,,,,,,,,,,,,
,,,,,,,,,,,,,,,,,,,,,
,,,,,,,,,,,,,,,,,,,,,
,,,,,,,,,,,,,,,,,,,,,
,,,,,,,,,,,,,,,,,,,,,
,,,,,,,,,,,,,,,,,,,,,
,,,,,,,,,,,,,,,,,,,,,
,,,,,,,,,,,,,,,,,,,,,
,,,,,,,,,,,,,,,,,,,,,
,,,,,,,,,,,,,,,,,,,,,
,,,,,,,,,,,,,,,,,,,,,
,,,,,,,,,,,,,,,,,,,,,
,,,,,,,,,,,,,,,,,,,,,
,,,,,,,,,,,,,,,,,,,,,
,,,,,,,,,,,,,,,,,,,,,
,,,,,,,,,,,,,,,,,,,,,
,,,,,,,,,,,,,,,,,,,,,
,,,,,,,,,,,,,,,,,,,,,
,,,,,,,,,,,,,,,,,,,,,
,,,,,,,,,,,,,,,,,,,,,
,,,,,,,,,,,,,,,,,,,,,
,,,,,,,,,,,,,,,,,,,,,
,,,,,,,,,,,,,,,,,,,,,
,,,,,,,,,,,,,,,,,,,,,
,,,,,,,,,,,,,,,,,,,,,
,,,,,,,,,,,,,,,,,,,,,
,,,,,,,,,,,,,,,,,,,,,
,,,,,,,,,,,,,,,,,,,,,
,,,,,,,,,,,,,,,,,,,,,
,,,,,,,,,,,,,,,,,,,,,
,,,,,,,,,,,,,,,,,,,,,
,,,,,,,,,,,,,,,,,,,,,
,,,,,,,,,,,,,,,,,,,,,
,,,,,,,,,,,,,,,,,,,,,
,,,,,,,,,,,,,,,,,,,,,
,,,,,,,,,,,,,,,,,,,,,
,,,,,,,,,,,,,,,,,,,,,
,,,,,,,,,,,,,,,,,,,,,
,,,,,,,,,,,,,,,,,,,,,
,,,,,,,,,,,,,,,,,,,,,
,,,,,,,,,,,,,,,,,,,,,
,,,,,,,,,,,,,,,,,,,,,
,,,,,,,,,,,,,,,,,,,,,
,,,,,,,,,,,,,,,,,,,,,
,,,,,,,,,,,,,,,,,,,,,
,,,,,,,,,,,,,,,,,,,,,
,,,,,,,,,,,,,,,,,,,,,
,,,,,,,,,,,,,,,,,,,,,
,,,,,,,,,,,,,,,,,,,,,
,,,,,,,,,,,,,,,,,,,,,
,,,,,,,,,,,,,,,,,,,,,
,,,,,,,,,,,,,,,,,,,,,
,,,,,,,,,,,,,,,,,,,,,
,,,,,,,,,,,,,,,,,,,,,
,,,,,,,,,,,,,,,,,,,,,
,,,,,,,,,,,,,,,,,,,,,
,,,,,,,,,,,,,,,,,,,,,
,,,,,,,,,,,,,,,,,,,,,
,,,,,,,,,,,,,,,,,,,,,
,,,,,,,,,,,,,,,,,,,,,
,,,,,,,,,,,,,,,,,,,,,
,,,,,,,,,,,,,,,,,,,,,
,,,,,,,,,,,,,,,,,,,,,
,,,,,,,,,,,,,,,,,,,,,
,,,,,,,,,,,,,,,,,,,,,
,,,,,,,,,,,,,,,,,,,,,
,,,,,,,,,,,,,,,,,,,,,
,,,,,,,,,,,,,,,,,,,,,
,,,,,,,,,,,,,,,,,,,,,
,,,,,,,,,,,,,,,,,,,,,
,,,,,,,,,,,,,,,,,,,,,
,,,,,,,,,,,,,,,,,,,,,
,,,,,,,,,,,,,,,,,,,,,
,,,,,,,,,,,,,,,,,,,,,
,,,,,,,,,,,,,,,,,,,,,
,,,,,,,,,,,,,,,,,,,,,
,,,,,,,,,,,,,,,,,,,,,
,,,,,,,,,,,,,,,,,,,,,
,,,,,,,,,,,,,,,,,,,,,
,,,,,,,,,,,,,,,,,,,,,
,,,,,,,,,,,,,,,,,,,,,
,,,,,,,,,,,,,,,,,,,,,
,,,,,,,,,,,,,,,,,,,,,
,,,,,,,,,,,,,,,,,,,,,
,,,,,,,,,,,,,,,,,,,,,
,,,,,,,,,,,,,,,,,,,,,
,,,,,,,,,,,,,,,,,,,,,
,,,,,,,,,,,,,,,,,,,,,
,,,,,,,,,,,,,,,,,,,,,
,,,,,,,,,,,,,,,,,,,,,
,,,,,,,,,,,,,,,,,,,,,
,,,,,,,,,,,,,,,,,,,,,
,,,,,,,,,,,,,,,,,,,,,
,,,,,,,,,,,,,,,,,,,,,
,,,,,,,,,,,,,,,,,,,,,
,,,,,,,,,,,,,,,,,,,,,
,,,,,,,,,,,,,,,,,,,,,
,,,,,,,,,,,,,,,,,,,,,
,,,,,,,,,,,,,,,,,,,,,
,,,,,,,,,,,,,,,,,,,,,
,,,,,,,,,,,,,,,,,,,,,
,,,,,,,,,,,,,,,,,,,,,
,,,,,,,,,,,,,,,,,,,,,
,,,,,,,,,,,,,,,,,,,,,
,,,,,,,,,,,,,,,,,,,,,
,,,,,,,,,,,,,,,,,,,,,
,,,,,,,,,,,,,,,,,,,,,
,,,,,,,,,,,,,,,,,,,,,
,,,,,,,,,,,,,,,,,,,,,
,,,,,,,,,,,,,,,,,,,,,
,,,,,,,,,,,,,,,,,,,,,
,,,,,,,,,,,,,,,,,,,,,
,,,,,,,,,,,,,,,,,,,,,
,,,,,,,,,,,,,,,,,,,,,
,,,,,,,,,,,,,,,,,,,,,
,,,,,,,,,,,,,,,,,,,,,
,,,,,,,,,,,,,,,,,,,,,
,,,,,,,,,,,,,,,,,,,,,
,,,,,,,,,,,,,,,,,,,,,
,,,,,,,,,,,,,,,,,,,,,
,,,,,,,,,,,,,,,,,,,,,
,,,,,,,,,,,,,,,,,,,,,
,,,,,,,,,,,,,,,,,,,,,
,,,,,,,,,,,,,,,,,,,,,
,,,,,,,,,,,,,,,,,,,,,
,,,,,,,,,,,,,,,,,,,,,
,,,,,,,,,,,,,,,,,,,,,
,,,,,,,,,,,,,,,,,,,,,
,,,,,,,,,,,,,,,,,,,,,
,,,,,,,,,,,,,,,,,,,,,
,,,,,,,,,,,,,,,,,,,,,
,,,,,,,,,,,,,,,,,,,,,
,,,,,,,,,,,,,,,,,,,,,
,,,,,,,,,,,,,,,,,,,,,
,,,,,,,,,,,,,,,,,,,,,
,,,,,,,,,,,,,,,,,,,,,
,,,,,,,,,,,,,,,,,,,,,
,,,,,,,,,,,,,,,,,,,,,
,,,,,,,,,,,,,,,,,,,,,
,,,,,,,,,,,,,,,,,,,,,
,,,,,,,,,,,,,,,,,,,,,
,,,,,,,,,,,,,,,,,,,,,
,,,,,,,,,,,,,,,,,,,,,
,,,,,,,,,,,,,,,,,,,,,
,,,,,,,,,,,,,,,,,,,,,
,,,,,,,,,,,,,,,,,,,,,
,,,,,,,,,,,,,,,,,,,,,
,,,,,,,,,,,,,,,,,,,,,
,,,,,,,,,,,,,,,,,,,,,
,,,,,,,,,,,,,,,,,,,,,
,,,,,,,,,,,,,,,,,,,,,
,,,,,,,,,,,,,,,,,,,,,
,,,,,,,,,,,,,,,,,,,,,
,,,,,,,,,,,,,,,,,,,,,
,,,,,,,,,,,,,,,,,,,,,
,,,,,,,,,,,,,,,,,,,,,
,,,,,,,,,,,,,,,,,,,,,
,,,,,,,,,,,,,,,,,,,,,
,,,,,,,,,,,,,,,,,,,,,
,,,,,,,,,,,,,,,,,,,,,
,,,,,,,,,,,,,,,,,,,,,
,,,,,,,,,,,,,,,,,,,,,
,,,,,,,,,,,,,,,,,,,,,
,,,,,,,,,,,,,,,,,,,,,
,,,,,,,,,,,,,,,,,,,,,
,,,,,,,,,,,,,,,,,,,,,
,,,,,,,,,,,,,,,,,,,,,
,,,,,,,,,,,,,,,,,,,,,
,,,,,,,,,,,,,,,,,,,,,
,,,,,,,,,,,,,,,,,,,,,
,,,,,,,,,,,,,,,,,,,,,
,,,,,,,,,,,,,,,,,,,,,
,,,,,,,,,,,,,,,,,,,,,
,,,,,,,,,,,,,,,,,,,,,
,,,,,,,,,,,,,,,,,,,,,
,,,,,,,,,,,,,,,,,,,,,
,,,,,,,,,,,,,,,,,,,,,
,,,,,,,,,,,,,,,,,,,,,
,,,,,,,,,,,,,,,,,,,,,
,,,,,,,,,,,,,,,,,,,,,
,,,,,,,,,,,,,,,,,,,,,
,,,,,,,,,,,,,,,,,,,,,
,,,,,,,,,,,,,,,,,,,,,
,,,,,,,,,,,,,,,,,,,,,
,,,,,,,,,,,,,,,,,,,,,
,,,,,,,,,,,,,,,,,,,,,
,,,,,,,,,,,,,,,,,,,,,
,,,,,,,,,,,,,,,,,,,,,
,,,,,,,,,,,,,,,,,,,,,
,,,,,,,,,,,,,,,,,,,,,
,,,,,,,,,,,,,,,,,,,,,
,,,,,,,,,,,,,,,,,,,,,
,,,,,,,,,,,,,,,,,,,,,
,,,,,,,,,,,,,,,,,,,,,
,,,,,,,,,,,,,,,,,,,,,
,,,,,,,,,,,,,,,,,,,,,
,,,,,,,,,,,,,,,,,,,,,
,,,,,,,,,,,,,,,,,,,,,
,,,,,,,,,,,,,,,,,,,,,
,,,,,,,,,,,,,,,,,,,,,
,,,,,,,,,,,,,,,,,,,,,
,,,,,,,,,,,,,,,,,,,,,
,,,,,,,,,,,,,,,,,,,,,
,,,,,,,,,,,,,,,,,,,,,
,,,,,,,,,,,,,,,,,,,,,
,,,,,,,,,,,,,,,,,,,,,
,,,,,,,,,,,,,,,,,,,,,
,,,,,,,,,,,,,,,,,,,,,
,,,,,,,,,,,,,,,,,,,,,
,,,,,,,,,,,,,,,,,,,,,
,,,,,,,,,,,,,,,,,,,,,
,,,,,,,,,,,,,,,,,,,,,
,,,,,,,,,,,,,,,,,,,,,
,,,,,,,,,,,,,,,,,,,,,
,,,,,,,,,,,,,,,,,,,,,
,,,,,,,,,,,,,,,,,,,,,
,,,,,,,,,,,,,,,,,,,,,
,,,,,,,,,,,,,,,,,,,,,
,,,,,,,,,,,,,,,,,,,,,
,,,,,,,,,,,,,,,,,,,,,
,,,,,,,,,,,,,,,,,,,,,
,,,,,,,,,,,,,,,,,,,,,
,,,,,,,,,,,,,,,,,,,,,
,,,,,,,,,,,,,,,,,,,,,
,,,,,,,,,,,,,,,,,,,,,
,,,,,,,,,,,,,,,,,,,,,
,,,,,,,,,,,,,,,,,,,,,
,,,,,,,,,,,,,,,,,,,,,
,,,,,,,,,,,,,,,,,,,,,
,,,,,,,,,,,,,,,,,,,,,
,,,,,,,,,,,,,,,,,,,,,
,,,,,,,,,,,,,,,,,,,,,
,,,,,,,,,,,,,,,,,,,,,
,,,,,,,,,,,,,,,,,,,,,
,,,,,,,,,,,,,,,,,,,,,
,,,,,,,,,,,,,,,,,,,,,
,,,,,,,,,,,,,,,,,,,,,
,,,,,,,,,,,,,,,,,,,,,
,,,,,,,,,,,,,,,,,,,,,
,,,,,,,,,,,,,,,,,,,,,
,,,,,,,,,,,,,,,,,,,,,
,,,,,,,,,,,,,,,,,,,,,
,,,,,,,,,,,,,,,,,,,,,
,,,,,,,,,,,,,,,,,,,,,
,,,,,,,,,,,,,,,,,,,,,
,,,,,,,,,,,,,,,,,,,,,
,,,,,,,,,,,,,,,,,,,,,
,,,,,,,,,,,,,,,,,,,,,
,,,,,,,,,,,,,,,,,,,,,
,,,,,,,,,,,,,,,,,,,,,
,,,,,,,,,,,,,,,,,,,,,
,,,,,,,,,,,,,,,,,,,,,
,,,,,,,,,,,,,,,,,,,,,
,,,,,,,,,,,,,,,,,,,,,
,,,,,,,,,,,,,,,,,,,,,
,,,,,,,,,,,,,,,,,,,,,
,,,,,,,,,,,,,,,,,,,,,
,,,,,,,,,,,,,,,,,,,,,
,,,,,,,,,,,,,,,,,,,,,
,,,,,,,,,,,,,,,,,,,,,
,,,,,,,,,,,,,,,,,,,,,
,,,,,,,,,,,,,,,,,,,,,
,,,,,,,,,,,,,,,,,,,,,
,,,,,,,,,,,,,,,,,,,,,
,,,,,,,,,,,,,,,,,,,,,
,,,,,,,,,,,,,,,,,,,,,
,,,,,,,,,,,,,,,,,,,,,
,,,,,,,,,,,,,,,,,,,,,
,,,,,,,,,,,,,,,,,,,,,
,,,,,,,,,,,,,,,,,,,,,
,,,,,,,,,,,,,,,,,,,,,
,,,,,,,,,,,,,,,,,,,,,
,,,,,,,,,,,,,,,,,,,,,
,,,,,,,,,,,,,,,,,,,,,
,,,,,,,,,,,,,,,,,,,,,
,,,,,,,,,,,,,,,,,,,,,
,,,,,,,,,,,,,,,,,,,,,
,,,,,,,,,,,,,,,,,,,,,
,,,,,,,,,,,,,,,,,,,,,
,,,,,,,,,,,,,,,,,,,,,
,,,,,,,,,,,,,,,,,,,,,
,,,,,,,,,,,,,,,,,,,,,
,,,,,,,,,,,,,,,,,,,,,
,,,,,,,,,,,,,,,,,,,,,
,,,,,,,,,,,,,,,,,,,,,
,,,,,,,,,,,,,,,,,,,,,
,,,,,,,,,,,,,,,,,,,,,
,,,,,,,,,,,,,,,,,,,,,
,,,,,,,,,,,,,,,,,,,,,
,,,,,,,,,,,,,,,,,,,,,
,,,,,,,,,,,,,,,,,,,,,
,,,,,,,,,,,,,,,,,,,,,
,,,,,,,,,,,,,,,,,,,,,
,,,,,,,,,,,,,,,,,,,,,
,,,,,,,,,,,,,,,,,,,,,
,,,,,,,,,,,,,,,,,,,,,
,,,,,,,,,,,,,,,,,,,,,
,,,,,,,,,,,,,,,,,,,,,
,,,,,,,,,,,,,,,,,,,,,
,,,,,,,,,,,,,,,,,,,,,
,,,,,,,,,,,,,,,,,,,,,
,,,,,,,,,,,,,,,,,,,,,
,,,,,,,,,,,,,,,,,,,,,
,,,,,,,,,,,,,,,,,,,,,
,,,,,,,,,,,,,,,,,,,,,
,,,,,,,,,,,,,,,,,,,,,
,,,,,,,,,,,,,,,,,,,,,
,,,,,,,,,,,,,,,,,,,,,
,,,,,,,,,,,,,,,,,,,,,
,,,,,,,,,,,,,,,,,,,,,
,,,,,,,,,,,,,,,,,,,,,
,,,,,,,,,,,,,,,,,,,,,
,,,,,,,,,,,,,,,,,,,,,
,,,,,,,,,,,,,,,,,,,,,
,,,,,,,,,,,,,,,,,,,,,
,,,,,,,,,,,,,,,,,,,,,
,,,,,,,,,,,,,,,,,,,,,
,,,,,,,,,,,,,,,,,,,,,
,,,,,,,,,,,,,,,,,,,,,
,,,,,,,,,,,,,,,,,,,,,
,,,,,,,,,,,,,,,,,,,,,
,,,,,,,,,,,,,,,,,,,,,
,,,,,,,,,,,,,,,,,,,,,
,,,,,,,,,,,,,,,,,,,,,
,,,,,,,,,,,,,,,,,,,,,
,,,,,,,,,,,,,,,,,,,,,
,,,,,,,,,,,,,,,,,,,,,
,,,,,,,,,,,,,,,,,,,,,
,,,,,,,,,,,,,,,,,,,,,
,,,,,,,,,,,,,,,,,,,,,
,,,,,,,,,,,,,,,,,,,,,
,,,,,,,,,,,,,,,,,,,,,
,,,,,,,,,,,,,,,,,,,,,
,,,,,,,,,,,,,,,,,,,,,
,,,,,,,,,,,,,,,,,,,,,
,,,,,,,,,,,,,,,,,,,,,
,,,,,,,,,,,,,,,,,,,,,
,,,,,,,,,,,,,,,,,,,,,
,,,,,,,,,,,,,,,,,,,,,
,,,,,,,,,,,,,,,,,,,,,
,,,,,,,,,,,,,,,,,,,,,
,,,,,,,,,,,,,,,,,,,,,
,,,,,,,,,,,,,,,,,,,,,
,,,,,,,,,,,,,,,,,,,,,
,,,,,,,,,,,,,,,,,,,,,
,,,,,,,,,,,,,,,,,,,,,
,,,,,,,,,,,,,,,,,,,,,
,,,,,,,,,,,,,,,,,,,,,
,,,,,,,,,,,,,,,,,,,,,
,,,,,,,,,,,,,,,,,,,,,
,,,,,,,,,,,,,,,,,,,,,
,,,,,,,,,,,,,,,,,,,,,
,,,,,,,,,,,,,,,,,,,,,
,,,,,,,,,,,,,,,,,,,,,
,,,,,,,,,,,,,,,,,,,,,
,,,,,,,,,,,,,,,,,,,,,
,,,,,,,,,,,,,,,,,,,,,
,,,,,,,,,,,,,,,,,,,,,
,,,,,,,,,,,,,,,,,,,,,
,,,,,,,,,,,,,,,,,,,,,
,,,,,,,,,,,,,,,,,,,,,
,,,,,,,,,,,,,,,,,,,,,
,,,,,,,,,,,,,,,,,,,,,
,,,,,,,,,,,,,,,,,,,,,
,,,,,,,,,,,,,,,,,,,,,
,,,,,,,,,,,,,,,,,,,,,
,,,,,,,,,,,,,,,,,,,,,
,,,,,,,,,,,,,,,,,,,,,
,,,,,,,,,,,,,,,,,,,,,
,,,,,,,,,,,,,,,,,,,,,
,,,,,,,,,,,,,,,,,,,,,
,,,,,,,,,,,,,,,,,,,,,
,,,,,,,,,,,,,,,,,,,,,
,,,,,,,,,,,,,,,,,,,,,
,,,,,,,,,,,,,,,,,,,,,
,,,,,,,,,,,,,,,,,,,,,
,,,,,,,,,,,,,,,,,,,,,
,,,,,,,,,,,,,,,,,,,,,
,,,,,,,,,,,,,,,,,,,,,
,,,,,,,,,,,,,,,,,,,,,
,,,,,,,,,,,,,,,,,,,,,
,,,,,,,,,,,,,,,,,,,,,
,,,,,,,,,,,,,,,,,,,,,
,,,,,,,,,,,,,,,,,,,,,
,,,,,,,,,,,,,,,,,,,,,
,,,,,,,,,,,,,,,,,,,,,
,,,,,,,,,,,,,,,,,,,,,
,,,,,,,,,,,,,,,,,,,,,
,,,,,,,,,,,,,,,,,,,,,
,,,,,,,,,,,,,,,,,,,,,
,,,,,,,,,,,,,,,,,,,,,
,,,,,,,,,,,,,,,,,,,,,
,,,,,,,,,,,,,,,,,,,,,
,,,,,,,,,,,,,,,,,,,,,
,,,,,,,,,,,,,,,,,,,,,
,,,,,,,,,,,,,,,,,,,,,
,,,,,,,,,,,,,,,,,,,,,
,,,,,,,,,,,,,,,,,,,,,
,,,,,,,,,,,,,,,,,,,,,
,,,,,,,,,,,,,,,,,,,,,
,,,,,,,,,,,,,,,,,,,,,
,,,,,,,,,,,,,,,,,,,,,
,,,,,,,,,,,,,,,,,,,,,
,,,,,,,,,,,,,,,,,,,,,
,,,,,,,,,,,,,,,,,,,,,
,,,,,,,,,,,,,,,,,,,,,
,,,,,,,,,,,,,,,,,,,,,
,,,,,,,,,,,,,,,,,,,,,
,,,,,,,,,,,,,,,,,,,,,
,,,,,,,,,,,,,,,,,,,,,
,,,,,,,,,,,,,,,,,,,,,
,,,,,,,,,,,,,,,,,,,,,
,,,,,,,,,,,,,,,,,,,,,
,,,,,,,,,,,,,,,,,,,,,
,,,,,,,,,,,,,,,,,,,,,
,,,,,,,,,,,,,,,,,,,,,
,,,,,,,,,,,,,,,,,,,,,
,,,,,,,,,,,,,,,,,,,,,
,,,,,,,,,,,,,,,,,,,,,
,,,,,,,,,,,,,,,,,,,,,
,,,,,,,,,,,,,,,,,,,,,
,,,,,,,,,,,,,,,,,,,,,
,,,,,,,,,,,,,,,,,,,,,
,,,,,,,,,,,,,,,,,,,,,
,,,,,,,,,,,,,,,,,,,,,
,,,,,,,,,,,,,,,,,,,,,
,,,,,,,,,,,,,,,,,,,,,
,,,,,,,,,,,,,,,,,,,,,
,,,,,,,,,,,,,,,,,,,,,
,,,,,,,,,,,,,,,,,,,,,
,,,,,,,,,,,,,,,,,,,,,
,,,,,,,,,,,,,,,,,,,,,
,,,,,,,,,,,,,,,,,,,,,
,,,,,,,,,,,,,,,,,,,,,
,,,,,,,,,,,,,,,,,,,,,
,,,,,,,,,,,,,,,,,,,,,
,,,,,,,,,,,,,,,,,,,,,
,,,,,,,,,,,,,,,,,,,,,
,,,,,,,,,,,,,,,,,,,,,
,,,,,,,,,,,,,,,,,,,,,
,,,,,,,,,,,,,,,,,,,,,
,,,,,,,,,,,,,,,,,,,,,
,,,,,,,,,,,,,,,,,,,,,
,,,,,,,,,,,,,,,,,,,,,
,,,,,,,,,,,,,,,,,,,,,
,,,,,,,,,,,,,,,,,,,,,
,,,,,,,,,,,,,,,,,,,,,
,,,,,,,,,,,,,,,,,,,,,
,,,,,,,,,,,,,,,,,,,,,
,,,,,,,,,,,,,,,,,,,,,
,,,,,,,,,,,,,,,,,,,,,
,,,,,,,,,,,,,,,,,,,,,
,,,,,,,,,,,,,,,,,,,,,
,,,,,,,,,,,,,,,,,,,,,
,,,,,,,,,,,,,,,,,,,,,
,,,,,,,,,,,,,,,,,,,,,
,,,,,,,,,,,,,,,,,,,,,
,,,,,,,,,,,,,,,,,,,,,
,,,,,,,,,,,,,,,,,,,,,
,,,,,,,,,,,,,,,,,,,,,
,,,,,,,,,,,,,,,,,,,,,
,,,,,,,,,,,,,,,,,,,,,
,,,,,,,,,,,,,,,,,,,,,
,,,,,,,,,,,,,,,,,,,,,
,,,,,,,,,,,,,,,,,,,,,
,,,,,,,,,,,,,,,,,,,,,
,,,,,,,,,,,,,,,,,,,,,
,,,,,,,,,,,,,,,,,,,,,
,,,,,,,,,,,,,,,,,,,,,
,,,,,,,,,,,,,,,,,,,,,
,,,,,,,,,,,,,,,,,,,,,
,,,,,,,,,,,,,,,,,,,,,
,,,,,,,,,,,,,,,,,,,,,
,,,,,,,,,,,,,,,,,,,,,
,,,,,,,,,,,,,,,,,,,,,
,,,,,,,,,,,,,,,,,,,,,
,,,,,,,,,,,,,,,,,,,,,
,,,,,,,,,,,,,,,,,,,,,
,,,,,,,,,,,,,,,,,,,,,
,,,,,,,,,,,,,,,,,,,,,
,,,,,,,,,,,,,,,,,,,,,
,,,,,,,,,,,,,,,,,,,,,
,,,,,,,,,,,,,,,,,,,,,
,,,,,,,,,,,,,,,,,,,,,
,,,,,,,,,,,,,,,,,,,,,
,,,,,,,,,,,,,,,,,,,,,
,,,,,,,,,,,,,,,,,,,,,
,,,,,,,,,,,,,,,,,,,,,
,,,,,,,,,,,,,,,,,,,,,
,,,,,,,,,,,,,,,,,,,,,
,,,,,,,,,,,,,,,,,,,,,
,,,,,,,,,,,,,,,,,,,,,
,,,,,,,,,,,,,,,,,,,,,
,,,,,,,,,,,,,,,,,,,,,
,,,,,,,,,,,,,,,,,,,,,
,,,,,,,,,,,,,,,,,,,,,
,,,,,,,,,,,,,,,,,,,,,
,,,,,,,,,,,,,,,,,,,,,
,,,,,,,,,,,,,,,,,,,,,
,,,,,,,,,,,,,,,,,,,,,
,,,,,,,,,,,,,,,,,,,,,
,,,,,,,,,,,,,,,,,,,,,
,,,,,,,,,,,,,,,,,,,,,
,,,,,,,,,,,,,,,,,,,,,
,,,,,,,,,,,,,,,,,,,,,
,,,,,,,,,,,,,,,,,,,,,
,,,,,,,,,,,,,,,,,,,,,
,,,,,,,,,,,,,,,,,,,,,
,,,,,,,,,,,,,,,,,,,,,
,,,,,,,,,,,,,,,,,,,,,
,,,,,,,,,,,,,,,,,,,,,
,,,,,,,,,,,,,,,,,,,,,
,,,,,,,,,,,,,,,,,,,,,
,,,,,,,,,,,,,,,,,,,,,
,,,,,,,,,,,,,,,,,,,,,
,,,,,,,,,,,,,,,,,,,,,
,,,,,,,,,,,,,,,,,,,,,
,,,,,,,,,,,,,,,,,,,,,
,,,,,,,,,,,,,,,,,,,,,
,,,,,,,,,,,,,,,,,,,,,
,,,,,,,,,,,,,,,,,,,,,
,,,,,,,,,,,,,,,,,,,,,
,,,,,,,,,,,,,,,,,,,,,
,,,,,,,,,,,,,,,,,,,,,
,,,,,,,,,,,,,,,,,,,,,
,,,,,,,,,,,,,,,,,,,,,
,,,,,,,,,,,,,,,,,,,,,
,,,,,,,,,,,,,,,,,,,,,
,,,,,,,,,,,,,,,,,,,,,
,,,,,,,,,,,,,,,,,,,,,
,,,,,,,,,,,,,,,,,,,,,
,,,,,,,,,,,,,,,,,,,,,
,,,,,,,,,,,,,,,,,,,,,
,,,,,,,,,,,,,,,,,,,,,
,,,,,,,,,,,,,,,,,,,,,
,,,,,,,,,,,,,,,,,,,,,
,,,,,,,,,,,,,,,,,,,,,
,,,,,,,,,,,,,,,,,,,,,
,,,,,,,,,,,,,,,,,,,,,
,,,,,,,,,,,,,,,,,,,,,
,,,,,,,,,,,,,,,,,,,,,
,,,,,,,,,,,,,,,,,,,,,
,,,,,,,,,,,,,,,,,,,,,
,,,,,,,,,,,,,,,,,,,,,
,,,,,,,,,,,,,,,,,,,,,
,,,,,,,,,,,,,,,,,,,,,
,,,,,,,,,,,,,,,,,,,,,
,,,,,,,,,,,,,,,,,,,,,
,,,,,,,,,,,,,,,,,,,,,
,,,,,,,,,,,,,,,,,,,,,
,,,,,,,,,,,,,,,,,,,,,
,,,,,,,,,,,,,,,,,,,,,