Experiment,Orifice width,Aspect ratio,Expansion ratio,Normalized orifice length,Normalized water inlet,Normalized oil inlet,Flow rate ratio,Capillary corrected,,Rate,Size,regime,,Monodispersity,,,,,
1,75.00,1.00,2.00,1.00,2.00,2.00,10.00,0.066,,28.57,66.19,1.00,,1.47,,,,,
2,75.00,1.00,2.00,1.00,2.00,2.00,10.00,0.132,,135.75,49.61,1.00,,1.43,,,,,
3,75.00,1.00,2.00,1.00,2.00,2.00,10.00,0.264,,327.61,46.59,1.00,,1.34,,,,,
4,75.00,1.00,2.00,1.00,2.00,2.00,10.00,0.529,,312.46,59.64,2.00,,3.90,,,,,
5,75.00,1.00,2.00,1.00,2.00,2.00,10.00,1.058,,532.97,62.89,2.00,,5.33,,,,,
6,75.00,1.00,2.00,1.00,2.00,2.00,13.00,0.066,,21.05,67.15,1.00,,1.42,,,,,
7,75.00,1.00,2.00,1.00,2.00,2.00,13.00,0.132,,149.60,44.00,1.00,,1.34,,,,,
8,75.00,1.00,2.00,1.00,2.00,2.00,13.00,0.264,,348.12,41.84,1.00,,1.81,,,,,
9,75.00,1.00,2.00,1.00,2.00,2.00,13.00,0.529,,363.39,51.96,2.00,,1.68,,,,,
10,75.00,1.00,2.00,1.00,2.00,2.00,13.00,1.058,,538.04,57.44,2.00,,7.86,,,,,
11,75.00,1.00,2.00,1.00,2.00,2.00,16.00,0.066,,24.95,59.21,1.00,,1.97,,,,,
12,75.00,1.00,2.00,1.00,2.00,2.00,16.00,0.132,,220.13,36.10,1.00,,1.38,,,,,
13,75.00,1.00,2.00,1.00,2.00,2.00,16.00,0.264,,353.06,38.86,1.00,,1.59,,,,,
14,75.00,1.00,2.00,1.00,2.00,2.00,16.00,0.529,,359.25,48.67,2.00,,5.17,,,,,
15,75.00,1.00,2.00,1.00,2.00,2.00,16.00,1.058,,646.28,50.42,2.00,,3.35,,,,,
16,75.00,1.00,2.00,1.00,2.00,2.00,19.00,0.066,,28.55,53.45,1.00,,2.40,,,,,
17,75.00,1.00,2.00,1.00,2.00,2.00,19.00,0.132,,221.77,34.01,1.00,,2.43,,,,,
18,75.00,1.00,2.00,1.00,2.00,2.00,19.00,0.264,,377.10,35.90,1.00,,1.34,,,,,
19,75.00,1.00,2.00,1.00,2.00,2.00,19.00,0.529,,396.23,44.49,2.00,,3.89,,,,,
20,75.00,1.00,2.00,1.00,2.00,2.00,19.00,1.058,,818.75,44.01,2.00,,3.50,,,,,
21,75.00,1.00,2.00,1.00,2.00,2.00,22.00,0.066,,46.40,43.30,1.00,,1.89,,,,,
22,75.00,1.00,2.00,1.00,2.00,2.00,22.00,0.132,,295.26,29.44,1.00,,2.21,,,,,
23,75.00,1.00,2.00,1.00,2.00,2.00,22.00,0.264,,475.45,31.64,1.00,,2.07,,,,,
24,75.00,1.00,2.00,1.00,2.00,2.00,22.00,0.529,,497.65,39.27,2.00,,2.62,,,,,
25,75.00,1.00,2.00,1.00,2.00,2.00,22.00,1.058,,697.52,44.21,2.00,,0.65,,,,,
26,75.00,1.50,3.00,1.50,2.50,2.50,10.00,0.066,,45.76,63.38,1.00,,1.90,,,,,
27,75.00,1.50,3.00,1.50,2.50,2.50,10.00,0.132,,115.77,58.60,1.00,,3.52,,,,,
28,75.00,1.50,3.00,1.50,2.50,2.50,10.00,0.264,,123.99,72.17,2.00,,2.43,,,,,
29,75.00,1.50,3.00,1.50,2.50,2.50,10.00,0.529,,205.96,76.78,2.00,,2.86,,,,,
30,75.00,1.50,3.00,1.50,2.50,2.50,10.00,1.058,,445.04,74.82,2.00,,3.46,,,,,
31,75.00,1.50,3.00,1.50,2.50,2.50,13.00,0.066,,46.40,57.80,1.00,,1.61,,,,,
32,75.00,1.50,3.00,1.50,2.50,2.50,13.00,0.132,,123.91,52.49,1.00,,4.17,,,,,
33,75.00,1.50,3.00,1.50,2.50,2.50,13.00,0.264,,126.76,65.64,2.00,,2.12,,,,,
34,75.00,1.50,3.00,1.50,2.50,2.50,13.00,0.529,,243.13,66.56,2.00,,2.29,,,,,
35,75.00,1.50,3.00,1.50,2.50,2.50,13.00,1.058,,444.15,68.60,2.00,,8.55,,,,,
36,75.00,1.50,3.00,1.50,2.50,2.50,16.00,0.066,,48.78,53.05,1.00,,2.77,,,,,
37,75.00,1.50,3.00,1.50,2.50,2.50,16.00,0.132,,161.40,44.85,1.00,,2.19,,,,,
38,75.00,1.50,3.00,1.50,2.50,2.50,16.00,0.264,,132.80,60.31,2.00,,1.20,,,,,
39,75.00,1.50,3.00,1.50,2.50,2.50,16.00,0.529,,230.23,63.25,2.00,,1.95,,,,,
40,75.00,1.50,3.00,1.50,2.50,2.50,16.00,1.058,,451.61,63.66,2.00,,10.52,,,,,
41,75.00,1.50,3.00,1.50,2.50,2.50,19.00,0.066,,53.34,48.62,1.00,,1.67,,,,,
42,75.00,1.50,3.00,1.50,2.50,2.50,19.00,0.132,,102.01,49.35,2.00,,2.05,,,,,
43,75.00,1.50,3.00,1.50,2.50,2.50,19.00,0.264,,156.25,53.94,2.00,,0.89,,,,,
44,75.00,1.50,3.00,1.50,2.50,2.50,19.00,0.529,,256.02,57.65,2.00,,3.30,,,,,
45,75.00,1.50,3.00,1.50,2.50,2.50,19.00,1.058,,497.31,58.21,2.00,,6.08,,,,,
46,75.00,1.50,3.00,1.50,2.50,2.50,22.00,0.066,,64.06,43.56,1.00,,3.42,,,,,
47,75.00,1.50,3.00,1.50,2.50,2.50,22.00,0.132,,95.84,47.99,2.00,,2.04,,,,,
48,75.00,1.50,3.00,1.50,2.50,2.50,22.00,0.264,,145.16,52.65,2.00,,1.17,,,,,
49,75.00,1.50,3.00,1.50,2.50,2.50,22.00,0.529,,267.61,54.10,2.00,,4.39,,,,,
50,75.00,1.50,3.00,1.50,2.50,2.50,22.00,1.058,,533.87,54.14,2.00,,4.67,,,,,
51,75.00,2.00,4.00,2.00,3.00,3.00,10.00,0.066,,30.87,78.46,1.00,,1.27,,,,,
52,75.00,2.00,4.00,2.00,3.00,3.00,10.00,0.132,,115.93,63.60,1.00,,1.56,,,,,
53,75.00,2.00,4.00,2.00,3.00,3.00,10.00,0.264,,60.30,99.64,2.00,,4.70,,,,,
54,75.00,2.00,4.00,2.00,3.00,3.00,10.00,0.529,,123.07,98.97,2.00,,5.84,,,,,
55,75.00,2.00,4.00,2.00,3.00,3.00,10.00,1.058,,241.94,99.54,2.00,,1.54,,,,,
56,75.00,2.00,4.00,2.00,3.00,3.00,13.00,0.066,,29.47,73.01,1.00,,1.04,,,,,
57,75.00,2.00,4.00,2.00,3.00,3.00,13.00,0.132,,125.75,56.72,1.00,,1.00,,,,,
58,75.00,2.00,4.00,2.00,3.00,3.00,13.00,0.264,,77.49,83.97,2.00,,0.49,,,,,
59,75.00,2.00,4.00,2.00,3.00,3.00,13.00,0.529,,122.47,90.83,2.00,,4.82,,,,,
60,75.00,2.00,4.00,2.00,3.00,3.00,13.00,1.058,,228.49,92.96,2.00,,1.90,,,,,
61,75.00,2.00,4.00,2.00,3.00,3.00,16.00,0.066,,36.85,63.24,1.00,,1.42,,,,,
62,75.00,2.00,4.00,2.00,3.00,3.00,16.00,0.132,,99.53,57.22,1.00,,0.78,,,,,
63,75.00,2.00,4.00,2.00,3.00,3.00,16.00,0.264,,79.11,77.82,2.00,,1.16,,,,,
64,75.00,2.00,4.00,2.00,3.00,3.00,16.00,0.529,,140.69,80.93,2.00,,2.09,,,,,
65,75.00,2.00,4.00,2.00,3.00,3.00,16.00,1.058,,239.41,85.40,2.00,,3.04,,,,,
66,75.00,2.00,4.00,2.00,3.00,3.00,19.00,0.066,,34.51,61.04,1.00,,1.43,,,,,
67,75.00,2.00,4.00,2.00,3.00,3.00,19.00,0.132,,121.81,50.51,1.00,,1.62,,,,,
68,75.00,2.00,4.00,2.00,3.00,3.00,19.00,0.264,,75.27,74.72,2.00,,1.05,,,,,
69,75.00,2.00,4.00,2.00,3.00,3.00,19.00,0.529,,128.37,78.79,2.00,,5.82,,,,,
70,75.00,2.00,4.00,2.00,3.00,3.00,19.00,1.058,,246.65,79.85,2.00,,2.88,,,,,
71,75.00,2.00,4.00,2.00,3.00,3.00,22.00,0.066,,35.71,57.47,1.00,,1.43,,,,,
72,75.00,2.00,4.00,2.00,3.00,3.00,22.00,0.132,,130.22,47.04,1.00,,1.56,,,,,
73,75.00,2.00,4.00,2.00,3.00,3.00,22.00,0.264,,78.38,70.20,2.00,,1.79,,,,,
74,75.00,2.00,4.00,2.00,3.00,3.00,22.00,0.529,,150.30,71.19,2.00,,6.30,,,,,
75,75.00,2.00,4.00,2.00,3.00,3.00,22.00,1.058,,255.86,75.12,2.00,,2.48,,,,,
76,75.00,2.50,5.00,2.50,3.50,3.50,10.00,0.066,,29.61,84.90,1.00,,1.32,,,,,
77,75.00,2.50,5.00,2.50,3.50,3.50,10.00,0.132,,135.36,64.46,1.00,,1.58,,,,,
78,75.00,2.50,5.00,2.50,3.50,3.50,10.00,0.264,,63.27,104.64,2.00,,2.77,,,,,
79,75.00,2.50,5.00,2.50,3.50,3.50,10.00,0.529,,115.02,108.02,2.00,,0.88,,,,,
80,75.00,2.50,5.00,2.50,3.50,3.50,10.00,1.058,,237.21,106.92,2.00,,0.70,,,,,
81,75.00,2.50,5.00,2.50,3.50,3.50,13.00,0.066,,36.13,72.80,1.00,,1.06,,,,,
82,75.00,2.50,5.00,2.50,3.50,3.50,13.00,0.132,,126.52,60.40,1.00,,1.28,,,,,
83,75.00,2.50,5.00,2.50,3.50,3.50,13.00,0.264,,56.64,99.48,2.00,,2.61,,,,,
84,75.00,2.50,5.00,2.50,3.50,3.50,13.00,0.529,,110.74,100.24,2.00,,0.56,,,,,
85,75.00,2.50,5.00,2.50,3.50,3.50,13.00,1.058,,234.32,98.37,2.00,,1.43,,,,,
86,75.00,2.50,5.00,2.50,3.50,3.50,16.00,0.066,,31.53,71.09,1.00,,1.97,,,,,
87,75.00,2.50,5.00,2.50,3.50,3.50,16.00,0.132,,124.15,56.72,1.00,,1.45,,,,,
88,75.00,2.50,5.00,2.50,3.50,3.50,16.00,0.264,,60.73,90.70,2.00,,1.98,,,,,
89,75.00,2.50,5.00,2.50,3.50,3.50,16.00,0.529,,126.68,89.43,2.00,,1.42,,,,,
90,75.00,2.50,5.00,2.50,3.50,3.50,16.00,1.058,,213.52,94.68,2.00,,0.68,,,,,
91,75.00,2.50,5.00,2.50,3.50,3.50,19.00,0.066,,33.99,65.47,1.00,,2.77,,,,,
92,75.00,2.50,5.00,2.50,3.50,3.50,19.00,0.132,,180.84,47.25,1.00,,2.39,,,,,
93,75.00,2.50,5.00,2.50,3.50,3.50,19.00,0.264,,62.37,84.89,2.00,,2.51,,,,,
94,75.00,2.50,5.00,2.50,3.50,3.50,19.00,0.529,,117.41,86.62,2.00,,1.17,,,,,
95,75.00,2.50,5.00,2.50,3.50,3.50,19.00,1.058,,216.73,88.97,2.00,,1.25,,,,,
96,75.00,2.50,5.00,2.50,3.50,3.50,22.00,0.066,,30.41,64.71,1.00,,2.14,,,,,
97,75.00,2.50,5.00,2.50,3.50,3.50,22.00,0.132,,46.88,70.57,2.00,,9.50,,,,,
98,75.00,2.50,5.00,2.50,3.50,3.50,22.00,0.264,,67.59,78.71,2.00,,2.16,,,,,
99,75.00,2.50,5.00,2.50,3.50,3.50,22.00,0.529,,112.77,83.61,2.00,,1.84,,,,,
100,75.00,2.50,5.00,2.50,3.50,3.50,22.00,1.058,,211.01,85.48,2.00,,1.88,,,,,
101,75.00,3.00,6.00,3.00,4.00,4.00,10.00,0.066,,33.74,85.79,1.00,,1.58,,,,,
102,75.00,3.00,6.00,3.00,4.00,4.00,10.00,0.132,,143.24,66.75,1.00,,2.32,,,,,
103,75.00,3.00,6.00,3.00,4.00,4.00,10.00,0.264,,43.42,125.20,2.00,,3.10,,,,,
104,75.00,3.00,6.00,3.00,4.00,4.00,10.00,0.529,,81.70,127.77,2.00,,0.89,,,,,
105,75.00,3.00,6.00,3.00,4.00,4.00,10.00,1.058,,155.03,130.03,2.00,,6.01,,,,,
106,75.00,3.00,6.00,3.00,4.00,4.00,13.00,0.066,,41.95,73.10,1.00,,2.05,,,,,
107,75.00,3.00,6.00,3.00,4.00,4.00,13.00,0.132,,164.76,58.38,1.00,,2.23,,,,,
108,75.00,3.00,6.00,3.00,4.00,4.00,13.00,0.264,,50.10,109.37,2.00,,4.48,,,,,
109,75.00,3.00,6.00,3.00,4.00,4.00,13.00,0.529,,102.89,108.41,2.00,,1.45,,,,,
110,75.00,3.00,6.00,3.00,4.00,4.00,13.00,1.058,,164.55,116.80,2.00,,7.64,,,,,
111,75.00,3.00,6.00,3.00,4.00,4.00,16.00,0.066,,24.50,81.61,1.00,,1.65,,,,,
112,75.00,3.00,6.00,3.00,4.00,4.00,16.00,0.132,,133.69,58.40,1.00,,2.63,,,,,
113,75.00,3.00,6.00,3.00,4.00,4.00,16.00,0.264,,56.19,98.23,2.00,,3.62,,,,,
114,75.00,3.00,6.00,3.00,4.00,4.00,16.00,0.529,,96.71,103.27,2.00,,2.84,,,,,
115,75.00,3.00,6.00,3.00,4.00,4.00,16.00,1.058,,175.64,106.65,2.00,,1.13,,,,,
116,75.00,3.00,6.00,3.00,4.00,4.00,19.00,0.066,,32.30,70.28,1.00,,1.96,,,,,
117,75.00,3.00,6.00,3.00,4.00,4.00,19.00,0.132,,160.75,51.86,1.00,,3.91,,,,,
118,75.00,3.00,6.00,3.00,4.00,4.00,19.00,0.264,,53.44,94.33,2.00,,7.06,,,,,
119,75.00,3.00,6.00,3.00,4.00,4.00,19.00,0.529,,85.85,101.47,2.00,,1.61,,,,,
120,75.00,3.00,6.00,3.00,4.00,4.00,19.00,1.058,,169.81,101.85,2.00,,1.89,,,,,
121,75.00,3.00,6.00,3.00,4.00,4.00,22.00,0.066,,28.94,69.43,1.00,,1.34,,,,,
122,75.00,3.00,6.00,3.00,4.00,4.00,22.00,0.132,,153.23,50.19,1.00,,4.52,,,,,
123,75.00,3.00,6.00,3.00,4.00,4.00,22.00,0.264,,49.22,92.32,2.00,,3.20,,,,,
124,75.00,3.00,6.00,3.00,4.00,4.00,22.00,0.529,,95.37,93.31,2.00,,2.32,,,,,
125,75.00,3.00,6.00,3.00,4.00,4.00,22.00,1.058,,182.46,94.70,2.00,,0.98,,,,,
126,100.00,1.00,3.00,2.00,3.50,4.00,10.00,0.066,,43.49,69.23,1.00,,1.32,,,,,
127,100.00,1.00,3.00,2.00,3.50,4.00,10.00,0.132,,156.78,56.88,1.00,,1.09,,,,,
128,100.00,1.00,3.00,2.00,3.50,4.00,10.00,0.264,,300.60,57.69,1.00,,1.19,,,,,
129,100.00,1.00,3.00,2.00,3.50,4.00,10.00,0.529,,133.87,95.18,2.00,,5.05,,,,,
130,100.00,1.00,3.00,2.00,3.50,4.00,10.00,1.058,,291.95,92.47,2.00,,11.98,,,,,
131,100.00,1.00,3.00,2.00,3.50,4.00,13.00,0.066,,42.31,64.01,1.00,,1.58,,,,,
132,100.00,1.00,3.00,2.00,3.50,4.00,13.00,0.132,,154.16,52.41,1.00,,1.29,,,,,
133,100.00,1.00,3.00,2.00,3.50,4.00,13.00,0.264,,374.50,49.12,1.00,,1.31,,,,,
134,100.00,1.00,3.00,2.00,3.50,4.00,13.00,0.529,,127.86,88.55,2.00,,1.07,,,,,
135,100.00,1.00,3.00,2.00,3.50,4.00,13.00,1.058,,338.46,80.65,2.00,,5.70,,,,,
136,100.00,1.00,3.00,2.00,3.50,4.00,16.00,0.066,,44.62,58.68,1.00,,1.49,,,,,
137,100.00,1.00,3.00,2.00,3.50,4.00,16.00,0.132,,175.08,46.88,1.00,,1.43,,,,,
138,100.00,1.00,3.00,2.00,3.50,4.00,16.00,0.264,,323.51,48.13,1.00,,1.22,,,,,
139,100.00,1.00,3.00,2.00,3.50,4.00,16.00,0.529,,153.85,77.69,2.00,,1.19,,,,,
140,100.00,1.00,3.00,2.00,3.50,4.00,16.00,1.058,,373.24,72.85,2.00,,9.19,,,,,
141,100.00,1.00,3.00,2.00,3.50,4.00,19.00,0.066,,50.95,53.02,1.00,,1.24,,,,,
142,100.00,1.00,3.00,2.00,3.50,4.00,19.00,0.132,,215.20,41.33,1.00,,1.53,,,,,
143,100.00,1.00,3.00,2.00,3.50,4.00,19.00,0.264,,114.77,64.21,2.00,,1.12,,,,,
144,100.00,1.00,3.00,2.00,3.50,4.00,19.00,0.529,,162.85,71.99,2.00,,1.16,,,,,
145,100.00,1.00,3.00,2.00,3.50,4.00,19.00,1.058,,429.53,65.64,2.00,,3.95,,,,,
146,100.00,1.00,3.00,2.00,3.50,4.00,22.00,0.066,,52.89,49.87,1.00,,1.28,,,,,
147,100.00,1.00,3.00,2.00,3.50,4.00,22.00,0.132,,260.07,36.95,1.00,,0.99,,,,,
148,100.00,1.00,3.00,2.00,3.50,4.00,22.00,0.264,,121.98,59.91,2.00,,1.33,,,,,
149,100.00,1.00,3.00,2.00,3.50,4.00,22.00,0.529,,154.99,69.69,2.00,,0.97,,,,,
150,100.00,1.00,3.00,2.00,3.50,4.00,22.00,1.058,,465.19,60.87,2.00,,3.74,,,,,
151,100.00,1.50,4.00,2.50,4.00,2.00,10.00,0.066,,6.47,119.52,1.00,,1.03,,,,,
152,100.00,1.50,4.00,2.50,4.00,2.00,10.00,0.132,,42.37,80.49,1.00,,1.84,,,,,
153,100.00,1.50,4.00,2.50,4.00,2.00,10.00,0.264,,133.80,69.12,1.00,,1.64,,,,,
154,100.00,1.50,4.00,2.50,4.00,2.00,10.00,0.529,,75.79,105.25,2.00,,1.15,,,,,
155,100.00,1.50,4.00,2.50,4.00,2.00,10.00,1.058,,122.74,112.93,2.00,,1.42,,,,,
156,100.00,1.50,4.00,2.50,4.00,2.00,13.00,0.066,,9.64,95.88,1.00,,1.42,,,,,
157,100.00,1.50,4.00,2.50,4.00,2.00,13.00,0.132,,46.82,71.33,1.00,,1.24,,,,,
158,100.00,1.50,4.00,2.50,4.00,2.00,13.00,0.264,,157.05,60.04,1.00,,2.20,,,,,
159,100.00,1.50,4.00,2.50,4.00,2.00,13.00,0.529,,75.79,96.44,2.00,,0.80,,,,,
160,100.00,1.50,4.00,2.50,4.00,2.00,13.00,1.058,,119.96,104.26,2.00,,1.01,,,,,
161,100.00,1.50,4.00,2.50,4.00,2.00,16.00,0.066,,8.78,92.31,1.00,,4.12,,,,,
162,100.00,1.50,4.00,2.50,4.00,2.00,16.00,0.132,,50.27,65.01,1.00,,1.51,,,,,
163,100.00,1.50,4.00,2.50,4.00,2.00,16.00,0.264,,209.12,50.92,1.00,,7.74,,,,,
164,100.00,1.50,4.00,2.50,4.00,2.00,16.00,0.529,,75.07,90.28,2.00,,1.09,,,,,
165,100.00,1.50,4.00,2.50,4.00,2.00,16.00,1.058,,135.72,93.37,2.00,,1.01,,,,,
166,100.00,1.50,4.00,2.50,4.00,2.00,19.00,0.066,,8.23,89.05,1.00,,2.57,,,,,
167,100.00,1.50,4.00,2.50,4.00,2.00,19.00,0.132,,59.10,58.16,1.00,,2.52,,,,,
168,100.00,1.50,4.00,2.50,4.00,2.00,19.00,0.264,,218.60,47.38,1.00,,10.78,,,,,
169,100.00,1.50,4.00,2.50,4.00,2.00,19.00,0.529,,77.76,84.26,2.00,,0.61,,,,,
170,100.00,1.50,4.00,2.50,4.00,2.00,19.00,1.058,,145.78,86.09,2.00,,1.11,,,,,
171,100.00,1.50,4.00,2.50,4.00,2.00,22.00,0.066,,9.46,80.97,1.00,,2.04,,,,,
172,100.00,1.50,4.00,2.50,4.00,2.00,22.00,0.132,,49.40,58.80,1.00,,2.74,,,,,
173,100.00,1.50,4.00,2.50,4.00,2.00,22.00,0.264,,62.08,68.65,2.00,,2.35,,,,,
174,100.00,1.50,4.00,2.50,4.00,2.00,22.00,0.529,,89.50,76.56,2.00,,1.22,,,,,
175,100.00,1.50,4.00,2.50,4.00,2.00,22.00,1.058,,147.89,81.60,2.00,,1.37,,,,,
176,100.00,2.00,5.00,3.00,2.00,2.50,10.00,0.066,,86.81,73.54,1.00,,1.31,,,,,
177,100.00,2.00,5.00,3.00,2.00,2.50,10.00,0.132,,193.55,70.92,1.00,,1.54,,,,,
178,100.00,2.00,5.00,3.00,2.00,2.50,10.00,0.264,,73.94,123.15,2.00,,2.35,,,,,
179,100.00,2.00,5.00,3.00,2.00,2.50,10.00,0.529,,121.79,131.38,2.00,,1.12,,,,,
180,100.00,2.00,5.00,3.00,2.00,2.50,10.00,1.058,,209.70,138.10,2.00,,1.21,,,,,
181,100.00,2.00,5.00,3.00,2.00,2.50,13.00,0.066,,72.53,71.54,1.00,,1.48,,,,,
182,100.00,2.00,5.00,3.00,2.00,2.50,13.00,0.132,,260.40,58.86,1.00,,2.98,,,,,
183,100.00,2.00,5.00,3.00,2.00,2.50,13.00,0.264,,64.60,118.03,2.00,,5.51,,,,,
184,100.00,2.00,5.00,3.00,2.00,2.50,13.00,0.529,,122.81,120.04,2.00,,6.01,,,,,
185,100.00,2.00,5.00,3.00,2.00,2.50,13.00,1.058,,210.12,126.45,2.00,,1.20,,,,,
186,100.00,2.00,5.00,3.00,2.00,2.50,16.00,0.066,,78.38,65.05,1.00,,1.79,,,,,
187,100.00,2.00,5.00,3.00,2.00,2.50,16.00,0.132,,208.33,59.17,1.00,,1.55,,,,,
188,100.00,2.00,5.00,3.00,2.00,2.50,16.00,0.264,,64.86,109.99,2.00,,2.48,,,,,
189,100.00,2.00,5.00,3.00,2.00,2.50,16.00,0.529,,138.91,107.51,2.00,,1.17,,,,,
190,100.00,2.00,5.00,3.00,2.00,2.50,16.00,1.058,,219.93,116.22,2.00,,1.18,,,,,
191,100.00,2.00,5.00,3.00,2.00,2.50,19.00,0.066,,97.97,57.03,1.00,,3.90,,,,,
192,100.00,2.00,5.00,3.00,2.00,2.50,19.00,0.132,,217.16,55.11,1.00,,2.69,,,,,
193,100.00,2.00,5.00,3.00,2.00,2.50,19.00,0.264,,72.87,99.91,2.00,,4.19,,,,,
194,100.00,2.00,5.00,3.00,2.00,2.50,19.00,0.529,,122.62,105.83,2.00,,0.68,,,,,
195,100.00,2.00,5.00,3.00,2.00,2.50,19.00,1.058,,239.05,106.74,2.00,,0.82,,,,,
196,100.00,2.00,5.00,3.00,2.00,2.50,22.00,0.066,,88.47,56.18,1.00,,2.24,,,,,
197,100.00,2.00,5.00,3.00,2.00,2.50,22.00,0.132,,306.76,46.77,1.00,,2.50,,,,,
198,100.00,2.00,5.00,3.00,2.00,2.50,22.00,0.264,,79.38,92.47,2.00,,1.58,,,,,
199,100.00,2.00,5.00,3.00,2.00,2.50,22.00,0.529,,161.07,92.03,2.00,,1.12,,,,,
200,100.00,2.00,5.00,3.00,2.00,2.50,22.00,1.058,,235.66,102.13,2.00,,3.21,,,,,
201,100.00,2.50,6.00,1.00,2.50,3.00,10.00,0.066,,38.80,100.82,1.00,,5.38,,,,,
202,100.00,2.50,6.00,1.00,2.50,3.00,10.00,0.132,,83.39,98.44,1.00,,4.64,,,,,
203,100.00,2.50,6.00,1.00,2.50,3.00,10.00,0.264,,32.03,170.61,2.00,,4.02,,,,,
204,100.00,2.50,6.00,1.00,2.50,3.00,10.00,0.529,,78.84,159.21,2.00,,4.12,,,,,
205,100.00,2.50,6.00,1.00,2.50,3.00,10.00,1.058,,131.53,169.13,2.00,,2.88,,,,,
206,100.00,2.50,6.00,1.00,2.50,3.00,13.00,0.066,,38.90,92.30,1.00,,2.08,,,,,
207,100.00,2.50,6.00,1.00,2.50,3.00,13.00,0.132,,83.89,90.01,1.00,,1.44,,,,,
208,100.00,2.50,6.00,1.00,2.50,3.00,13.00,0.264,,32.50,155.57,2.00,,4.04,,,,,
209,100.00,2.50,6.00,1.00,2.50,3.00,13.00,0.529,,81.76,144.12,2.00,,1.51,,,,,
210,100.00,2.50,6.00,1.00,2.50,3.00,13.00,1.058,,148.49,148.82,2.00,,6.09,,,,,
211,100.00,2.50,6.00,1.00,2.50,3.00,16.00,0.066,,18.77,109.81,1.00,,2.27,,,,,
212,100.00,2.50,6.00,1.00,2.50,3.00,16.00,0.132,,79.16,85.63,1.00,,4.16,,,,,
213,100.00,2.50,6.00,1.00,2.50,3.00,16.00,0.264,,31.76,146.28,2.00,,3.14,,,,,
214,100.00,2.50,6.00,1.00,2.50,3.00,16.00,0.529,,65.73,144.63,2.00,,5.04,,,,,
215,100.00,2.50,6.00,1.00,2.50,3.00,16.00,1.058,,147.55,139.17,2.00,,4.78,,,,,
216,100.00,2.50,6.00,1.00,2.50,3.00,19.00,0.066,,24.07,95.45,1.00,,1.76,,,,,
217,100.00,2.50,6.00,1.00,2.50,3.00,19.00,0.132,,100.00,74.81,1.00,,2.04,,,,,
218,100.00,2.50,6.00,1.00,2.50,3.00,19.00,0.264,,30.93,139.36,2.00,,4.64,,,,,
219,100.00,2.50,6.00,1.00,2.50,3.00,19.00,0.529,,93.12,121.60,2.00,,3.61,,,,,
220,100.00,2.50,6.00,1.00,2.50,3.00,19.00,1.058,,161.94,127.40,2.00,,2.52,,,,,
221,100.00,2.50,6.00,1.00,2.50,3.00,22.00,0.066,,13.50,110.21,1.00,,2.83,,,,,
222,100.00,2.50,6.00,1.00,2.50,3.00,22.00,0.132,,44.45,93.34,2.00,,3.60,,,,,
223,100.00,2.50,6.00,1.00,2.50,3.00,22.00,0.264,,68.18,101.98,2.00,,5.39,,,,,
224,100.00,2.50,6.00,1.00,2.50,3.00,22.00,0.529,,129.36,103.79,2.00,,4.20,,,,,
225,100.00,2.50,6.00,1.00,2.50,3.00,22.00,1.058,,188.51,115.34,2.00,,2.62,,,,,
226,100.00,3.00,2.00,1.50,3.00,3.50,10.00,0.066,,49.33,97.06,1.00,,2.23,,,,,
227,100.00,3.00,2.00,1.50,3.00,3.50,10.00,0.132,,70.32,108.66,2.00,,2.93,,,,,
228,100.00,3.00,2.00,1.50,3.00,3.50,10.00,0.264,,151.81,105.93,2.00,,2.01,,,,,
229,100.00,3.00,2.00,1.50,3.00,3.50,10.00,0.529,,261.39,111.35,2.00,,1.67,,,,,
230,100.00,3.00,2.00,1.50,3.00,3.50,10.00,1.058,,651.41,103.48,2.00,,2.99,,,,,
231,100.00,3.00,2.00,1.50,3.00,3.50,13.00,0.066,,67.07,80.28,1.00,,1.58,,,,,
232,100.00,3.00,2.00,1.50,3.00,3.50,13.00,0.132,,77.49,96.39,2.00,,3.34,,,,,
233,100.00,3.00,2.00,1.50,3.00,3.50,13.00,0.264,,140.75,99.53,2.00,,5.53,,,,,
234,100.00,3.00,2.00,1.50,3.00,3.50,13.00,0.529,,340.03,93.46,2.00,,6.04,,,,,
235,100.00,3.00,2.00,1.50,3.00,3.50,13.00,1.058,,629.46,95.90,2.00,,2.90,,,,,
236,100.00,3.00,2.00,1.50,3.00,3.50,16.00,0.066,,55.85,79.62,1.00,,6.22,,,,,
237,100.00,3.00,2.00,1.50,3.00,3.50,16.00,0.132,,95.84,83.79,2.00,,1.64,,,,,
238,100.00,3.00,2.00,1.50,3.00,3.50,16.00,0.264,,152.22,90.48,2.00,,3.42,,,,,
239,100.00,3.00,2.00,1.50,3.00,3.50,16.00,0.529,,320.47,88.95,2.00,,4.63,,,,,
240,100.00,3.00,2.00,1.50,3.00,3.50,16.00,1.058,,680.51,87.19,2.00,,5.63,,,,,
241,100.00,3.00,2.00,1.50,3.00,3.50,19.00,0.066,,56.41,74.94,1.00,,8.19,,,,,
242,100.00,3.00,2.00,1.50,3.00,3.50,19.00,0.132,,100.00,78.01,2.00,,3.92,,,,,
243,100.00,3.00,2.00,1.50,3.00,3.50,19.00,0.264,,163.64,83.41,2.00,,6.19,,,,,
244,100.00,3.00,2.00,1.50,3.00,3.50,19.00,0.529,,392.62,78.50,2.00,,4.50,,,,,
245,100.00,3.00,2.00,1.50,3.00,3.50,19.00,1.058,,609.58,85.41,2.00,,4.89,,,,,
246,100.00,3.00,2.00,1.50,3.00,3.50,22.00,0.066,,58.16,70.64,2.00,,4.94,,,,,
247,100.00,3.00,2.00,1.50,3.00,3.50,22.00,0.132,,106.25,72.81,2.00,,5.08,,,,,
248,100.00,3.00,2.00,1.50,3.00,3.50,22.00,0.264,,196.79,74.70,2.00,,4.24,,,,,
249,100.00,3.00,2.00,1.50,3.00,3.50,22.00,0.529,,307.07,81.14,2.00,,3.55,,,,,
250,100.00,3.00,2.00,1.50,3.00,3.50,22.00,1.058,,637.65,80.13,2.00,,4.38,,,,,
251,125.00,1.00,4.00,3.00,2.50,3.50,10.00,0.066,,46.74,84.49,1.00,,1.53,,,,,
252,125.00,1.00,4.00,3.00,2.50,3.50,10.00,0.132,,147.08,72.64,1.00,,0.96,,,,,
253,125.00,1.00,4.00,3.00,2.50,3.50,10.00,0.264,,311.04,71.31,1.00,,1.43,,,,,
254,125.00,1.00,4.00,3.00,2.50,3.50,10.00,0.529,,207.21,102.87,2.00,,0.96,,,,,
255,125.00,1.00,4.00,3.00,2.50,3.50,10.00,1.058,,382.94,105.61,2.00,,4.01,,,,,
256,125.00,1.00,4.00,3.00,2.50,3.50,13.00,0.066,,58.27,71.93,1.00,,1.47,,,,,
257,125.00,1.00,4.00,3.00,2.50,3.50,13.00,0.132,,131.97,69.01,1.00,,1.45,,,,,
258,125.00,1.00,4.00,3.00,2.50,3.50,13.00,0.264,,362.78,62.07,1.00,,6.74,,,,,
259,125.00,1.00,4.00,3.00,2.50,3.50,13.00,0.529,,155.83,103.64,2.00,,1.05,,,,,
260,125.00,1.00,4.00,3.00,2.50,3.50,13.00,1.058,,415.55,94.17,2.00,,7.00,,,,,
261,125.00,1.00,4.00,3.00,2.50,3.50,16.00,0.066,,46.98,72.12,1.00,,1.82,,,,,
262,125.00,1.00,4.00,3.00,2.50,3.50,16.00,0.132,,170.91,59.08,1.00,,1.02,,,,,
263,125.00,1.00,4.00,3.00,2.50,3.50,16.00,0.264,,355.47,58.31,1.00,,5.68,,,,,
264,125.00,1.00,4.00,3.00,2.50,3.50,16.00,0.529,,182.76,91.71,2.00,,4.32,,,,,
265,125.00,1.00,4.00,3.00,2.50,3.50,16.00,1.058,,352.46,92.83,2.00,,12.54,,,,,
266,125.00,1.00,4.00,3.00,2.50,3.50,19.00,0.066,,68.08,60.18,1.00,,5.21,,,,,
267,125.00,1.00,4.00,3.00,2.50,3.50,19.00,0.132,,163.53,56.62,1.00,,1.82,,,,,
268,125.00,1.00,4.00,3.00,2.50,3.50,19.00,0.264,,306.76,57.84,1.00,,1.50,,,,,
269,125.00,1.00,4.00,3.00,2.50,3.50,19.00,0.529,,192.95,85.05,2.00,,4.04,,,,,
270,125.00,1.00,4.00,3.00,2.50,3.50,19.00,1.058,,414.49,83.05,2.00,,9.46,,,,,
271,125.00,1.00,4.00,3.00,2.50,3.50,22.00,0.066,,78.75,54.59,1.00,,2.26,,,,,
272,125.00,1.00,4.00,3.00,2.50,3.50,22.00,0.132,,183.22,51.91,1.00,,7.81,,,,,
273,125.00,1.00,4.00,3.00,2.50,3.50,22.00,0.264,,418.62,49.66,1.00,,7.47,,,,,
274,125.00,1.00,4.00,3.00,2.50,3.50,22.00,0.529,,183.75,82.32,2.00,,3.38,,,,,
275,125.00,1.00,4.00,3.00,2.50,3.50,22.00,1.058,,409.12,79.43,2.00,,6.84,,,,,
276,125.00,1.50,5.00,1.00,3.00,4.00,10.00,0.066,,44.91,95.78,1.00,,1.07,,,,,
277,125.00,1.50,5.00,1.00,3.00,4.00,10.00,0.132,,30.91,136.67,2.00,,1.60,,,,,
278,125.00,1.50,5.00,1.00,3.00,4.00,10.00,0.264,,65.61,133.98,2.00,,1.76,,,,,
279,125.00,1.50,5.00,1.00,3.00,4.00,10.00,0.529,,105.44,144.12,2.00,,2.37,,,,,
280,125.00,1.50,5.00,1.00,3.00,4.00,10.00,1.058,,235.37,138.94,2.00,,2.73,,,,,
281,125.00,1.50,5.00,1.00,3.00,4.00,13.00,0.066,,46.58,86.69,1.00,,1.94,,,,,
282,125.00,1.50,5.00,1.00,3.00,4.00,13.00,0.132,,53.69,104.17,2.00,,1.49,,,,,
283,125.00,1.50,5.00,1.00,3.00,4.00,13.00,0.264,,72.39,118.81,2.00,,1.25,,,,,
284,125.00,1.50,5.00,1.00,3.00,4.00,13.00,0.529,,146.70,118.28,2.00,,2.73,,,,,
285,125.00,1.50,5.00,1.00,3.00,4.00,13.00,1.058,,238.26,126.78,2.00,,4.03,,,,,
286,125.00,1.50,5.00,1.00,3.00,4.00,16.00,0.066,,55.52,76.30,1.00,,2.14,,,,,
287,125.00,1.50,5.00,1.00,3.00,4.00,16.00,0.132,,54.10,96.96,2.00,,1.93,,,,,
288,125.00,1.50,5.00,1.00,3.00,4.00,16.00,0.264,,74.14,109.98,2.00,,4.01,,,,,
289,125.00,1.50,5.00,1.00,3.00,4.00,16.00,0.529,,150.23,109.50,2.00,,3.86,,,,,
290,125.00,1.50,5.00,1.00,3.00,4.00,16.00,1.058,,222.58,121.02,2.00,,3.67,,,,,
291,125.00,1.50,5.00,1.00,3.00,4.00,19.00,0.066,,58.39,70.85,1.00,,5.07,,,,,
292,125.00,1.50,5.00,1.00,3.00,4.00,19.00,0.132,,55.59,90.74,2.00,,4.88,,,,,
293,125.00,1.50,5.00,1.00,3.00,4.00,19.00,0.264,,57.54,113.02,2.00,,1.49,,,,,
294,125.00,1.50,5.00,1.00,3.00,4.00,19.00,0.529,,147.95,103.94,2.00,,3.97,,,,,
295,125.00,1.50,5.00,1.00,3.00,4.00,19.00,1.058,,221.25,114.51,2.00,,5.06,,,,,
296,125.00,1.50,5.00,1.00,3.00,4.00,22.00,0.066,,62.54,65.94,1.00,,7.32,,,,,
297,125.00,1.50,5.00,1.00,3.00,4.00,22.00,0.132,,43.57,93.72,2.00,,9.10,,,,,
298,125.00,1.50,5.00,1.00,3.00,4.00,22.00,0.264,,65.24,103.21,2.00,,1.01,,,,,
299,125.00,1.50,5.00,1.00,3.00,4.00,22.00,0.529,,128.95,103.62,2.00,,3.12,,,,,
300,125.00,1.50,5.00,1.00,3.00,4.00,22.00,1.058,,204.36,111.98,2.00,,2.64,,,,,
301,125.00,2.00,6.00,1.50,3.50,2.00,10.00,0.066,,30.38,95.31,1.00,,2.37,,,,,
302,125.00,2.00,6.00,1.50,3.50,2.00,10.00,0.132,,75.47,88.66,1.00,,2.32,,,,,
303,125.00,2.00,6.00,1.50,3.50,2.00,10.00,0.264,,14.46,193.78,2.00,,1.48,,,,,
304,125.00,2.00,6.00,1.50,3.50,2.00,10.00,0.529,,28.02,195.81,2.00,,6.55,,,,,
305,125.00,2.00,6.00,1.50,3.50,2.00,10.00,1.058,,106.04,158.32,2.00,,1.17,,,,,
306,125.00,2.00,6.00,1.50,3.50,2.00,13.00,0.066,,25.71,92.33,1.00,,7.60,,,,,
307,125.00,2.00,6.00,1.50,3.50,2.00,13.00,0.132,,85.14,78.04,1.00,,2.54,,,,,
308,125.00,2.00,6.00,1.50,3.50,2.00,13.00,0.264,,16.80,168.87,2.00,,2.28,,,,,
309,125.00,2.00,6.00,1.50,3.50,2.00,13.00,0.529,,32.78,170.28,2.00,,3.34,,,,,
310,125.00,2.00,6.00,1.50,3.50,2.00,13.00,1.058,,113.61,141.77,2.00,,1.63,,,,,
311,125.00,2.00,6.00,1.50,3.50,2.00,16.00,0.066,,16.02,100.85,1.00,,5.42,,,,,
312,125.00,2.00,6.00,1.50,3.50,2.00,16.00,0.132,,75.02,75.96,1.00,,4.39,,,,,
313,125.00,2.00,6.00,1.50,3.50,2.00,16.00,0.264,,26.22,135.85,2.00,,6.35,,,,,
314,125.00,2.00,6.00,1.50,3.50,2.00,16.00,0.529,,38.14,151.08,2.00,,2.77,,,,,
315,125.00,2.00,6.00,1.50,3.50,2.00,16.00,1.058,,99.33,138.35,2.00,,1.57,,,,,
316,125.00,2.00,6.00,1.50,3.50,2.00,19.00,0.066,,15.80,95.69,1.00,,4.53,,,,,
317,125.00,2.00,6.00,1.50,3.50,2.00,19.00,0.132,,27.13,100.68,1.00,,3.61,,,,,
318,125.00,2.00,6.00,1.50,3.50,2.00,19.00,0.264,,25.27,129.88,2.00,,5.16,,,,,
319,125.00,2.00,6.00,1.50,3.50,2.00,19.00,0.529,,32.97,149.77,2.00,,4.90,,,,,
320,125.00,2.00,6.00,1.50,3.50,2.00,19.00,1.058,,121.40,122.19,2.00,,3.60,,,,,
321,125.00,2.00,6.00,1.50,3.50,2.00,22.00,0.066,,42.35,65.60,1.00,,4.22,,,,,
322,125.00,2.00,6.00,1.50,3.50,2.00,22.00,0.132,,22.24,102.45,2.00,,3.49,,,,,
323,125.00,2.00,6.00,1.50,3.50,2.00,22.00,0.264,,24.64,124.74,2.00,,7.74,,,,,
324,125.00,2.00,6.00,1.50,3.50,2.00,22.00,0.529,,37.26,136.92,2.00,,7.80,,,,,
325,125.00,2.00,6.00,1.50,3.50,2.00,22.00,1.058,,130.78,113.51,2.00,,2.63,,,,,
326,125.00,2.50,2.00,2.00,4.00,2.50,10.00,0.066,,16.66,126.50,1.00,,3.90,,,,,
327,125.00,2.50,2.00,2.00,4.00,2.50,10.00,0.132,,44.30,115.03,1.00,,2.25,,,,,
328,125.00,2.50,2.00,2.00,4.00,2.50,10.00,0.264,,83.95,117.11,2.00,,3.64,,,,,
329,125.00,2.50,2.00,2.00,4.00,2.50,10.00,0.529,,144.44,123.14,2.00,,6.60,,,,,
330,125.00,2.50,2.00,2.00,4.00,2.50,10.00,1.058,,233.71,132.15,2.00,,8.74,,,,,
331,125.00,2.50,2.00,2.00,4.00,2.50,13.00,0.066,,7.82,149.11,1.00,,5.32,,,,,
332,125.00,2.50,2.00,2.00,4.00,2.50,13.00,0.132,,53.45,99.00,1.00,,6.91,,,,,
333,125.00,2.50,2.00,2.00,4.00,2.50,13.00,0.264,,97.39,102.12,1.00,,1.62,,,,,
334,125.00,2.50,2.00,2.00,4.00,2.50,13.00,0.529,,128.86,117.20,2.00,,1.16,,,,,
335,125.00,2.50,2.00,2.00,4.00,2.50,13.00,1.058,,220.58,123.44,2.00,,5.29,,,,,
336,125.00,2.50,2.00,2.00,4.00,2.50,16.00,0.066,,7.44,141.48,1.00,,12.12,,,,,
337,125.00,2.50,2.00,2.00,4.00,2.50,16.00,0.132,,49.39,94.85,1.00,,3.89,,,,,
338,125.00,2.50,2.00,2.00,4.00,2.50,16.00,0.264,,72.49,105.15,2.00,,1.89,,,,,
339,125.00,2.50,2.00,2.00,4.00,2.50,16.00,0.529,,153.54,103.16,2.00,,5.77,,,,,
340,125.00,2.50,2.00,2.00,4.00,2.50,16.00,1.058,,249.31,110.58,2.00,,4.33,,,,,
341,125.00,2.50,2.00,2.00,4.00,2.50,19.00,0.066,,14.41,107.17,1.00,,8.52,,,,,
342,125.00,2.50,2.00,2.00,4.00,2.50,19.00,0.132,,67.97,80.52,1.00,,7.79,,,,,
343,125.00,2.50,2.00,2.00,4.00,2.50,19.00,0.264,,86.96,93.45,2.00,,3.93,,,,,
344,125.00,2.50,2.00,2.00,4.00,2.50,19.00,0.529,,113.79,107.65,2.00,,2.75,,,,,
345,125.00,2.50,2.00,2.00,4.00,2.50,19.00,1.058,,244.26,105.14,2.00,,2.43,,,,,
346,125.00,2.50,2.00,2.00,4.00,2.50,22.00,0.066,,14.40,102.09,1.00,,2.30,,,,,
347,125.00,2.50,2.00,2.00,4.00,2.50,22.00,0.132,,59.66,80.09,1.00,,3.92,,,,,
348,125.00,2.50,2.00,2.00,4.00,2.50,22.00,0.264,,78.27,92.17,2.00,,3.00,,,,,
349,125.00,2.50,2.00,2.00,4.00,2.50,22.00,0.529,,125.00,99.35,2.00,,1.47,,,,,
350,125.00,2.50,2.00,2.00,4.00,2.50,22.00,1.058,,232.33,101.81,2.00,,3.83,,,,,
351,125.00,3.00,3.00,2.50,2.00,3.00,10.00,0.066,,60.38,115.57,1.00,,2.35,,,,,
352,125.00,3.00,3.00,2.50,2.00,3.00,10.00,0.132,,61.03,145.09,2.00,,7.43,,,,,
353,125.00,3.00,3.00,2.50,2.00,3.00,10.00,0.264,,94.92,157.78,2.00,,8.81,,,,,
354,125.00,3.00,3.00,2.50,2.00,3.00,10.00,0.529,,204.03,154.03,2.00,,5.74,,,,,
355,125.00,3.00,3.00,2.50,2.00,3.00,10.00,1.058,,421.89,152.33,2.00,,5.09,,,,,
356,125.00,3.00,3.00,2.50,2.00,3.00,13.00,0.066,,65.32,103.15,1.00,,3.18,,,,,
357,125.00,3.00,3.00,2.50,2.00,3.00,13.00,0.132,,62.16,132.13,2.00,,4.52,,,,,
358,125.00,3.00,3.00,2.50,2.00,3.00,13.00,0.264,,132.89,129.23,2.00,,5.92,,,,,
359,125.00,3.00,3.00,2.50,2.00,3.00,13.00,0.529,,194.76,143.34,2.00,,11.35,,,,,
360,125.00,3.00,3.00,2.50,2.00,3.00,13.00,1.058,,438.89,137.75,2.00,,6.50,,,,,
361,125.00,3.00,3.00,2.50,2.00,3.00,16.00,0.066,,76.20,91.44,1.00,,4.83,,,,,
362,125.00,3.00,3.00,2.50,2.00,3.00,16.00,0.132,,79.14,113.76,2.00,,5.25,,,,,
363,125.00,3.00,3.00,2.50,2.00,3.00,16.00,0.264,,122.65,123.85,2.00,,2.60,,,,,
364,125.00,3.00,3.00,2.50,2.00,3.00,16.00,0.529,,190.60,134.72,2.00,,12.51,,,,,
365,125.00,3.00,3.00,2.50,2.00,3.00,16.00,1.058,,426.01,129.82,2.00,,7.87,,,,,
366,125.00,3.00,3.00,2.50,2.00,3.00,19.00,0.066,,58.07,94.53,1.00,,7.37,,,,,
367,125.00,3.00,3.00,2.50,2.00,3.00,19.00,0.132,,48.65,126.34,2.00,,5.86,,,,,
368,125.00,3.00,3.00,2.50,2.00,3.00,19.00,0.264,,110.36,121.15,2.00,,2.35,,,,,
369,125.00,3.00,3.00,2.50,2.00,3.00,19.00,0.529,,207.83,123.60,2.00,,6.00,,,,,
370,125.00,3.00,3.00,2.50,2.00,3.00,19.00,1.058,,400.53,125.14,2.00,,5.97,,,,,
371,125.00,3.00,3.00,2.50,2.00,3.00,22.00,0.066,,72.86,83.47,1.00,,10.70,,,,,
372,125.00,3.00,3.00,2.50,2.00,3.00,22.00,0.132,,73.40,104.90,2.00,,3.63,,,,,
373,125.00,3.00,3.00,2.50,2.00,3.00,22.00,0.264,,117.69,112.92,2.00,,8.05,,,,,
374,125.00,3.00,3.00,2.50,2.00,3.00,22.00,0.529,,172.26,125.31,2.00,,5.83,,,,,
375,125.00,3.00,3.00,2.50,2.00,3.00,22.00,1.058,,417.21,117.56,2.00,,7.34,,,,,
376,150.00,1.00,5.00,1.50,4.00,3.00,10.00,0.066,,27.44,93.42,1.00,,1.75,,,,,
377,150.00,1.00,5.00,1.50,4.00,3.00,10.00,0.132,,65.08,88.25,1.00,,3.43,,,,,
378,150.00,1.00,5.00,1.50,4.00,3.00,10.00,0.264,,198.39,76.69,1.00,,8.25,,,,,
379,150.00,1.00,5.00,1.50,4.00,3.00,10.00,0.529,,47.72,155.36,2.00,,2.02,,,,,
380,150.00,1.00,5.00,1.50,4.00,3.00,10.00,1.058,,119.30,144.23,2.00,,0.71,,,,,
381,150.00,1.00,5.00,1.50,4.00,3.00,13.00,0.066,,33.88,79.78,1.00,,5.92,,,,,
382,150.00,1.00,5.00,1.50,4.00,3.00,13.00,0.132,,72.48,78.01,1.00,,4.98,,,,,
383,150.00,1.00,5.00,1.50,4.00,3.00,13.00,0.264,,14.37,168.56,2.00,,4.23,,,,,
384,150.00,1.00,5.00,1.50,4.00,3.00,13.00,0.529,,69.29,125.71,2.00,,4.30,,,,,
385,150.00,1.00,5.00,1.50,4.00,3.00,13.00,1.058,,122.05,131.15,2.00,,2.64,,,,,
386,150.00,1.00,5.00,1.50,4.00,3.00,16.00,0.066,,42.47,69.05,1.00,,6.81,,,,,
387,150.00,1.00,5.00,1.50,4.00,3.00,16.00,0.132,,46.27,84.54,1.00,,1.48,,,,,
388,150.00,1.00,5.00,1.50,4.00,3.00,16.00,0.264,,38.31,113.44,2.00,,1.03,,,,,
389,150.00,1.00,5.00,1.50,4.00,3.00,16.00,0.529,,67.03,118.61,2.00,,1.38,,,,,
390,150.00,1.00,5.00,1.50,4.00,3.00,16.00,1.058,,117.17,124.05,2.00,,1.44,,,,,
391,150.00,1.00,5.00,1.50,4.00,3.00,19.00,0.066,,43.94,64.47,1.00,,2.37,,,,,
392,150.00,1.00,5.00,1.50,4.00,3.00,19.00,0.132,,105.99,60.57,1.00,,3.15,,,,,
393,150.00,1.00,5.00,1.50,4.00,3.00,19.00,0.264,,35.91,109.46,2.00,,3.24,,,,,
394,150.00,1.00,5.00,1.50,4.00,3.00,19.00,0.529,,74.60,108.08,2.00,,1.33,,,,,
395,150.00,1.00,5.00,1.50,4.00,3.00,19.00,1.058,,139.85,110.44,2.00,,5.58,,,,,
396,150.00,1.00,5.00,1.50,4.00,3.00,22.00,0.066,,60.22,55.27,1.00,,3.10,,,,,
397,150.00,1.00,5.00,1.50,4.00,3.00,22.00,0.132,,66.44,67.39,1.00,,1.98,,,,,
398,150.00,1.00,5.00,1.50,4.00,3.00,22.00,0.264,,37.81,102.46,2.00,,2.03,,,,,
399,150.00,1.00,5.00,1.50,4.00,3.00,22.00,0.529,,64.10,108.27,2.00,,4.18,,,,,
400,150.00,1.00,5.00,1.50,4.00,3.00,22.00,1.058,,136.15,106.12,2.00,,1.64,,,,,
401,150.00,1.50,6.00,2.00,2.00,3.50,10.00,0.066,,114.11,87.38,1.00,,5.26,,,,,
402,150.00,1.50,6.00,2.00,2.00,3.50,10.00,0.132,,11.56,236.12,2.00,,7.06,,,,,
403,150.00,1.50,6.00,2.00,2.00,3.50,10.00,0.264,,34.30,207.05,2.00,,1.67,,,,,
404,150.00,1.50,6.00,2.00,2.00,3.50,10.00,0.529,,77.97,198.41,2.00,,2.10,,,,,
405,150.00,1.50,6.00,2.00,2.00,3.50,10.00,1.058,,175.40,190.78,2.00,,8.07,,,,,
406,150.00,1.50,6.00,2.00,2.00,3.50,13.00,0.066,,127.18,77.22,1.00,,5.80,,,,,
407,150.00,1.50,6.00,2.00,2.00,3.50,13.00,0.132,,18.97,183.44,2.00,,6.29,,,,,
408,150.00,1.50,6.00,2.00,2.00,3.50,13.00,0.264,,35.55,187.48,2.00,,2.04,,,,,
409,150.00,1.50,6.00,2.00,2.00,3.50,13.00,0.529,,74.50,184.57,2.00,,2.05,,,,,
410,150.00,1.50,6.00,2.00,2.00,3.50,13.00,1.058,,188.46,170.67,2.00,,7.09,,,,,
411,150.00,1.50,6.00,2.00,2.00,3.50,16.00,0.066,,97.08,78.84,1.00,,4.72,,,,,
412,150.00,1.50,6.00,2.00,2.00,3.50,16.00,0.132,,23.94,158.41,2.00,,2.57,,,,,
413,150.00,1.50,6.00,2.00,2.00,3.50,16.00,0.264,,39.45,168.97,2.00,,3.23,,,,,
414,150.00,1.50,6.00,2.00,2.00,3.50,16.00,0.529,,81.43,167.19,2.00,,1.23,,,,,
415,150.00,1.50,6.00,2.00,2.00,3.50,16.00,1.058,,175.37,163.12,2.00,,11.53,,,,,
416,150.00,1.50,6.00,2.00,2.00,3.50,19.00,0.066,,90.10,76.33,1.00,,3.09,,,,,
417,150.00,1.50,6.00,2.00,2.00,3.50,19.00,0.132,,15.67,172.29,2.00,,3.27,,,,,
418,150.00,1.50,6.00,2.00,2.00,3.50,19.00,0.264,,40.84,157.72,2.00,,3.42,,,,,
419,150.00,1.50,6.00,2.00,2.00,3.50,19.00,0.529,,77.83,160.29,2.00,,5.90,,,,,
420,150.00,1.50,6.00,2.00,2.00,3.50,19.00,1.058,,155.14,160.47,2.00,,10.27,,,,,
421,150.00,1.50,6.00,2.00,2.00,3.50,22.00,0.066,,139.62,62.81,1.00,,11.45,,,,,
422,150.00,1.50,6.00,2.00,2.00,3.50,22.00,0.132,,27.85,135.44,2.00,,2.54,,,,,
423,150.00,1.50,6.00,2.00,2.00,3.50,22.00,0.264,,49.22,141.14,2.00,,3.67,,,,,
424,150.00,1.50,6.00,2.00,2.00,3.50,22.00,0.529,,79.35,151.66,2.00,,6.21,,,,,
425,150.00,1.50,6.00,2.00,2.00,3.50,22.00,1.058,,180.42,145.31,2.00,,10.82,,,,,
426,150.00,2.00,2.00,2.50,2.50,4.00,10.00,0.066,,75.73,106.28,1.00,,1.28,,,,,
427,150.00,2.00,2.00,2.50,2.50,4.00,10.00,0.132,,88.83,126.96,2.00,,1.93,,,,,
428,150.00,2.00,2.00,2.50,2.50,4.00,10.00,0.264,,179.93,126.43,2.00,,6.10,,,,,
429,150.00,2.00,2.00,2.50,2.50,4.00,10.00,0.529,,390.57,123.02,2.00,,3.31,,,,,
430,150.00,2.00,2.00,2.50,2.50,4.00,10.00,1.058,,727.20,125.99,2.00,,13.63,,,,,
431,150.00,2.00,2.00,2.50,2.50,4.00,13.00,0.066,,48.78,112.75,1.00,,0.97,,,,,
432,150.00,2.00,2.00,2.50,2.50,4.00,13.00,0.132,,91.64,115.13,2.00,,1.63,,,,,
433,150.00,2.00,2.00,2.50,2.50,4.00,13.00,0.264,,185.91,114.58,2.00,,4.20,,,,,
434,150.00,2.00,2.00,2.50,2.50,4.00,13.00,0.529,,359.49,115.88,2.00,,7.87,,,,,
435,150.00,2.00,2.00,2.50,2.50,4.00,13.00,1.058,,734.10,115.08,2.00,,12.14,,,,,
436,150.00,2.00,2.00,2.50,2.50,4.00,16.00,0.066,,68.46,93.97,1.00,,4.10,,,,,
437,150.00,2.00,2.00,2.50,2.50,4.00,16.00,0.132,,99.20,104.63,2.00,,4.19,,,,,
438,150.00,2.00,2.00,2.50,2.50,4.00,16.00,0.264,,205.49,103.41,2.00,,5.79,,,,,
439,150.00,2.00,2.00,2.50,2.50,4.00,16.00,0.529,,491.97,97.39,2.00,,14.47,,,,,
440,150.00,2.00,2.00,2.50,2.50,4.00,16.00,1.058,,708.33,108.67,2.00,,9.01,,,,,
441,150.00,2.00,2.00,2.50,2.50,4.00,19.00,0.066,,51.75,97.42,1.00,,4.06,,,,,
442,150.00,2.00,2.00,2.50,2.50,4.00,19.00,0.132,,95.49,100.07,2.00,,4.40,,,,,
443,150.00,2.00,2.00,2.50,2.50,4.00,19.00,0.264,,170.47,103.93,2.00,,8.11,,,,,
444,150.00,2.00,2.00,2.50,2.50,4.00,19.00,0.529,,385.28,99.78,2.00,,13.29,,,,,
445,150.00,2.00,2.00,2.50,2.50,4.00,19.00,1.058,,706.59,102.70,2.00,,8.04,,,,,
446,150.00,2.00,2.00,2.50,2.50,4.00,22.00,0.066,,63.43,86.69,2.00,,4.35,,,,,
447,150.00,2.00,2.00,2.50,2.50,4.00,22.00,0.132,,90.60,96.98,2.00,,9.87,,,,,
448,150.00,2.00,2.00,2.50,2.50,4.00,22.00,0.264,,193.55,94.87,2.00,,6.34,,,,,
449,150.00,2.00,2.00,2.50,2.50,4.00,22.00,0.529,,437.46,91.08,2.00,,7.70,,,,,
450,150.00,2.00,2.00,2.50,2.50,4.00,22.00,1.058,,794.38,94.06,2.00,,8.43,,,,,
451,150.00,2.50,3.00,3.00,3.00,2.00,10.00,0.066,,22.42,135.06,1.00,,2.20,,,,,
452,150.00,2.50,3.00,3.00,3.00,2.00,10.00,0.132,,35.26,146.33,1.00,,2.57,,,,,
453,150.00,2.50,3.00,3.00,3.00,2.00,10.00,0.264,,36.10,182.91,2.00,,3.17,,,,,
454,150.00,2.50,3.00,3.00,3.00,2.00,10.00,0.529,,85.41,172.96,2.00,,1.12,,,,,
455,150.00,2.50,3.00,3.00,3.00,2.00,10.00,1.058,,146.98,181.84,2.00,,4.38,,,,,
456,150.00,2.50,3.00,3.00,3.00,2.00,13.00,0.066,,19.14,130.45,1.00,,5.40,,,,,
457,150.00,2.50,3.00,3.00,3.00,2.00,13.00,0.132,,56.93,114.28,1.00,,4.21,,,,,
458,150.00,2.50,3.00,3.00,3.00,2.00,13.00,0.264,,43.89,157.03,2.00,,1.87,,,,,
459,150.00,2.50,3.00,3.00,3.00,2.00,13.00,0.529,,86.93,157.54,2.00,,1.15,,,,,
460,150.00,2.50,3.00,3.00,3.00,2.00,13.00,1.058,,143.72,167.86,2.00,,5.29,,,,,
461,150.00,2.50,3.00,3.00,3.00,2.00,16.00,0.066,,26.85,108.74,1.00,,2.15,,,,,
462,150.00,2.50,3.00,3.00,3.00,2.00,16.00,0.132,,59.50,105.08,1.00,,3.54,,,,,
463,150.00,2.50,3.00,3.00,3.00,2.00,16.00,0.264,,50.37,139.96,2.00,,3.27,,,,,
464,150.00,2.50,3.00,3.00,3.00,2.00,16.00,0.529,,73.88,155.20,2.00,,4.07,,,,,
465,150.00,2.50,3.00,3.00,3.00,2.00,16.00,1.058,,165.66,149.39,2.00,,5.15,,,,,
466,150.00,2.50,3.00,3.00,3.00,2.00,19.00,0.066,,33.04,95.82,1.00,,1.53,,,,,
467,150.00,2.50,3.00,3.00,3.00,2.00,19.00,0.132,,70.38,93.83,1.00,,2.72,,,,,
468,150.00,2.50,3.00,3.00,3.00,2.00,19.00,0.264,,55.37,128.06,2.00,,3.36,,,,,
469,150.00,2.50,3.00,3.00,3.00,2.00,19.00,0.529,,83.84,140.51,2.00,,1.60,,,,,
470,150.00,2.50,3.00,3.00,3.00,2.00,19.00,1.058,,169.23,140.08,2.00,,8.55,,,,,
471,150.00,2.50,3.00,3.00,3.00,2.00,22.00,0.066,,28.01,96.42,1.00,,2.23,,,,,
472,150.00,2.50,3.00,3.00,3.00,2.00,22.00,0.132,,59.65,94.42,1.00,,7.42,,,,,
473,150.00,2.50,3.00,3.00,3.00,2.00,22.00,0.264,,47.17,128.64,2.00,,3.11,,,,,
474,150.00,2.50,3.00,3.00,3.00,2.00,22.00,0.529,,77.44,137.39,2.00,,2.69,,,,,
475,150.00,2.50,3.00,3.00,3.00,2.00,22.00,1.058,,158.74,136.27,2.00,,9.52,,,,,
476,150.00,3.00,4.00,1.00,3.50,2.50,10.00,0.066,,14.90,164.72,1.00,,2.58,,,,,
477,150.00,3.00,4.00,1.00,3.50,2.50,10.00,0.132,,32.08,160.71,1.00,,3.56,,,,,
478,150.00,3.00,4.00,1.00,3.50,2.50,10.00,0.264,,27.82,212.34,2.00,,1.18,,,,,
479,150.00,3.00,4.00,1.00,3.50,2.50,10.00,0.529,,42.96,231.45,2.00,,1.19,,,,,
480,150.00,3.00,4.00,1.00,3.50,2.50,10.00,1.058,,89.26,228.52,2.00,,1.07,,,,,
481,150.00,3.00,4.00,1.00,3.50,2.50,13.00,0.066,,16.94,144.60,1.00,,9.19,,,,,
482,150.00,3.00,4.00,1.00,3.50,2.50,13.00,0.132,,30.08,150.45,1.00,,8.41,,,,,
483,150.00,3.00,4.00,1.00,3.50,2.50,13.00,0.264,,24.98,201.65,2.00,,1.85,,,,,
484,150.00,3.00,4.00,1.00,3.50,2.50,13.00,0.529,,57.91,191.97,2.00,,1.55,,,,,
485,150.00,3.00,4.00,1.00,3.50,2.50,13.00,1.058,,105.97,197.75,2.00,,9.87,,,,,
486,150.00,3.00,4.00,1.00,3.50,2.50,16.00,0.066,,4.16,215.54,1.00,,5.38,,,,,
487,150.00,3.00,4.00,1.00,3.50,2.50,16.00,0.132,,32.75,136.46,1.00,,3.38,,,,,
488,150.00,3.00,4.00,1.00,3.50,2.50,16.00,0.264,,35.33,167.64,2.00,,2.84,,,,,
489,150.00,3.00,4.00,1.00,3.50,2.50,16.00,0.529,,51.85,185.86,2.00,,2.34,,,,,
490,150.00,3.00,4.00,1.00,3.50,2.50,16.00,1.058,,94.34,191.81,2.00,,7.27,,,,,
491,150.00,3.00,4.00,1.00,3.50,2.50,19.00,0.066,,5.86,181.52,1.00,,9.48,,,,,
492,150.00,3.00,4.00,1.00,3.50,2.50,19.00,0.132,,21.07,149.27,2.00,,3.99,,,,,
493,150.00,3.00,4.00,1.00,3.50,2.50,19.00,0.264,,37.92,154.62,2.00,,5.24,,,,,
494,150.00,3.00,4.00,1.00,3.50,2.50,19.00,0.529,,55.82,171.25,2.00,,4.21,,,,,
495,150.00,3.00,4.00,1.00,3.50,2.50,19.00,1.058,,86.52,186.43,2.00,,5.26,,,,,
496,150.00,3.00,4.00,1.00,3.50,2.50,22.00,0.066,,15.05,126.22,1.00,,5.73,,,,,
497,150.00,3.00,4.00,1.00,3.50,2.50,22.00,0.132,,20.98,142.36,2.00,,7.23,,,,,
498,150.00,3.00,4.00,1.00,3.50,2.50,22.00,0.264,,29.51,160.07,2.00,,2.39,,,,,
499,150.00,3.00,4.00,1.00,3.50,2.50,22.00,0.529,,50.47,168.65,2.00,,1.89,,,,,
500,150.00,3.00,4.00,1.00,3.50,2.50,22.00,1.058,,96.17,171.39,2.00,,4.56,,,,,
501,175.00,1.00,6.00,2.50,3.00,2.50,10.00,0.066,,16.19,129.59,1.00,,2.14,,,,,
502,175.00,1.00,6.00,2.50,3.00,2.50,10.00,0.132,,90.54,91.99,1.00,,6.20,,,,,
503,175.00,1.00,6.00,2.50,3.00,2.50,10.00,0.264,,219.73,86.25,1.00,,4.52,,,,,
504,175.00,1.00,6.00,2.50,3.00,2.50,10.00,0.529,,42.49,187.91,2.00,,2.96,,,,,
505,175.00,1.00,6.00,2.50,3.00,2.50,10.00,1.058,,70.85,199.65,2.00,,10.13,,,,,
506,175.00,1.00,6.00,2.50,3.00,2.50,13.00,0.066,,32.43,94.20,1.00,,2.99,,,,,
507,175.00,1.00,6.00,2.50,3.00,2.50,13.00,0.132,,120.56,76.61,1.00,,2.13,,,,,
508,175.00,1.00,6.00,2.50,3.00,2.50,13.00,0.264,,165.10,86.92,1.00,,4.89,,,,,
509,175.00,1.00,6.00,2.50,3.00,2.50,13.00,0.529,,48.60,164.63,2.00,,1.20,,,,,
510,175.00,1.00,6.00,2.50,3.00,2.50,13.00,1.058,,82.94,173.57,2.00,,7.35,,,,,
511,175.00,1.00,6.00,2.50,3.00,2.50,16.00,0.066,,30.10,90.11,1.00,,6.37,,,,,
512,175.00,1.00,6.00,2.50,3.00,2.50,16.00,0.132,,143.62,67.44,1.00,,7.87,,,,,
513,175.00,1.00,6.00,2.50,3.00,2.50,16.00,0.264,,205.15,75.45,1.00,,6.32,,,,,
514,175.00,1.00,6.00,2.50,3.00,2.50,16.00,0.529,,41.27,162.23,2.00,,1.14,,,,,
515,175.00,1.00,6.00,2.50,3.00,2.50,16.00,1.058,,84.23,161.13,2.00,,9.21,,,,,
516,175.00,1.00,6.00,2.50,3.00,2.50,19.00,0.066,,53.38,70.30,1.00,,5.83,,,,,
517,175.00,1.00,6.00,2.50,3.00,2.50,19.00,0.132,,83.61,76.27,1.00,,3.93,,,,,
518,175.00,1.00,6.00,2.50,3.00,2.50,19.00,0.264,,152.12,78.71,1.00,,2.03,,,,,
519,175.00,1.00,6.00,2.50,3.00,2.50,19.00,0.529,,38.80,156.39,2.00,,10.45,,,,,
520,175.00,1.00,6.00,2.50,3.00,2.50,19.00,1.058,,101.89,142.81,2.00,,12.60,,,,,
521,175.00,1.00,6.00,2.50,3.00,2.50,22.00,0.066,,50.17,68.35,1.00,,8.72,,,,,
522,175.00,1.00,6.00,2.50,3.00,2.50,22.00,0.132,,94.92,69.62,1.00,,7.67,,,,,
523,175.00,1.00,6.00,2.50,3.00,2.50,22.00,0.264,,27.29,132.92,2.00,,6.89,,,,,
524,175.00,1.00,6.00,2.50,3.00,2.50,22.00,0.529,,44.97,141.78,2.00,,1.67,,,,,
525,175.00,1.00,6.00,2.50,3.00,2.50,22.00,1.058,,96.71,138.39,2.00,,4.99,,,,,
526,175.00,1.50,2.00,3.00,3.50,3.00,10.00,0.066,,16.96,145.46,1.00,,0.95,,,,,
527,175.00,1.50,2.00,3.00,3.50,3.00,10.00,0.132,,62.88,118.41,1.00,,5.51,,,,,
528,175.00,1.50,2.00,3.00,3.50,3.00,10.00,0.264,,85.70,134.56,1.00,,7.10,,,,,
529,175.00,1.50,2.00,3.00,3.50,3.00,10.00,0.529,,146.78,141.69,2.00,,5.04,,,,,
530,175.00,1.50,2.00,3.00,3.50,3.00,10.00,1.058,,365.91,131.66,2.00,,11.96,,,,,
531,175.00,1.50,2.00,3.00,3.50,3.00,13.00,0.066,,26.07,115.48,1.00,,7.33,,,,,
532,175.00,1.50,2.00,3.00,3.50,3.00,13.00,0.132,,46.13,120.29,1.00,,2.72,,,,,
533,175.00,1.50,2.00,3.00,3.50,3.00,13.00,0.264,,173.27,97.50,1.00,,1.88,,,,,
534,175.00,1.50,2.00,3.00,3.50,3.00,13.00,0.529,,136.15,133.12,2.00,,3.59,,,,,
535,175.00,1.50,2.00,3.00,3.50,3.00,13.00,1.058,,383.40,118.77,2.00,,4.57,,,,,
536,175.00,1.50,2.00,3.00,3.50,3.00,16.00,0.066,,21.68,114.59,1.00,,11.02,,,,,
537,175.00,1.50,2.00,3.00,3.50,3.00,16.00,0.132,,73.85,95.96,1.00,,7.69,,,,,
538,175.00,1.50,2.00,3.00,3.50,3.00,16.00,0.264,,131.81,99.67,1.00,,7.36,,,,,
539,175.00,1.50,2.00,3.00,3.50,3.00,16.00,0.529,,154.72,119.04,2.00,,3.39,,,,,
540,175.00,1.50,2.00,3.00,3.50,3.00,16.00,1.058,,303.63,119.79,2.00,,4.27,,,,,
541,175.00,1.50,2.00,3.00,3.50,3.00,19.00,0.066,,23.19,105.81,1.00,,4.61,,,,,
542,175.00,1.50,2.00,3.00,3.50,3.00,19.00,0.132,,72.35,91.24,1.00,,3.62,,,,,
543,175.00,1.50,2.00,3.00,3.50,3.00,19.00,0.264,,112.31,99.28,2.00,,7.20,,,,,
544,175.00,1.50,2.00,3.00,3.50,3.00,19.00,0.529,,158.79,111.44,2.00,,5.92,,,,,
545,175.00,1.50,2.00,3.00,3.50,3.00,19.00,1.058,,356.57,107.22,2.00,,5.42,,,,,
546,175.00,1.50,2.00,3.00,3.50,3.00,22.00,0.066,,36.64,86.52,1.00,,6.62,,,,,
547,175.00,1.50,2.00,3.00,3.50,3.00,22.00,0.132,,58.94,93.03,1.00,,2.02,,,,,
548,175.00,1.50,2.00,3.00,3.50,3.00,22.00,0.264,,77.18,107.13,2.00,,5.54,,,,,
549,175.00,1.50,2.00,3.00,3.50,3.00,22.00,0.529,,180.92,101.61,2.00,,2.78,,,,,
550,175.00,1.50,2.00,3.00,3.50,3.00,22.00,1.058,,381.05,99.87,2.00,,6.57,,,,,
551,175.00,2.00,3.00,1.00,4.00,3.50,10.00,0.066,,22.51,145.31,1.00,,1.73,,,,,
552,175.00,2.00,3.00,1.00,4.00,3.50,10.00,0.132,,31.02,164.53,1.00,,1.90,,,,,
553,175.00,2.00,3.00,1.00,4.00,3.50,10.00,0.264,,31.36,206.54,2.00,,2.55,,,,,
554,175.00,2.00,3.00,1.00,4.00,3.50,10.00,0.529,,84.47,187.02,2.00,,3.17,,,,,
555,175.00,2.00,3.00,1.00,4.00,3.50,10.00,1.058,,171.70,186.02,2.00,,4.66,,,,,
556,175.00,2.00,3.00,1.00,4.00,3.50,13.00,0.066,,19.42,139.86,1.00,,2.19,,,,,
557,175.00,2.00,3.00,1.00,4.00,3.50,13.00,0.132,,48.16,130.19,1.00,,2.15,,,,,
558,175.00,2.00,3.00,1.00,4.00,3.50,13.00,0.264,,35.67,181.29,2.00,,4.01,,,,,
559,175.00,2.00,3.00,1.00,4.00,3.50,13.00,0.529,,93.50,165.66,2.00,,4.79,,,,,
560,175.00,2.00,3.00,1.00,4.00,3.50,13.00,1.058,,158.71,174.97,2.00,,1.78,,,,,
561,175.00,2.00,3.00,1.00,4.00,3.50,16.00,0.066,,14.81,142.86,1.00,,4.54,,,,,
562,175.00,2.00,3.00,1.00,4.00,3.50,16.00,0.132,,37.63,131.89,1.00,,2.03,,,,,
563,175.00,2.00,3.00,1.00,4.00,3.50,16.00,0.264,,33.27,173.15,2.00,,1.17,,,,,
564,175.00,2.00,3.00,1.00,4.00,3.50,16.00,0.529,,76.24,165.46,2.00,,2.06,,,,,
565,175.00,2.00,3.00,1.00,4.00,3.50,16.00,1.058,,174.03,158.33,2.00,,4.18,,,,,
566,175.00,2.00,3.00,1.00,4.00,3.50,19.00,0.066,,8.48,162.45,1.00,,8.48,,,,,
567,175.00,2.00,3.00,1.00,4.00,3.50,19.00,0.132,,34.39,128.35,1.00,,1.90,,,,,
568,175.00,2.00,3.00,1.00,4.00,3.50,19.00,0.264,,52.63,140.32,2.00,,1.66,,,,,
569,175.00,2.00,3.00,1.00,4.00,3.50,19.00,0.529,,77.45,155.43,2.00,,3.16,,,,,
570,175.00,2.00,3.00,1.00,4.00,3.50,19.00,1.058,,140.73,160.48,2.00,,3.23,,,,,
571,175.00,2.00,3.00,1.00,4.00,3.50,22.00,0.066,,15.88,125.51,1.00,,5.03,,,,,
572,175.00,2.00,3.00,1.00,4.00,3.50,22.00,0.132,,28.31,130.41,2.00,,4.07,,,,,
573,175.00,2.00,3.00,1.00,4.00,3.50,22.00,0.264,,38.78,147.95,2.00,,4.79,,,,,
574,175.00,2.00,3.00,1.00,4.00,3.50,22.00,0.529,,103.49,134.38,2.00,,3.68,,,,,
575,175.00,2.00,3.00,1.00,4.00,3.50,22.00,1.058,,167.12,144.32,2.00,,5.59,,,,,
576,175.00,2.50,4.00,1.50,2.00,4.00,10.00,0.066,,40.99,167.69,1.00,,3.21,,,,,
577,175.00,2.50,4.00,1.50,2.00,4.00,10.00,0.132,,30.84,232.30,2.00,,2.98,,,,,
578,175.00,2.50,4.00,1.50,2.00,4.00,10.00,0.264,,58.63,236.27,2.00,,1.72,,,,,
579,175.00,2.50,4.00,1.50,2.00,4.00,10.00,0.529,,113.86,238.59,2.00,,1.99,,,,,
580,175.00,2.50,4.00,1.50,2.00,4.00,10.00,1.058,,248.32,231.81,2.00,,2.81,,,,,
581,175.00,2.50,4.00,1.50,2.00,4.00,13.00,0.066,,42.31,152.04,1.00,,1.77,,,,,
582,175.00,2.50,4.00,1.50,2.00,4.00,13.00,0.132,,31.59,211.15,2.00,,1.98,,,,,
583,175.00,2.50,4.00,1.50,2.00,4.00,13.00,0.264,,65.01,209.15,2.00,,1.30,,,,,
584,175.00,2.50,4.00,1.50,2.00,4.00,13.00,0.529,,109.46,221.51,2.00,,5.86,,,,,
585,175.00,2.50,4.00,1.50,2.00,4.00,13.00,1.058,,241.77,214.30,2.00,,5.27,,,,,
586,175.00,2.50,4.00,1.50,2.00,4.00,16.00,0.066,,44.90,139.09,1.00,,2.18,,,,,
587,175.00,2.50,4.00,1.50,2.00,4.00,16.00,0.132,,36.96,186.99,2.00,,2.80,,,,,
588,175.00,2.50,4.00,1.50,2.00,4.00,16.00,0.264,,49.56,213.65,2.00,,1.46,,,,,
589,175.00,2.50,4.00,1.50,2.00,4.00,16.00,0.529,,101.41,212.02,2.00,,9.19,,,,,
590,175.00,2.50,4.00,1.50,2.00,4.00,16.00,1.058,,247.82,198.32,2.00,,7.63,,,,,
591,175.00,2.50,4.00,1.50,2.00,4.00,19.00,0.066,,37.91,138.96,1.00,,4.34,,,,,
592,175.00,2.50,4.00,1.50,2.00,4.00,19.00,0.132,,41.69,169.62,2.00,,2.96,,,,,
593,175.00,2.50,4.00,1.50,2.00,4.00,19.00,0.264,,70.27,179.58,2.00,,2.18,,,,,
594,175.00,2.50,4.00,1.50,2.00,4.00,19.00,0.529,,126.09,186.20,2.00,,3.49,,,,,
595,175.00,2.50,4.00,1.50,2.00,4.00,19.00,1.058,,238.06,189.81,2.00,,4.26,,,,,
596,175.00,2.50,4.00,1.50,2.00,4.00,22.00,0.066,,57.84,114.96,1.00,,4.11,,,,,
597,175.00,2.50,4.00,1.50,2.00,4.00,22.00,0.132,,39.97,163.82,2.00,,2.67,,,,,
598,175.00,2.50,4.00,1.50,2.00,4.00,22.00,0.264,,69.17,171.92,2.00,,1.53,,,,,
599,175.00,2.50,4.00,1.50,2.00,4.00,22.00,0.529,,152.14,166.56,2.00,,10.16,,,,,
600,175.00,2.50,4.00,1.50,2.00,4.00,22.00,1.058,,247.31,178.47,2.00,,9.46,,,,,
601,175.00,3.00,5.00,2.00,2.50,2.00,10.00,0.066,,13.40,200.65,1.00,,2.78,,,,,
602,175.00,3.00,5.00,2.00,2.50,2.00,10.00,0.132,,38.16,178.35,1.00,,3.50,,,,,
603,175.00,3.00,5.00,2.00,2.50,2.00,10.00,0.264,,19.65,280.38,2.00,,1.15,,,,,
604,175.00,3.00,5.00,2.00,2.50,2.00,10.00,0.529,,43.47,271.09,2.00,,5.12,,,,,
605,175.00,3.00,5.00,2.00,2.50,2.00,10.00,1.058,,68.33,293.76,2.00,,3.69,,,,,
606,175.00,3.00,5.00,2.00,2.50,2.00,13.00,0.066,,9.38,207.04,1.00,,3.50,,,,,
607,175.00,3.00,5.00,2.00,2.50,2.00,13.00,0.132,,28.50,180.12,1.00,,2.55,,,,,
608,175.00,3.00,5.00,2.00,2.50,2.00,13.00,0.264,,20.12,254.87,2.00,,4.06,,,,,
609,175.00,3.00,5.00,2.00,2.50,2.00,13.00,0.529,,37.75,260.36,2.00,,4.41,,,,,
610,175.00,3.00,5.00,2.00,2.50,2.00,13.00,1.058,,75.94,259.85,2.00,,2.26,,,,,
611,175.00,3.00,5.00,2.00,2.50,2.00,16.00,0.066,,9.99,189.22,1.00,,1.11,,,,,
612,175.00,3.00,5.00,2.00,2.50,2.00,16.00,0.132,,36.86,154.27,1.00,,5.15,,,,,
613,175.00,3.00,5.00,2.00,2.50,2.00,16.00,0.264,,19.90,238.70,2.00,,11.30,,,,,
614,175.00,3.00,5.00,2.00,2.50,2.00,16.00,0.529,,46.88,226.03,2.00,,1.67,,,,,
615,175.00,3.00,5.00,2.00,2.50,2.00,16.00,1.058,,68.81,250.57,2.00,,12.11,,,,,
616,175.00,3.00,5.00,2.00,2.50,2.00,19.00,0.066,,23.53,134.29,1.00,,4.17,,,,,
617,175.00,3.00,5.00,2.00,2.50,2.00,19.00,0.132,,43.22,138.15,1.00,,3.71,,,,,
618,175.00,3.00,5.00,2.00,2.50,2.00,19.00,0.264,,31.19,194.05,2.00,,6.35,,,,,
619,175.00,3.00,5.00,2.00,2.50,2.00,19.00,0.529,,46.61,213.85,2.00,,20.37,,,,,
620,175.00,3.00,5.00,2.00,2.50,2.00,19.00,1.058,,77.19,227.73,2.00,,2.61,,,,,
621,175.00,3.00,5.00,2.00,2.50,2.00,22.00,0.066,,6.61,195.29,1.00,,4.84,,,,,
622,175.00,3.00,5.00,2.00,2.50,2.00,22.00,0.132,,39.73,135.31,1.00,,2.52,,,,,
623,175.00,3.00,5.00,2.00,2.50,2.00,22.00,0.264,,29.85,187.52,2.00,,7.03,,,,,
624,175.00,3.00,5.00,2.00,2.50,2.00,22.00,0.529,,41.38,211.89,2.00,,4.58,,,,,
625,175.00,3.00,5.00,2.00,2.50,2.00,22.00,1.058,,79.72,214.55,2.00,,13.65,,,,,
626,75.00,1.00,2.00,1.00,2.00,2.00,10.00,0.033,,11.21,71.76,1.00,,1.32,,,,,
627,75.00,1.00,2.00,1.00,2.00,2.00,13.00,0.033,,10.69,66.81,1.00,,1.32,,,,,
628,75.00,1.00,2.00,1.00,2.00,2.00,16.00,0.033,,11.34,61.12,1.00,,2.12,,,,,
629,75.00,1.00,2.00,1.00,2.00,2.00,19.00,0.033,,10.87,58.54,1.00,,1.65,,,,,
630,75.00,1.00,2.00,1.00,2.00,2.00,22.00,0.033,,13.43,51.95,1.00,,1.78,,,,,
631,75.00,1.50,3.00,1.50,2.50,2.50,10.00,0.033,,6.68,95.56,1.00,,2.61,,,,,
632,75.00,1.50,3.00,1.50,2.50,2.50,13.00,0.033,,7.69,83.54,1.00,,1.48,,,,,
633,75.00,1.50,3.00,1.50,2.50,2.50,16.00,0.033,,11.52,68.13,1.00,,3.56,,,,,
634,75.00,1.50,3.00,1.50,2.50,2.50,19.00,0.033,,8.77,70.45,1.00,,2.64,,,,,
635,75.00,1.50,3.00,1.50,2.50,2.50,22.00,0.033,,8.55,67.66,1.00,,2.87,,,,,
636,75.00,2.00,4.00,2.00,3.00,3.00,10.00,0.033,,3.93,123.80,1.00,,2.42,,,,,
637,75.00,2.00,4.00,2.00,3.00,3.00,13.00,0.033,,5.34,102.41,1.00,,0.44,,,,,
638,75.00,2.00,4.00,2.00,3.00,3.00,16.00,0.033,,6.60,89.04,1.00,,1.02,,,,,
639,75.00,2.00,4.00,2.00,3.00,3.00,19.00,0.033,,9.32,74.97,1.00,,1.14,,,,,
640,75.00,2.00,4.00,2.00,3.00,3.00,22.00,0.033,,9.17,71.76,1.00,,0.85,,,,,
641,75.00,2.50,5.00,2.50,3.50,3.50,10.00,0.033,,7.04,108.77,1.00,,2.00,,,,,
642,75.00,2.50,5.00,2.50,3.50,3.50,13.00,0.033,,6.82,100.75,1.00,,2.05,,,,,
643,75.00,2.50,5.00,2.50,3.50,3.50,16.00,0.033,,4.58,107.33,1.00,,1.25,,,,,
644,75.00,2.50,5.00,2.50,3.50,3.50,19.00,0.033,,3.58,109.99,1.00,,1.85,,,,,
645,75.00,2.50,5.00,2.50,3.50,3.50,22.00,0.033,,3.74,103.28,1.00,,1.95,,,,,
646,75.00,3.00,6.00,3.00,4.00,4.00,10.00,0.033,,8.19,109.18,1.00,,1.24,,,,,
647,75.00,3.00,6.00,3.00,4.00,4.00,13.00,0.033,,6.98,105.48,1.00,,1.70,,,,,
648,75.00,3.00,6.00,3.00,4.00,4.00,16.00,0.033,,5.09,109.35,1.00,,3.73,,,,,
649,75.00,3.00,6.00,3.00,4.00,4.00,19.00,0.033,,6.58,94.78,1.00,,1.77,,,,,
650,75.00,3.00,6.00,3.00,4.00,4.00,22.00,0.033,,9.80,79.05,1.00,,4.86,,,,,
651,100.00,1.00,3.00,2.00,3.50,4.00,10.00,0.033,,10.54,88.13,1.00,,1.27,,,,,
652,100.00,1.00,3.00,2.00,3.50,4.00,13.00,0.033,,9.14,84.67,1.00,,0.97,,,,,
653,100.00,1.00,3.00,2.00,3.50,4.00,16.00,0.033,,12.41,71.36,1.00,,1.31,,,,,
654,100.00,1.00,3.00,2.00,3.50,4.00,19.00,0.033,,18.76,58.71,1.00,,1.21,,,,,
655,100.00,1.00,3.00,2.00,3.50,4.00,22.00,0.033,,22.83,52.37,1.00,,1.57,,,,,
656,100.00,1.50,4.00,2.50,4.00,2.00,10.00,0.033,,0.83,188.45,1.00,,3.33,,,,,
657,100.00,1.50,4.00,2.50,4.00,2.00,13.00,0.033,,0.72,180.45,1.00,,3.53,,,,,
658,100.00,1.50,4.00,2.50,4.00,2.00,16.00,0.033,,1.09,146.66,1.00,,3.33,,,,,
659,100.00,1.50,4.00,2.50,4.00,2.00,19.00,0.033,,1.08,139.03,1.00,,3.73,,,,,
660,100.00,1.50,4.00,2.50,4.00,2.00,22.00,0.033,,1.11,131.13,1.00,,4.25,,,,,
661,100.00,2.00,5.00,3.00,2.00,2.50,10.00,0.033,,28.55,84.56,1.00,,1.67,,,,,
662,100.00,2.00,5.00,3.00,2.00,2.50,13.00,0.033,,20.88,86.00,1.00,,1.34,,,,,
663,100.00,2.00,5.00,3.00,2.00,2.50,16.00,0.033,,28.88,72.02,1.00,,2.11,,,,,
664,100.00,2.00,5.00,3.00,2.00,2.50,19.00,0.033,,30.63,66.69,1.00,,2.08,,,,,
665,100.00,2.00,5.00,3.00,2.00,2.50,22.00,0.033,,37.89,59.16,1.00,,1.10,,,,,
666,100.00,2.50,6.00,1.00,2.50,3.00,10.00,0.033,,3.93,171.68,1.00,,2.26,,,,,
667,100.00,2.50,6.00,1.00,2.50,3.00,13.00,0.033,,2.72,177.87,1.00,,2.43,,,,,
668,100.00,2.50,6.00,1.00,2.50,3.00,16.00,0.033,,3.59,151.29,1.00,,3.27,,,,,
669,100.00,2.50,6.00,1.00,2.50,3.00,19.00,0.033,,6.13,119.54,1.00,,3.97,,,,,
670,100.00,2.50,6.00,1.00,2.50,3.00,22.00,0.033,,2.89,146.23,1.00,,3.10,,,,,
671,100.00,3.00,2.00,1.50,3.00,3.50,10.00,0.033,,8.66,137.58,1.00,,4.12,,,,,
672,100.00,3.00,2.00,1.50,3.00,3.50,13.00,0.033,,3.39,172.25,1.00,,2.27,,,,,
673,100.00,3.00,2.00,1.50,3.00,3.50,16.00,0.033,,5.95,133.28,1.00,,2.75,,,,,
674,100.00,3.00,2.00,1.50,3.00,3.50,19.00,0.033,,14.30,93.99,1.00,,3.09,,,,,
675,100.00,3.00,2.00,1.50,3.00,3.50,22.00,0.033,,13.38,91.51,1.00,,2.79,,,,,
676,125.00,1.00,4.00,3.00,2.50,3.50,10.00,0.033,,11.81,106.09,1.00,,3.00,,,,,
677,125.00,1.00,4.00,3.00,2.50,3.50,13.00,0.033,,6.31,119.75,1.00,,1.25,,,,,
678,125.00,1.00,4.00,3.00,2.50,3.50,16.00,0.033,,17.87,78.99,1.00,,4.04,,,,,
679,125.00,1.00,4.00,3.00,2.50,3.50,19.00,0.033,,12.56,83.91,1.00,,1.61,,,,,
680,125.00,1.00,4.00,3.00,2.50,3.50,22.00,0.033,,25.34,63.24,1.00,,2.40,,,,,
681,125.00,1.50,5.00,1.00,3.00,4.00,10.00,0.033,,15.82,107.64,1.00,,2.03,,,,,
682,125.00,1.50,5.00,1.00,3.00,4.00,13.00,0.033,,21.36,89.23,1.00,,4.79,,,,,
683,125.00,1.50,5.00,1.00,3.00,4.00,16.00,0.033,,19.06,86.48,1.00,,6.30,,,,,
684,125.00,1.50,5.00,1.00,3.00,4.00,19.00,0.033,,17.36,84.25,1.00,,12.89,,,,,
685,125.00,1.50,5.00,1.00,3.00,4.00,22.00,0.033,,12.37,89.84,1.00,,5.71,,,,,
686,125.00,2.00,6.00,1.50,3.50,2.00,10.00,0.033,,6.22,128.34,1.00,,2.18,,,,,
687,125.00,2.00,6.00,1.50,3.50,2.00,13.00,0.033,,4.14,134.68,1.00,,2.43,,,,,
688,125.00,2.00,6.00,1.50,3.50,2.00,16.00,0.033,,3.00,139.90,1.00,,1.22,,,,,
689,125.00,2.00,6.00,1.50,3.50,2.00,19.00,0.033,,2.95,132.89,1.00,,3.74,,,,,
690,125.00,2.00,6.00,1.50,3.50,2.00,22.00,0.033,,4.08,113.56,1.00,,3.81,,,,,
691,125.00,2.50,2.00,2.00,4.00,2.50,10.00,0.033,,0.79,277.70,1.00,,8.66,,,,,
692,125.00,2.50,2.00,2.00,4.00,2.50,13.00,0.033,,1.31,214.49,1.00,,4.28,,,,,
693,125.00,2.50,2.00,2.00,4.00,2.50,16.00,0.033,,1.07,214.31,1.00,,5.32,,,,,
694,125.00,2.50,2.00,2.00,4.00,2.50,19.00,0.033,,1.00,206.97,1.00,,4.75,,,,,
695,125.00,2.50,2.00,2.00,4.00,2.50,22.00,0.033,,1.02,195.65,1.00,,10.78,,,,,
696,125.00,3.00,3.00,2.50,2.00,3.00,10.00,0.033,,7.68,182.39,1.00,,2.98,,,,,
697,125.00,3.00,3.00,2.50,2.00,3.00,13.00,0.033,,11.22,147.30,1.00,,5.71,,,,,
698,125.00,3.00,3.00,2.50,2.00,3.00,16.00,0.033,,8.19,152.63,1.00,,2.43,,,,,
699,125.00,3.00,3.00,2.50,2.00,3.00,19.00,0.033,,11.79,127.66,1.00,,4.47,,,,,
700,125.00,3.00,3.00,2.50,2.00,3.00,22.00,0.033,,24.47,95.30,1.00,,3.33,,,,,
701,150.00,1.00,5.00,1.50,4.00,3.00,10.00,0.033,,2.13,173.90,1.00,,3.49,,,,,
702,150.00,1.00,5.00,1.50,4.00,3.00,13.00,0.033,,1.22,192.01,1.00,,3.92,,,,,
703,150.00,1.00,5.00,1.50,4.00,3.00,16.00,0.033,,1.38,171.68,1.00,,2.58,,,,,
704,150.00,1.00,5.00,1.50,4.00,3.00,19.00,0.033,,1.13,173.11,1.00,,4.61,,,,,
705,150.00,1.00,5.00,1.50,4.00,3.00,22.00,0.033,,1.40,153.60,1.00,,11.26,,,,,
706,150.00,1.50,6.00,2.00,2.00,3.50,10.00,0.033,,30.81,107.30,1.00,,5.71,,,,,
707,150.00,1.50,6.00,2.00,2.00,3.50,13.00,0.033,,55.97,80.58,1.00,,4.31,,,,,
708,150.00,1.50,6.00,2.00,2.00,3.50,16.00,0.033,,46.46,80.00,1.00,,3.49,,,,,
709,150.00,1.50,6.00,2.00,2.00,3.50,19.00,0.033,,30.81,86.63,1.00,,1.74,,,,,
710,150.00,1.50,6.00,2.00,2.00,3.50,22.00,0.033,,38.36,76.69,1.00,,6.80,,,,,
711,150.00,2.00,2.00,2.50,2.50,4.00,10.00,0.033,,23.80,124.06,1.00,,2.68,,,,,
712,150.00,2.00,2.00,2.50,2.50,4.00,13.00,0.033,,42.60,93.63,1.00,,7.77,,,,,
713,150.00,2.00,2.00,2.50,2.50,4.00,16.00,0.033,,13.76,127.33,1.00,,1.74,,,,,
714,150.00,2.00,2.00,2.50,2.50,4.00,19.00,0.033,,14.94,116.99,1.00,,3.18,,,,,
715,150.00,2.00,2.00,2.50,2.50,4.00,22.00,0.033,,25.03,93.80,1.00,,1.64,,,,,
716,150.00,2.50,3.00,3.00,3.00,2.00,10.00,0.033,,1.10,292.96,1.00,,5.40,,,,,
717,150.00,2.50,3.00,3.00,3.00,2.00,13.00,0.033,,1.45,244.53,1.00,,3.91,,,,,
718,150.00,2.50,3.00,3.00,3.00,2.00,16.00,0.033,,3.26,174.35,1.00,,5.60,,,,,
719,150.00,2.50,3.00,3.00,3.00,2.00,19.00,0.033,,3.46,161.40,1.00,,10.12,,,,,
720,150.00,2.50,3.00,3.00,3.00,2.00,22.00,0.033,,5.15,134.54,1.00,,7.11,,,,,
721,150.00,3.00,4.00,1.00,3.50,2.50,10.00,0.033,,1.54,278.75,1.00,,6.84,,,,,
722,150.00,3.00,4.00,1.00,3.50,2.50,13.00,0.033,,1.08,287.57,1.00,,7.05,,,,,
723,150.00,3.00,4.00,1.00,3.50,2.50,16.00,0.033,,1.26,254.92,1.00,,5.76,,,,,
724,150.00,3.00,4.00,1.00,3.50,2.50,19.00,0.033,,1.14,248.61,1.00,,13.05,,,,,
725,150.00,3.00,4.00,1.00,3.50,2.50,22.00,0.033,,0.62,289.36,1.00,,8.12,,,,,
726,175.00,1.00,6.00,2.50,3.00,2.50,10.00,0.033,,3.90,165.30,1.00,,4.27,,,,,
727,175.00,1.00,6.00,2.50,3.00,2.50,13.00,0.033,,2.99,165.45,1.00,,3.72,,,,,
728,175.00,1.00,6.00,2.50,3.00,2.50,16.00,0.033,,2.89,156.28,1.00,,4.27,,,,,
729,175.00,1.00,6.00,2.50,3.00,2.50,19.00,0.033,,1.91,169.48,1.00,,6.12,,,,,
730,175.00,1.00,6.00,2.50,3.00,2.50,22.00,0.033,,1.30,183.20,1.00,,5.36,,,,,
731,175.00,1.50,2.00,3.00,3.50,3.00,10.00,0.033,,3.27,199.76,1.00,,3.84,,,,,
732,175.00,1.50,2.00,3.00,3.50,3.00,13.00,0.033,,4.07,170.26,1.00,,1.88,,,,,
733,175.00,1.50,2.00,3.00,3.50,3.00,16.00,0.033,,3.13,173.38,1.00,,2.16,,,,,
734,175.00,1.50,2.00,3.00,3.50,3.00,19.00,0.033,,1.15,228.83,1.00,,2.33,,,,,
735,175.00,1.50,2.00,3.00,3.50,3.00,22.00,0.033,,0.65,263.87,1.00,,7.08,,,,,
736,175.00,2.00,3.00,1.00,4.00,3.50,10.00,0.033,,0.53,401.90,1.00,,4.96,,,,,
737,175.00,2.00,3.00,1.00,4.00,3.50,13.00,0.033,,0.80,320.80,1.00,,6.47,,,,,
738,175.00,2.00,3.00,1.00,4.00,3.50,16.00,0.033,,0.60,330.47,1.00,,6.48,,,,,
739,175.00,2.00,3.00,1.00,4.00,3.50,19.00,0.033,,1.07,257.12,1.00,,8.02,,,,,
740,175.00,2.00,3.00,1.00,4.00,3.50,22.00,0.033,,0.47,322.28,1.00,,6.61,,,,,
741,175.00,2.50,4.00,1.50,2.00,4.00,10.00,0.033,,20.53,167.60,1.00,,2.00,,,,,
742,175.00,2.50,4.00,1.50,2.00,4.00,13.00,0.033,,17.47,162.04,1.00,,2.53,,,,,
743,175.00,2.50,4.00,1.50,2.00,4.00,16.00,0.033,,15.54,157.22,1.00,,3.17,,,,,
744,175.00,2.50,4.00,1.50,2.00,4.00,19.00,0.033,,10.69,168.20,1.00,,1.87,,,,,
745,175.00,2.50,4.00,1.50,2.00,4.00,22.00,0.033,,9.78,165.01,1.00,,2.55,,,,,
746,175.00,3.00,5.00,2.00,2.50,2.00,10.00,0.033,,1.41,337.47,1.00,,0.88,,,,,
747,175.00,3.00,5.00,2.00,2.50,2.00,13.00,0.033,,2.84,244.88,1.00,,0.70,,,,,
748,175.00,3.00,5.00,2.00,2.50,2.00,16.00,0.033,,1.71,270.24,1.00,,1.19,,,,,
749,175.00,3.00,5.00,2.00,2.50,2.00,19.00,0.033,,1.16,291.00,1.00,,2.84,,,,,
750,175.00,3.00,5.00,2.00,2.50,2.00,22.00,0.033,,1.26,269.25,1.00,,0.55,,,,,
751,75.00,1.00,2.00,1.00,2.00,2.00,2.00,0.033,,14.47,112.69,1.00,,0.96,,,,,
752,75.00,1.00,2.00,1.00,2.00,2.00,6.00,0.033,,11.78,83.68,1.00,,1.01,,,,,
753,75.00,1.00,2.00,1.00,2.00,2.00,2.00,0.066,,39.04,102.00,1.00,,1.01,,,,,
754,75.00,1.00,2.00,1.00,2.00,2.00,6.00,0.066,,31.76,75.76,1.00,,1.25,,,,,
755,75.00,1.50,3.00,1.50,2.50,2.50,2.00,0.033,,13.64,128.79,1.00,,2.49,,,,,
756,75.00,1.50,3.00,1.50,2.50,2.50,6.00,0.033,,9.93,99.27,1.00,,1.96,,,,,
757,75.00,1.50,3.00,1.50,2.50,2.50,2.00,0.066,,43.10,110.57,1.00,,2.90,,,,,
758,75.00,1.50,3.00,1.50,2.50,2.50,6.00,0.066,,33.27,83.57,1.00,,1.32,,,,,
759,75.00,2.00,4.00,2.00,3.00,3.00,2.00,0.033,,11.84,146.56,1.00,,2.01,,,,,
760,75.00,2.00,4.00,2.00,3.00,3.00,6.00,0.033,,6.02,127.34,1.00,,2.47,,,,,
761,75.00,2.00,4.00,2.00,3.00,3.00,2.00,0.066,,36.86,126.47,1.00,,1.55,,,,,
762,75.00,2.00,4.00,2.00,3.00,3.00,6.00,0.066,,27.68,96.47,1.00,,2.73,,,,,
763,75.00,2.50,5.00,2.50,3.50,3.50,2.00,0.033,,12.42,153.96,1.00,,3.32,,,,,
764,75.00,2.50,5.00,2.50,3.50,3.50,6.00,0.033,,7.05,128.90,1.00,,0.90,,,,,
765,75.00,2.50,5.00,2.50,3.50,3.50,2.00,0.066,,33.49,139.35,1.00,,3.08,,,,,
766,75.00,2.50,5.00,2.50,3.50,3.50,6.00,0.066,,31.95,98.15,1.00,,1.19,,,,,
767,75.00,3.00,6.00,3.00,4.00,4.00,2.00,0.033,,13.75,157.06,1.00,,5.48,,,,,
768,75.00,3.00,6.00,3.00,4.00,4.00,6.00,0.033,,12.60,112.10,1.00,,2.07,,,,,
769,75.00,3.00,6.00,3.00,4.00,4.00,2.00,0.066,,31.75,149.70,1.00,,2.94,,,,,
770,75.00,3.00,6.00,3.00,4.00,4.00,6.00,0.066,,33.11,102.36,1.00,,2.10,,,,,
771,100.00,1.00,3.00,2.00,3.50,4.00,2.00,0.033,,17.00,128.49,1.00,,1.93,,,,,
772,100.00,1.00,3.00,2.00,3.50,4.00,6.00,0.033,,8.19,113.67,1.00,,0.48,,,,,
773,100.00,1.00,3.00,2.00,3.50,4.00,2.00,0.066,,48.11,114.46,1.00,,2.75,,,,,
774,100.00,1.00,3.00,2.00,3.50,4.00,6.00,0.066,,63.34,72.41,1.00,,1.80,,,,,
775,100.00,1.50,4.00,2.50,4.00,2.00,2.00,0.033,,7.77,152.64,1.00,,2.80,,,,,
776,100.00,1.50,4.00,2.50,4.00,2.00,6.00,0.033,,5.83,116.43,1.00,,4.16,,,,,
777,100.00,1.50,4.00,2.50,4.00,2.00,2.00,0.066,,19.02,142.68,1.00,,3.57,,,,,
778,100.00,1.50,4.00,2.50,4.00,2.00,6.00,0.066,,14.52,108.25,1.00,,2.54,,,,,
779,100.00,2.00,5.00,3.00,2.00,2.50,2.00,0.033,,36.29,133.48,1.00,,5.03,,,,,
780,100.00,2.00,5.00,3.00,2.00,2.50,6.00,0.033,,18.84,115.15,1.00,,1.17,,,,,
781,100.00,2.00,5.00,3.00,2.00,2.50,2.00,0.066,,61.54,141.03,1.00,,1.12,,,,,
782,100.00,2.00,5.00,3.00,2.00,2.50,6.00,0.066,,77.23,90.65,1.00,,3.04,,,,,
783,100.00,2.50,6.00,1.00,2.50,3.00,2.00,0.033,,6.23,251.78,1.00,,3.10,,,,,
784,100.00,2.50,6.00,1.00,2.50,3.00,6.00,0.033,,5.54,181.57,1.00,,2.10,,,,,
785,100.00,2.50,6.00,1.00,2.50,3.00,2.00,0.066,,23.11,204.90,1.00,,2.75,,,,,
786,100.00,2.50,6.00,1.00,2.50,3.00,6.00,0.066,,18.83,152.12,1.00,,3.10,,,,,
787,100.00,3.00,2.00,1.50,3.00,3.50,2.00,0.033,,11.88,211.71,1.00,,0.96,,,,,
788,100.00,3.00,2.00,1.50,3.00,3.50,6.00,0.033,,7.62,170.24,1.00,,3.66,,,,,
789,100.00,3.00,2.00,1.50,3.00,3.50,2.00,0.066,,29.85,196.24,1.00,,1.63,,,,,
790,100.00,3.00,2.00,1.50,3.00,3.50,6.00,0.066,,47.07,116.89,1.00,,1.49,,,,,
791,125.00,1.00,4.00,3.00,2.50,3.50,2.00,0.033,,19.22,154.22,1.00,,1.59,,,,,
792,125.00,1.00,4.00,3.00,2.50,3.50,6.00,0.033,,16.42,112.69,1.00,,1.45,,,,,
793,125.00,1.00,4.00,3.00,2.50,3.50,2.00,0.066,,49.40,141.84,1.00,,1.04,,,,,
794,125.00,1.00,4.00,3.00,2.50,3.50,6.00,0.066,,46.58,100.29,1.00,,1.23,,,,,
795,125.00,1.50,5.00,1.00,3.00,4.00,2.00,0.033,,14.93,187.64,1.00,,4.32,,,,,
796,125.00,1.50,5.00,1.00,3.00,4.00,6.00,0.033,,18.15,121.91,1.00,,5.04,,,,,
797,125.00,1.50,5.00,1.00,3.00,4.00,2.00,0.066,,43.43,165.60,1.00,,4.51,,,,,
798,125.00,1.50,5.00,1.00,3.00,4.00,6.00,0.066,,59.40,103.45,1.00,,0.69,,,,,
799,125.00,2.00,6.00,1.50,3.50,2.00,2.00,0.033,,7.73,204.13,1.00,,4.49,,,,,
800,125.00,2.00,6.00,1.50,3.50,2.00,6.00,0.033,,6.68,148.56,1.00,,2.30,,,,,
801,125.00,2.00,6.00,1.50,3.50,2.00,2.00,0.066,,18.32,192.90,1.00,,6.15,,,,,
802,125.00,2.00,6.00,1.50,3.50,2.00,6.00,0.066,,23.87,122.46,1.00,,6.02,,,,,
803,125.00,2.50,2.00,2.00,4.00,2.50,2.00,0.033,,2.24,334.84,1.00,,6.61,,,,,
804,125.00,2.50,2.00,2.00,4.00,2.50,6.00,0.033,,1.15,290.08,1.00,,9.13,,,,,
805,125.00,2.50,2.00,2.00,4.00,2.50,2.00,0.066,,11.83,242.42,1.00,,3.66,,,,,
806,125.00,2.50,2.00,2.00,4.00,2.50,6.00,0.066,,10.17,176.76,1.00,,2.88,,,,,
807,125.00,3.00,3.00,2.50,2.00,3.00,2.00,0.033,,12.02,268.60,1.00,,2.42,,,,,
808,125.00,3.00,3.00,2.50,2.00,3.00,6.00,0.033,,8.19,211.71,1.00,,1.50,,,,,
809,125.00,3.00,3.00,2.50,2.00,3.00,2.00,0.066,,31.65,245.10,1.00,,4.36,,,,,
810,125.00,3.00,3.00,2.50,2.00,3.00,6.00,0.066,,31.63,169.98,1.00,,2.29,,,,,
811,150.00,1.00,5.00,1.50,4.00,3.00,2.00,0.033,,9.60,179.91,1.00,,4.85,,,,,
812,150.00,1.00,5.00,1.50,4.00,3.00,6.00,0.033,,3.76,170.54,1.00,,4.70,,,,,
813,150.00,1.00,5.00,1.50,4.00,3.00,2.00,0.066,,17.64,185.10,1.00,,4.95,,,,,
814,150.00,1.00,5.00,1.50,4.00,3.00,6.00,0.066,,14.95,135.61,1.00,,4.22,,,,,
815,150.00,1.50,6.00,2.00,2.00,3.50,2.00,0.033,,30.83,183.44,1.00,,1.14,,,,,
816,150.00,1.50,6.00,2.00,2.00,3.50,6.00,0.033,,32.20,125.35,1.00,,3.50,,,,,
817,150.00,1.50,6.00,2.00,2.00,3.50,2.00,0.066,,81.66,167.04,1.00,,2.70,,,,,
818,150.00,1.50,6.00,2.00,2.00,3.50,6.00,0.066,,75.91,118.67,1.00,,2.94,,,,,
819,150.00,2.00,2.00,2.50,2.50,4.00,2.00,0.033,,19.78,225.65,1.00,,0.67,,,,,
820,150.00,2.00,2.00,2.50,2.50,4.00,6.00,0.033,,31.25,134.33,1.00,,1.54,,,,,
821,150.00,2.00,2.00,2.50,2.50,4.00,2.00,0.066,,46.15,214.34,1.00,,2.10,,,,,
822,150.00,2.00,2.00,2.50,2.50,4.00,6.00,0.066,,52.35,142.51,1.00,,1.98,,,,,
823,150.00,2.50,3.00,3.00,3.00,2.00,2.00,0.033,,2.07,405.61,1.00,,3.39,,,,,
824,150.00,2.50,3.00,3.00,3.00,2.00,6.00,0.033,,1.67,301.86,1.00,,4.95,,,,,
825,150.00,2.50,3.00,3.00,3.00,2.00,2.00,0.066,,9.83,304.04,1.00,,2.39,,,,,
826,150.00,2.50,3.00,3.00,3.00,2.00,6.00,0.066,,17.91,172.59,1.00,,2.79,,,,,
827,150.00,3.00,4.00,1.00,3.50,2.50,2.00,0.033,,2.39,411.67,1.00,,11.63,,,,,
828,150.00,3.00,4.00,1.00,3.50,2.50,6.00,0.033,,1.40,340.68,1.00,,3.21,,,,,
829,150.00,3.00,4.00,1.00,3.50,2.50,2.00,0.066,,7.80,349.45,1.00,,8.50,,,,,
830,150.00,3.00,4.00,1.00,3.50,2.50,6.00,0.066,,2.69,345.38,1.00,,6.08,,,,,
831,175.00,1.00,6.00,2.50,3.00,2.50,2.00,0.033,,10.73,201.75,1.00,,5.09,,,,,
832,175.00,1.00,6.00,2.50,3.00,2.50,6.00,0.033,,6.83,162.59,1.00,,1.76,,,,,
833,175.00,1.00,6.00,2.50,3.00,2.50,2.00,0.066,,25.69,189.99,1.00,,6.43,,,,,
834,175.00,1.00,6.00,2.50,3.00,2.50,6.00,0.066,,24.73,133.42,1.00,,1.46,,,,,
835,175.00,1.50,2.00,3.00,3.50,3.00,2.00,0.033,,1.97,404.88,1.00,,1.85,,,,,
836,175.00,1.50,2.00,3.00,3.50,3.00,6.00,0.033,,1.23,328.05,1.00,,3.49,,,,,
837,175.00,1.50,2.00,3.00,3.50,3.00,2.00,0.066,,18.22,242.86,1.00,,0.95,,,,,
838,175.00,1.50,2.00,3.00,3.50,3.00,6.00,0.066,,4.24,273.76,1.00,,2.02,,,,,
839,175.00,2.00,3.00,1.00,4.00,3.50,2.00,0.033,,1.77,460.72,1.00,,2.43,,,,,
840,175.00,2.00,3.00,1.00,4.00,3.50,6.00,0.033,,0.85,408.00,1.00,,1.41,,,,,
841,175.00,2.00,3.00,1.00,4.00,3.50,2.00,0.066,,11.88,307.48,1.00,,1.71,,,,,
842,175.00,2.00,3.00,1.00,4.00,3.50,6.00,0.066,,15.01,197.22,1.00,,1.51,,,,,
843,175.00,2.50,4.00,1.50,2.00,4.00,2.00,0.033,,13.41,330.35,1.00,,1.79,,,,,
844,175.00,2.50,4.00,1.50,2.00,4.00,6.00,0.033,,7.41,279.13,1.00,,1.75,,,,,
845,175.00,2.50,4.00,1.50,2.00,4.00,2.00,0.066,,36.46,298.18,1.00,,1.87,,,,,
846,175.00,2.50,4.00,1.50,2.00,4.00,6.00,0.066,,48.43,188.07,1.00,,1.94,,,,,
847,175.00,3.00,5.00,2.00,2.50,2.00,2.00,0.033,,3.15,441.15,1.00,,0.78,,,,,
848,175.00,3.00,5.00,2.00,2.50,2.00,6.00,0.033,,2.33,338.08,1.00,,0.96,,,,,
849,175.00,3.00,5.00,2.00,2.50,2.00,2.00,0.066,,22.69,287.87,1.00,,6.58,,,,,
850,175.00,3.00,5.00,2.00,2.50,2.00,6.00,0.066,,7.68,286.38,1.00,,1.11,,,,,
851,75.00,1.00,2.19,1.00,2.01,2.15,22.00,0.178,,476.59,28.11,1.00,,2.22,,,,,
852,75.00,3.00,6.00,3.00,4.00,4.00,22.00,0.144,,203.02,47.03,1.00,,3.80,,,,,
853,75.00,2.02,4.02,2.06,3.04,2.94,19.37,0.047,,50.31,47.45,1.00,,2.24,,,,,
854,100.00,1.96,4.87,2.97,2.00,2.44,19.22,0.260,,84.52,92.87,2.00,,1.19,,,,,
855,150.00,3.00,4.01,1.00,3.50,2.49,12.95,0.128,,15.04,187.58,2.00,,12.91,,,,,
856,175.00,1.49,2.02,2.99,3.49,2.98,10.07,0.046,,23.11,115.64,1.00,,5.19,,,,,
857,100.00,2.81,2.00,1.50,2.99,3.58,22.00,0.131,,113.27,69.96,2.00,,2.19,,,,,
858,125.00,1.00,4.00,3.00,2.50,3.50,6.04,0.070,,116.25,76.35,1.00,,1.01,,,,,
859,175.00,2.51,4.03,1.44,2.00,3.94,12.62,0.078,,22.02,200.50,2.00,,7.42,,,,,
860,175.00,1.00,5.96,2.50,3.02,2.49,10.41,1.058,,65.37,201.63,2.00,,3.87,,,,,
861,75.00,3.00,6.00,3.00,4.00,4.00,8.00,0.100,,95.51,74.98,1.00,,2.21,,,,,
862,75.00,3.00,6.00,3.00,4.00,4.00,14.00,0.100,,116.54,58.22,1.00,,2.04,,,,,
863,75.00,3.00,6.00,3.00,4.00,4.00,20.00,0.100,,142.18,48.38,1.00,,1.91,,,,,
864,75.00,3.00,6.00,3.00,4.00,4.00,8.00,0.150,,156.94,72.73,1.00,,1.18,,,,,
865,75.00,3.00,6.00,3.00,4.00,4.00,14.00,0.150,,192.23,56.41,1.00,,1.62,,,,,
866,75.00,3.00,6.00,3.00,4.00,4.00,20.00,0.150,,34.92,88.43,2.00,,3.11,,,,,
867,75.00,3.00,6.00,3.00,4.00,4.00,8.00,0.200,,227.21,70.76,1.00,,1.08,,,,,
868,75.00,3.00,6.00,3.00,4.00,4.00,14.00,0.200,,38.78,105.86,2.00,,6.33,,,,,
869,75.00,3.00,6.00,3.00,4.00,4.00,20.00,0.200,,45.58,89.07,2.00,,1.39,,,,,
870,75.00,3.00,6.00,3.00,4.00,4.00,8.00,0.050,,30.75,86.83,1.00,,1.77,,,,,
871,75.00,3.00,6.00,3.00,4.00,4.00,14.00,0.050,,35.48,68.70,1.00,,3.17,,,,,
872,75.00,3.00,6.00,3.00,4.00,4.00,20.00,0.050,,47.06,55.51,1.00,,2.35,,,,,
873,75.00,3.00,6.00,3.00,4.00,4.00,13.00,0.260,,53.60,106.32,2.00,,3.28,,,,,
874,150.00,3.00,4.01,1.00,3.50,2.49,8.00,0.100,,27.83,165.28,1.00,,3.60,,,,,
875,150.00,3.00,4.01,1.00,3.50,2.49,14.00,0.100,,35.74,126.19,1.00,,4.78,,,,,
876,150.00,3.00,4.01,1.00,3.50,2.49,20.00,0.100,,14.73,150.56,2.00,,3.88,,,,,
877,150.00,3.00,4.01,1.00,3.50,2.49,8.00,0.150,,15.06,232.17,2.00,,4.20,,,,,
878,150.00,3.00,4.01,1.00,3.50,2.49,14.00,0.150,,17.19,184.36,2.00,,3.07,,,,,
879,150.00,3.00,4.01,1.00,3.50,2.49,20.00,0.150,,19.84,156.06,2.00,,5.07,,,,,
880,150.00,3.00,4.01,1.00,3.50,2.49,8.00,0.200,,19.99,232.54,2.00,,2.41,,,,,
881,150.00,3.00,4.01,1.00,3.50,2.49,14.00,0.200,,23.63,182.51,2.00,,2.51,,,,,
882,150.00,3.00,4.01,1.00,3.50,2.49,20.00,0.200,,26.23,156.49,2.00,,3.99,,,,,
883,150.00,3.00,4.01,1.00,3.50,2.49,8.00,0.050,,9.23,189.54,1.00,,7.43,,,,,
884,150.00,3.00,4.01,1.00,3.50,2.49,14.00,0.050,,10.44,150.92,1.00,,4.70,,,,,
885,150.00,3.00,4.01,1.00,3.50,2.49,20.00,0.050,,12.69,125.60,1.00,,6.82,,,,,
886,150.00,3.00,4.01,1.00,3.50,2.49,13.00,0.260,,31.17,186.14,2.00,,2.16,,,,,
887,175.00,2.51,4.03,1.44,2.00,3.94,8.00,0.100,,24.57,245.03,2.00,,1.98,,,,,
888,175.00,2.51,4.03,1.44,2.00,3.94,14.00,0.100,,29.29,191.78,2.00,,2.77,,,,,
889,175.00,2.51,4.03,1.44,2.00,3.94,20.00,0.100,,30.63,167.75,2.00,,2.22,,,,,
890,175.00,2.51,4.03,1.44,2.00,3.94,8.00,0.150,,36.66,245.48,2.00,,1.45,,,,,
891,175.00,2.51,4.03,1.44,2.00,3.94,14.00,0.150,,39.87,198.08,2.00,,1.67,,,,,
892,175.00,2.51,4.03,1.44,2.00,3.94,20.00,0.150,,43.10,171.37,2.00,,1.72,,,,,
893,175.00,2.51,4.03,1.44,2.00,3.94,8.00,0.200,,48.27,246.51,2.00,,1.24,,,,,
894,175.00,2.51,4.03,1.44,2.00,3.94,14.00,0.200,,53.87,197.21,2.00,,1.53,,,,,
895,175.00,2.51,4.03,1.44,2.00,3.94,20.00,0.200,,55.68,173.18,2.00,,2.79,,,,,
896,175.00,2.51,4.03,1.44,2.00,3.94,8.00,0.050,,45.91,157.91,1.00,,2.55,,,,,
897,175.00,2.51,4.03,1.44,2.00,3.94,14.00,0.050,,13.46,197.24,2.00,,5.42,,,,,
898,175.00,2.51,4.03,1.44,2.00,3.94,20.00,0.050,,16.58,163.39,2.00,,4.63,,,,,
899,175.00,2.51,4.03,1.44,2.00,3.94,13.00,0.260,,71.45,200.80,2.00,,2.11,,,,,
900,175.00,1.00,5.96,2.50,3.02,2.49,8.00,0.100,,68.81,98.57,1.00,,1.30,,,,,
901,175.00,1.00,5.96,2.50,3.02,2.49,14.00,0.100,,81.49,77.31,1.00,,1.54,,,,,
902,175.00,1.00,5.96,2.50,3.02,2.49,20.00,0.100,,102.49,63.59,1.00,,2.70,,,,,
903,175.00,1.00,5.96,2.50,3.02,2.49,8.00,0.150,,118.63,94.10,1.00,,2.21,,,,,
904,175.00,1.00,5.96,2.50,3.02,2.49,14.00,0.150,,140.85,73.75,1.00,,1.26,,,,,
905,175.00,1.00,5.96,2.50,3.02,2.49,20.00,0.150,,165.88,62.00,1.00,,1.95,,,,,
906,175.00,1.00,5.96,2.50,3.02,2.49,8.00,0.200,,175.12,90.96,1.00,,1.43,,,,,
907,175.00,1.00,5.96,2.50,3.02,2.49,14.00,0.200,,204.85,71.64,1.00,,1.96,,,,,
908,175.00,1.00,5.96,2.50,3.02,2.49,20.00,0.200,,221.07,62.01,1.00,,1.52,,,,,
909,175.00,1.00,5.96,2.50,3.02,2.49,8.00,0.050,,23.89,111.31,1.00,,0.00,,,,,
910,175.00,1.00,5.96,2.50,3.02,2.49,14.00,0.050,,29.03,86.56,1.00,,1.70,,,,,
911,175.00,1.00,5.96,2.50,3.02,2.49,20.00,0.050,,37.01,70.88,1.00,,2.55,,,,,
912,175.00,1.00,5.96,2.50,3.02,2.49,13.00,0.260,,269.63,73.13,1.00,,2.10,,,,,
913,125.00,1.00,4.00,3.00,2.50,3.50,8.00,0.100,,175.76,67.17,1.00,,1.23,,,,,
914,125.00,1.00,4.00,3.00,2.50,3.50,14.00,0.100,,210.46,52.49,1.00,,1.83,,,,,
915,125.00,1.00,4.00,3.00,2.50,3.50,20.00,0.100,,242.47,44.46,1.00,,2.21,,,,,
916,125.00,1.00,4.00,3.00,2.50,3.50,8.00,0.150,,293.96,64.77,1.00,,2.33,,,,,
917,125.00,1.00,4.00,3.00,2.50,3.50,14.00,0.150,,337.18,51.35,1.00,,2.52,,,,,
918,125.00,1.00,4.00,3.00,2.50,3.50,20.00,0.150,,373.91,44.05,1.00,,3.20,,,,,
919,125.00,1.00,4.00,3.00,2.50,3.50,8.00,0.200,,413.23,63.64,1.00,,4.29,,,,,
920,125.00,1.00,4.00,3.00,2.50,3.50,14.00,0.200,,461.85,50.89,1.00,,3.64,,,,,
921,125.00,1.00,4.00,3.00,2.50,3.50,20.00,0.200,,495.63,44.13,1.00,,4.57,,,,,
922,125.00,1.00,4.00,3.00,2.50,3.50,8.00,0.050,,73.40,71.32,1.00,,1.70,,,,,
923,125.00,1.00,4.00,3.00,2.50,3.50,14.00,0.050,,89.14,55.47,1.00,,2.97,,,,,
924,125.00,1.00,4.00,3.00,2.50,3.50,20.00,0.050,,104.19,46.76,1.00,,2.56,,,,,
925,125.00,1.00,4.00,3.00,2.50,3.50,13.00,0.260,,581.38,52.72,1.00,,2.20,,,,,
926,100.00,2.81,2.00,1.50,2.99,3.58,8.00,0.100,,95.43,94.90,1.00,,0.70,,,,,
927,100.00,2.81,2.00,1.50,2.99,3.58,14.00,0.100,,81.02,83.17,2.00,,2.28,,,,,
928,100.00,2.81,2.00,1.50,2.99,3.58,20.00,0.100,,88.65,71.66,2.00,,1.82,,,,,
929,100.00,2.81,2.00,1.50,2.99,3.58,8.00,0.150,,102.42,106.10,2.00,,1.03,,,,,
930,100.00,2.81,2.00,1.50,2.99,3.58,14.00,0.150,,115.63,84.56,2.00,,1.48,,,,,
931,100.00,2.81,2.00,1.50,2.99,3.58,20.00,0.150,,115.17,75.18,2.00,,1.43,,,,,
932,100.00,2.81,2.00,1.50,2.99,3.58,8.00,0.200,,136.69,106.07,2.00,,1.18,,,,,
933,100.00,2.81,2.00,1.50,2.99,3.58,14.00,0.200,,153.53,84.68,2.00,,1.55,,,,,
934,100.00,2.81,2.00,1.50,2.99,3.58,20.00,0.200,,154.26,75.07,2.00,,1.74,,,,,
935,100.00,2.81,2.00,1.50,2.99,3.58,8.00,0.050,,38.36,102.06,1.00,,1.22,,,,,
936,100.00,2.81,2.00,1.50,2.99,3.58,14.00,0.050,,48.31,78.43,1.00,,2.17,,,,,
937,100.00,2.81,2.00,1.50,2.99,3.58,20.00,0.050,,60.79,64.50,1.00,,1.93,,,,,
938,100.00,2.81,2.00,1.50,2.99,3.58,13.00,0.260,,179.88,89.86,2.00,,1.59,,,,,
939,175.00,1.49,2.02,2.99,3.49,2.98,8.00,0.100,,59.96,117.85,1.00,,1.19,,,,,
940,175.00,1.49,2.02,2.99,3.49,2.98,14.00,0.100,,78.49,89.40,1.00,,1.85,,,,,
941,175.00,1.49,2.02,2.99,3.49,2.98,20.00,0.100,,89.37,76.02,1.00,,1.95,,,,,
942,175.00,1.49,2.02,2.99,3.49,2.98,8.00,0.150,,105.80,111.64,1.00,,1.24,,,,,
943,175.00,1.49,2.02,2.99,3.49,2.98,14.00,0.150,,121.48,88.47,1.00,,1.58,,,,,
944,175.00,1.49,2.02,2.99,3.49,2.98,20.00,0.150,,131.28,76.55,1.00,,2.23,,,,,
945,175.00,1.49,2.02,2.99,3.49,2.98,8.00,0.200,,141.53,111.52,1.00,,1.59,,,,,
946,175.00,1.49,2.02,2.99,3.49,2.98,14.00,0.200,,155.82,89.62,1.00,,1.54,,,,,
947,175.00,1.49,2.02,2.99,3.49,2.98,20.00,0.200,,84.32,97.65,2.00,,1.65,,,,,
948,175.00,1.49,2.02,2.99,3.49,2.98,8.00,0.050,,20.05,134.75,1.00,,3.36,,,,,
949,175.00,1.49,2.02,2.99,3.49,2.98,14.00,0.050,,23.52,106.04,1.00,,3.84,,,,,
950,175.00,1.49,2.02,2.99,3.49,2.98,20.00,0.050,,35.02,82.45,1.00,,2.29,,,,,
951,175.00,1.49,2.02,2.99,3.49,2.98,13.00,0.260,,95.46,118.04,2.00,,1.05,,,,,
952,100.00,1.96,4.87,2.97,2.00,2.44,8.00,0.100,,136.58,77.11,1.00,,0.75,,,,,
953,100.00,1.96,4.87,2.97,2.00,2.44,14.00,0.100,,162.83,60.35,1.00,,2.86,,,,,
954,100.00,1.96,4.87,2.97,2.00,2.44,20.00,0.100,,185.99,51.26,1.00,,4.95,,,,,
955,100.00,1.96,4.87,2.97,2.00,2.44,8.00,0.150,,230.51,74.14,1.00,,5.07,,,,,
956,100.00,1.96,4.87,2.97,2.00,2.44,14.00,0.150,,268.33,58.48,1.00,,3.62,,,,,
957,100.00,1.96,4.87,2.97,2.00,2.44,20.00,0.150,,288.93,50.66,1.00,,3.49,,,,,
958,100.00,1.96,4.87,2.97,2.00,2.44,8.00,0.200,,324.83,72.78,1.00,,2.70,,,,,
959,100.00,1.96,4.87,2.97,2.00,2.44,14.00,0.200,,371.30,57.76,1.00,,3.63,,,,,
960,100.00,1.96,4.87,2.97,2.00,2.44,20.00,0.200,,72.90,88.25,2.00,,3.08,,,,,
961,100.00,1.96,4.87,2.97,2.00,2.44,8.00,0.050,,44.80,88.74,1.00,,1.87,,,,,
962,100.00,1.96,4.87,2.97,2.00,2.44,14.00,0.050,,53.46,69.43,1.00,,1.91,,,,,
963,100.00,1.96,4.87,2.97,2.00,2.44,20.00,0.050,,61.83,58.73,1.00,,4.83,,,,,
964,100.00,1.96,4.87,2.97,2.00,2.44,13.00,0.260,,74.16,110.55,2.00,,1.31,,,,,
965,75.00,2.02,4.02,2.06,3.04,2.94,8.00,0.100,,89.44,67.57,1.00,,1.50,,,,,
966,75.00,2.02,4.02,2.06,3.04,2.94,14.00,0.100,,107.19,52.79,1.00,,2.20,,,,,
967,75.00,2.02,4.02,2.06,3.04,2.94,20.00,0.100,,139.53,42.93,1.00,,2.59,,,,,
968,75.00,2.02,4.02,2.06,3.04,2.94,8.00,0.150,,169.24,62.54,1.00,,1.75,,,,,
969,75.00,2.02,4.02,2.06,3.04,2.94,14.00,0.150,,200.47,49.05,1.00,,2.14,,,,,
970,75.00,2.02,4.02,2.06,3.04,2.94,20.00,0.150,,313.88,37.51,1.00,,3.49,,,,,
971,75.00,2.02,4.02,2.06,3.04,2.94,8.00,0.200,,273.68,58.64,1.00,,1.74,,,,,
972,75.00,2.02,4.02,2.06,3.04,2.94,14.00,0.200,,381.39,43.57,1.00,,2.02,,,,,
973,75.00,2.02,4.02,2.06,3.04,2.94,20.00,0.200,,316.77,41.15,1.00,,1.49,,,,,
974,75.00,2.02,4.02,2.06,3.04,2.94,8.00,0.050,,31.55,75.91,1.00,,1.43,,,,,
975,75.00,2.02,4.02,2.06,3.04,2.94,14.00,0.050,,35.71,60.44,1.00,,2.13,,,,,
976,75.00,2.02,4.02,2.06,3.04,2.94,20.00,0.050,,48.99,48.30,1.00,,1.87,,,,,
977,75.00,2.02,4.02,2.06,3.04,2.94,13.00,0.260,,372.89,49.11,1.00,,1.78,,,,,
978,75.00,1.00,2.19,1.00,2.01,2.15,8.00,0.100,,142.47,48.57,1.00,,6.84,,,,,
979,75.00,1.00,2.19,1.00,2.01,2.15,14.00,0.100,,195.98,36.24,1.00,,2.01,,,,,
980,75.00,1.00,2.19,1.00,2.01,2.15,20.00,0.100,,256.82,29.40,1.00,,9.08,,,,,
981,75.00,1.00,2.19,1.00,2.01,2.15,8.00,0.150,,292.62,43.74,1.00,,4.19,,,,,
982,75.00,1.00,2.19,1.00,2.01,2.15,14.00,0.150,,367.00,33.65,1.00,,6.24,,,,,
983,75.00,1.00,2.19,1.00,2.01,2.15,20.00,0.150,,425.03,28.45,1.00,,4.46,,,,,
984,75.00,1.00,2.19,1.00,2.01,2.15,8.00,0.200,,453.02,41.61,1.00,,2.37,,,,,
985,75.00,1.00,2.19,1.00,2.01,2.15,14.00,0.200,,564.77,32.08,1.00,,2.30,,,,,
986,75.00,1.00,2.19,1.00,2.01,2.15,20.00,0.200,,621.65,27.59,1.00,,4.06,,,,,
987,75.00,1.00,2.19,1.00,2.01,2.15,8.00,0.050,,44.94,56.63,1.00,,1.22,,,,,
988,75.00,1.00,2.19,1.00,2.01,2.15,14.00,0.050,,54.85,43.97,1.00,,1.56,,,,,
989,75.00,1.00,2.19,1.00,2.01,2.15,20.00,0.050,,74.24,35.29,1.00,,2.84,,,,,
990,75.00,1.00,2.19,1.00,2.01,2.15,13.00,0.260,,721.53,33.08,1.00,,2.94,,,,,
991,75,1.253690988,2.18651821,1.153998739,2.041811185,2.281945242,22,0.242474858,,304.9283807,39.34399717,2,,1.769326791,,,,,
992,75,2.999434865,5.885792798,2.999981744,3.998201337,3.976055455,20.96348771,0.166720571,,30.20730503,94.48617909,2,,2.923698959,,,,,
993,100,2.998118492,2.001855995,1.5,3.000964272,3.500983081,19.01407164,0.074108306,,65.64337035,73.95377562,1,,5.683323917,,,,,
994,125,1.133846581,4.104441538,3,2.551043011,3.550103437,6.390758847,0.050698895,,60.65088757,85.57289048,1,,1.644676033,,,,,
995,100,1.988997389,4.967420955,2.999999409,2.005715564,2.49205898,13.02193868,1.052566941,,258.5914298,117.2838806,2,,3.916934609,,,,,
996,125,2.494597918,5.996703776,1.27435151,3.736411161,2.064123078,19.12431467,0.528766709,,44.88188976,142.9715619,2,,3.06825578,,,,,
997,150,2.51072006,3,2.99999952,2.99469775,2.000000102,9.919498818,0.528767786,,86.5064695,172.9682205,2,,1.590263176,,,,,
998,175,1.074674909,5.999992555,2.424421547,3.000308385,2.427695033,9.441822058,1.057534257,,45.89735208,239.0679302,2,,2.711101099,,,,,